suggested_action,relevance,title,venue,year,doi,citations_s2,authors
recommend,0.485,Carbon dynamics in the Brazilian Cerrado: stocks and fluxes estimated by a model data fusion framework (CARDAMOM),,2020,10.5194/egusphere-egu2020-20772,0,E. Sousa-Neto; L. Smallman; J. Ometto; Mat Williams
recommend,0.455,Carbon uptake in Eurasian boreal forests dominates the high‐latitude net ecosystem carbon budget,Global Change Biology,2023,10.1111/gcb.16553,62,J. Watts; M. Farina; J. Kimball; L. Schiferl; Zhihua Liu; K. Arndt; D. Zona; A. Ballantyne; E. Euskirchen; F. Parmentier; M. Helbig; O. Sonnentag; T. Tagesson; J. Rinne; H. Ikawa; M. Ueyama; Hideki Kobayashi; T. Sachs; D. Nadeau; J. Kochendorfer; M. Jackowicz-Korczynski; Anna‐Maria Virkkala; M. Aurela; R. Commane; B. Byrne; L. Birch; Matthew S. Johnson; N. Madani; B. Rogers; Jinyang Du; A. Endsley; K. Savage; B. Poulter; Zhen Zhang; L. Bruhwiler; C. Miller; S. Goetz; W. Oechel
recommend,0.424,Congo Basin Carbon Cycle Responses to Global Change,Global Change Biology,2026,10.1111/gcb.70688,1,Sarah Worden; Rong Fu; A. A. Bloom; M. Bauters; H. Verbeeck; T. Fatoyinbo; W. Hubau; L. Koutika; S. K. Kengdo; Sybryn L. Maes; Vincent Medjibe; Nicholas J. Russo; Sassan Saatchi; L. B. Sagang; Thomas B. Smith; D. Sonwa; Pascal Boeckx; E. Ordway
recommend,0.394,Terrestrial gross primary production inferred from satellite fluorescence and vegetation models,Global Change Biology,2014,10.1111/gcb.12652,191,N. Parazoo; K. Bowman; J. Fisher; C. Frankenberg; Dylan B. A. Jones; A. Cescatti; Ó. Pérez-Priego; G. Wohlfahrt; Leonardo Montagnani
recommend,0.394,Reference carbon cycle dataset for typical Chinese forests via colocated observations and data assimilation,Scientific Data,2021,10.1038/s41597-021-00826-w,27,Honglin He; R. Ge; X. Ren; Li Zhang; Qingqing Chang; Qian Xu; Guoyi Zhou; Zongqiang Xie; Silong Wang; Huimin Wang; Qibin Zhang; An-zhi Wang; Z. Fan; Yiping Zhang; W. Shen; H. Yin; Luxiang Lin; Mat Williams; Guirui Yu
recommend,0.394,Improved process representation of leaf phenology significantly shifts climate sensitivity of ecosystem carbon balance,Biogeosciences,2023,10.5194/bg-20-2455-2023,18,A. Norton; A. Bloom; N. Parazoo; P. Levine; Shuang Ma; R. Braghiere; T. Smallman
recommend,0.394,Diagnosing Spring Onset Across the North American Arctic‐Boreal Region Using Complementary Satellite Environmental Data Records,Journal of Geophysical Research: Biogeosciences,2024,10.1029/2023jg007977,4,Youngwook Kim; John S. Kimball; N. Parazoo; Xiaolan Xu; A. Colliander; R. Reichle; Jingfeng Xiao; Xing Li
recommend,0.364,"Inverse modelling of carbonyl sulfide: implementation, evaluation and implications for the global budget",Atmospheric Chemistry and Physics,2020,10.5194/acp-2020-603,55,Jin Ma; Linda M. J. Kooijmans; A. Cho; S. Montzka; N. Glatthor; J. Worden; L. Kuai; E. Atlas; M. Krol
recommend,0.364,A model inter-comparison study to examine limiting factors in modelling Australian tropical savannas,,2016,10.5194/bg-13-3245-2016,43,Rhys Whitley; J. Beringer; L. Hutley; G. Abramowitz; M. D. Kauwe; R. Duursma; Bradley J. Evans; V. Haverd; Longhui Li; Y. Ryu; Benjamin Smith; Ying‐ping Wang; Mat Williams; Qiang Yu
recommend,0.364,Vegetation Functional Properties Determine Uncertainty of Simulated Ecosystem Productivity: A Traceability Analysis in the East Asian Monsoon Region,Global Biogeochemical Cycles,2019,10.1029/2018gb005909,40,Erqian Cui; Kun Huang; M. A. Arain; J. Fisher; D. Huntzinger; A. Ito; Yiqi Luo; A. Jain; J. Mao; A. Michalak; S. Niu; N. Parazoo; C. Peng; S. Peng; B. Poulter; D. Ricciuto; K. Schaefer; C. Schwalm; Xiaoying Shi; H. Tian; Weile Wang; Jinsong Wang; Yaxing Wei; Enrong Yan; Liming Yan; N. Zeng; Qiu'an Zhu; J. Xia
recommend,0.364,Effects of heat and drought on carbon and water dynamics in a regenerating semi-arid pine forest: a combined experimental and modeling approach,,2014,10.5194/bg-11-4139-2014,39,N. Ruehr; B. Law; D. Quandt; Mat Williams
recommend,0.364,"Modelling climate change responses in tropical forests: similar productivity estimates across five models, but different mechanisms and responses",,2014,10.5194/gmd-8-1097-2015,39,L. Rowland; A. Harper; B. Christoffersen; D. Galbraith; H. Imbuzeiro; T. Powell; C. Doughty; N. Levine; Y. Malhi; S. Saleska; P. Moorcroft; P. Meir; Mat Williams
recommend,0.364,Detecting drought impact on terrestrial biosphere carbon fluxes over contiguous US with satellite observations,Environmental Research Letters,2018,10.1088/1748-9326/aad5ef,35,Junjie Liu; K. Bowman; N. Parazoo; A. Bloom; D. Wunch; Zhe Jiang; K. Gurney; D. Schimel
recommend,0.364,"Atmospheric CO2 inversion reveals the Amazon as a minor carbon source caused by fire emissions, with forest uptake offsetting about half of these emissions",Atmospheric Chemistry and Physics,2023,10.5194/acp-23-9685-2023,27,L. Basso; C. Wilson; M. Chipperfield; Graciela Tejada; H. Cassol; E. Arai; Mat Williams; T. Smallman; W. Peters; S. Naus; John B. Miller; M. Gloor
recommend,0.364,Below-surface water mediates the response of African forests to reduced rainfall,Environmental Research Letters,2020,10.1088/1748-9326/ab724a,24,N. Madani; J. S. Kimball; N. Parazoo; Ashley P. Ballantyne; T. Tagesson; L. Jones; R. Reichle; Paul I Palmer; I. Velicogna; A. Bloom; S. Saatchi; Zhihua Liu; A. Geruo
recommend,0.364,Seasonal timing of fluorescence and photosynthetic yields at needle and canopy scales in evergreen needleleaf forests.,Ecology,2024,10.1002/ecy.4402,19,Z. Pierrat; T. S. Magney; A. Maguire; Logan Brissette; Russell Doughty; D. Bowling; Barry A Logan; N. Parazoo; C. Frankenberg; Jochen Stutz
recommend,0.364,Neutral Tropical African CO2 Exchange Estimated From Aircraft and Satellite Observations,Global Biogeochemical Cycles,2023,10.1029/2023gb007804,12,B. Gaubert; Britton B. Stephens; David F. Baker; S. Basu; M. Bertolacci; K. Bowman; R. Buchholz; A. Chatterjee; F. Chevallier; R. Commane; Noel Cressie; F. Deng; Nicole Jacobs; Matthew S. Johnson; S. Maksyutov; K. McKain; Junjie Liu; Zhiqiang Liu; Eric J. Morgan; C. O’Dell; Sajeev Philip; E. Ray; D. Schimel; Andrew E. Schuh; T. Taylor; Brad Weir; D. van Wees; S. Wofsy; A. Zammit‐Mangion; Ning Zeng
recommend,0.364,Resolving temperature limitation on spring productivity in an evergreen conifer forest using a model-data fusion framework,,2021,10.5194/bg-2021-152,8,Stephanie G. Stettz; N. Parazoo; A. Bloom; P. Blanken; D. Bowling; S. Burns; C. Bacour; F. Maignan; B. Raczka; A. Norton; I. Baker; Mat Williams; M. Shi; Yongguang Zhang; Bo Qiu
recommend,0.364,Remote‐Sensing Derived Trends in Gross Primary Production Explain Increases in the CO2 Seasonal Cycle Amplitude,Global Biogeochemical Cycles,2022,10.1029/2021gb007220,8,Liyin He; B. Byrne; Yi Yin; Junjie Liu; C. Frankenberg
recommend,0.364,"Scale variance in the carbon dynamics of fragmented, mixed-use landscapes estimated using model–data fusion",Biogeosciences,2023,10.5194/bg-20-3301-2023,5,D. Milodowski; T. Smallman; Mat Williams
recommend,0.364,Assessment of Landscape‐Scale Fluxes of Carbon Dioxide and Methane in Subtropical Coastal Wetlands of South Florida,Journal of Geophysical Research - Biogeosciences,2024,10.1029/2024jg008165,5,E. Delaria; Glenn M. Wolfe; Kaitlyn Blanock; R. Hannun; K. Thornhill; Paul A. Newman; L. Lait; S. Kawa; J. Álvarez; Spencer Blum; E. Castañeda‐Moya; Christopher D. Holmes; D. Lagomasino; S. Malone; Dylan Murphy; Steven F. Overbauer; Chandler Pruett; Aaron Serre; G. Starr; Robert Szot; Tiffany Troxler; D. Yannick; B. Poulter
recommend,0.364,Accelerated Carbon and Water Cycles in the Amazon and Congo Basins Revealed From TRENDY Models and Remote Sensing Products,Global Biogeochemical Cycles,2026,10.1029/2025gb008747,0,Mingjie Shi; Yilin Fang; Nate McDowell; C. Koven; Junjie Liu; L. Kuai; S. Sitch; L. Leung
recommend,0.333,Global Analysis of Bioclimatic Controls on Ecosystem Productivity Using Satellite Observations of Solar-Induced Chlorophyll Fluorescence,Remote Sensing,2017,10.3390/rs9060530,74,N. Madani; J. Kimball; L. Jones; N. Parazoo; K. Guan
recommend,0.333,Land carbon models underestimate the severity and duration of drought’s impact on plant productivity,Scientific Reports,2019,10.1038/s41598-019-39373-1,67,H. Kolus; D. Huntzinger; C. Schwalm; J. Fisher; N. McKay; Yuanyuan Fang; A. Michalak; K. Schaefer; Yaxing Wei; B. Poulter; J. Mao; N. Parazoo; Xiaoying Shi
recommend,0.333,Lagged effects regulate the inter-annual variability of the tropical carbon balance,Biogeosciences,2020,10.5194/bg-17-6393-2020,55,A. Bloom; K. Bowman; Junjie Liu; A. Konings; J. Worden; N. Parazoo; V. Meyer; J. Reager; H. Worden; Zhe Jiang; G. R. Quetin; T. Smallman; J. Exbrayat; Yi Yin; S. Saatchi; Mat Williams; D. Schimel
recommend,0.333,Cropland Carbon Uptake Delayed and Reduced by 2019 Midwest Floods,AGU Advances,2020,10.1029/2019av000140,51,Yi Yin; B. Byrne; Junjie Liu; P. Wennberg; K. Davis; T. Magney; P. Köhler; Liyin He; R. Jeyaram; V. Humphrey; T. Gerken; S. Feng; J. Digangi; C. Frankenberg
recommend,0.333,The Impacts of Climate and Wildfire on Ecosystem Gross Primary Productivity in Alaska,Journal of Geophysical Research - Biogeosciences,2021,10.1029/2020jg006078,29,N. Madani; N. Parazoo; J. Kimball; R. Reichle; A. Chatterjee; J. Watts; S. Saatchi; Zhihua Liu; A. Endsley; T. Tagesson; B. Rogers; Liang Xu; Jonathan A. Wang; T. Magney; C. Miller
recommend,0.333,Respiratory loss during late-growing season determines the net carbon dioxide sink in northern permafrost regions,Nature Communications,2022,10.1038/s41467-022-33293-x,28,Zhihua Liu; J. Kimball; A. Ballantyne; N. Parazoo; Wen J. Wang; A. Bastos; N. Madani; S. Natali; J. Watts; B. Rogers; P. Ciais; Kailiang Yu; Anna‐Maria Virkkala; F. Chevallier; W. Peters; P. Patra; N. Chandra
recommend,0.333,Forests for forests: combining vegetation indices with solar-induced chlorophyll fluorescence in random forest models improves gross primary productivity prediction in the boreal forest,Environmental Research Letters,2022,10.1088/1748-9326/aca5a0,27,Z. Pierrat; J. Bortnik; Bruce Johnson; A. Barr; T. Magney; D. Bowling; N. Parazoo; C. Frankenberg; U. Seibt; J. Stutz
recommend,0.333,Investigating the sensitivity of soil heterotrophic respiration to recent snow cover changes in Alaska using a satellite-based permafrost carbon model,,2020,10.5194/bg-17-5861-2020,23,Y. Yi; J. Kimball; J. Watts; S. Natali; D. Zona; Junjie Liu; M. Ueyama; Hideki Kobayashi; W. Oechel; C. Miller
recommend,0.333,Parameter uncertainty dominates C-cycle forecast errors over most of Brazil for the 21st century,Earth System Dynamics,2021,10.5194/esd-12-1191-2021,17,T. Smallman; D. Milodowski; E. S. Neto; Gerbrand Koren; J. Ometto; Mat Williams
recommend,0.333,Parameter uncertainty dominates C cycle forecast errors over most of Brazil for the 21st Century,,2021,10.5194/esd-2021-17,16,T. Smallman; D. Milodowski; E. S. Neto; Gerbrand Koren; J. Ometto; Mat Williams
recommend,0.333,Constraining Plant Hydraulics With Microwave Radiometry in a Land Surface Model: Impacts of Temporal Resolution,Water Resources Research,2023,10.1029/2023wr035481,5,N. Holtzman; Yujie Wang; Jeffrey D. Wood; C. Frankenberg; A. Konings
recommend,0.333,Resolving temperature limitation on spring productivity in an evergreen conifer forest using a model–data fusion framework,Biogeosciences,2022,10.5194/bg-19-541-2022,3,Stephanie G. Stettz; N. Parazoo; A. Bloom; P. Blanken; D. Bowling; S. Burns; C. Bacour; F. Maignan; B. Raczka; A. Norton; I. Baker; Mat Williams; M. Shi; Yongguang Zhang; Bo Qiu
recommend,0.333,Cropland carbon uptake delayed by 2019 U.S. Midwest floods,,2020,10.5194/egusphere-egu2020-12141,0,Yi Yin; B. Byrne; Junjie Liu; P. Wennberg; P. Köhler; V. Humphrey; T. Magney; K. Davis; T. Gerken; S. Feng; J. Digangi; C. Frankenberg
recommend,0.303,Detecting forest response to droughts with global observations of vegetation water content,Global Change Biology,2021,10.1111/gcb.15872,177,A. Konings; S. Saatchi; C. Frankenberg; Michael Keller; V. Leshyk; W. Anderegg; V. Humphrey; A. Matheny; A. Trugman; L. Sack; E. Agee; M. Barnes; O. Binks; K. Cawse-Nicholson; B. Christoffersen; D. Entekhabi; P. Gentine; N. Holtzman; G. Katul; Yanlan Liu; M. Longo; J. Martínez‐Vilalta; N. McDowell; P. Meir; Maurizio Mencuccini; Assaad Mrad; K. Novick; R. Oliveira; P. Siqueira; S. Steele‐Dunne; D. Thompson; Yujie Wang; R. Wehr; J. Wood; Xiangtao Xu; P. Zuidema
recommend,0.303,"Constraining ecosystem carbon dynamics in a data-limited world: integrating ecological ""common sense"" in a model-data fusion framework",,2014,10.5194/bg-12-1299-2015,147,A. Bloom; Mat Williams
recommend,0.303,Reviews and syntheses: Carbonyl sulfide as a multi-scale tracer for carbon and water cycles,Biogeosciences,2017,10.5194/bg-15-3625-2018,146,M. Whelan; S. Lennartz; T. Gimeno; R. Wehr; G. Wohlfahrt; Yuting Wang; Linda M. J. Kooijmans; T. Hilton; S. Belviso; P. Peylin; R. Commane; Wu Sun; Huilin Chen; L. Kuai; I. Mammarella; K. Maseyk; M. Berkelhammer; King‐Fai Li; D. Yakir; A. Zumkehr; Y. Katayama; J. Ogée; F. Spielmann; Florian Kitz; B. Rastogi; J. Kesselmeier; J. Marshall; Kukka-Maaria Erkkilä; L. Wingate; L. Meredith; Wei He; Rüdiger Bunk; T. Launois; T. Vesala; J. Schmidt; C. Fichot; U. Seibt; S. Saleska; E. Saltzman; S. Montzka; J. Berry; Jesse W. Campbell
recommend,0.303,Large and projected strengthening moisture limitation on end-of-season photosynthesis,Proceedings of the National Academy of Sciences of the United States of America,2020,10.1073/pnas.1914436117,128,Yao Zhang; Yao Zhang; N. Parazoo; A. P. Williams; Sha Zhou; P. Gentine
recommend,0.303,A regional high-resolution carbon flux inversion of North America for 2004,,2010,10.5194/bg-7-1625-2010,116,A. Schuh; A. Denning; K. Corbin; I. Baker; M. Uliasz; N. Parazoo; A. Andrews; D. Worthy
recommend,0.303,Detecting the permafrost carbon feedback: talik formation and increased cold-season respiration as precursors to sink-to-source transitions,,2017,10.5194/tc-12-123-2018,68,N. Parazoo; C. Koven; D. Lawrence; V. Romanovsky; C. Miller
recommend,0.303,Spring photosynthetic onset and net CO2 uptake in Alaska triggered by landscape thawing,Global Change Biology,2018,10.1111/gcb.14283,64,N. Parazoo; A. Arneth; T. Pugh; Ben Smith; N. Steiner; K. Luus; R. Commane; J. Benmergui; E. Stofferahn; Junjie Liu; C. Rödenbeck; R. Kawa; E. Euskirchen; D. Zona; K. Arndt; W. Oechel; C. Miller
recommend,0.303,Increased high‐latitude photosynthetic carbon gain offset by respiration carbon loss during an anomalous warm winter to spring transition,Global Change Biology,2019,10.1111/gcb.14863,61,Zhihua Liu; J. Kimball; N. Parazoo; A. Ballantyne; Wen J. Wang; N. Madani; C. Pan; J. Watts; R. Reichle; O. Sonnentag; P. Marsh; M. Hurkuck; M. Helbig; W. Quinton; D. Zona; M. Ueyama; Hideki Kobayashi; E. Euskirchen
recommend,0.303,Global and Brazilian Carbon Response to El Niño Modoki 2011–2010,,2017,10.1002/2016ea000204,59,K. Bowman; K. Bowman; Junjie Liu; A. Bloom; N. Parazoo; Meemong Lee; Zhe Jiang; D. Menemenlis; M. Gierach; G. Collatz; K. Gurney; D. Wunch
recommend,0.303,A model using marginal efficiency of investment to analyze carbon and nitrogen interactions in terrestrial ecosystems (ACONITE Version 1),,2014,10.5194/gmd-7-2015-2014,50,R. Q. Thomas; Mat Williams
recommend,0.303,Spatial heterogeneity of global forest aboveground carbon stocks and fluxes constrained by spaceborne lidar data and mechanistic modeling,Global Change Biology,2023,10.1111/gcb.16682,45,Lei Ma; G. Hurtt; Hao Tang; R. Lamb; A. Lister; L. Chini; R. Dubayah; J. Armston; E. Campbell; L. Duncanson; S. Healey; J. O'Neil-Dunne; L. Ott; B. Poulter; Quan Shen
recommend,0.303,Evaluation of seasonal atmosphere–biosphere exchange estimations with TCCON measurements,,2013,10.5194/acp-13-5103-2013,40,J. Messerschmidt; N. Parazoo; D. Wunch; N. Deutscher; C. Roehl; T. Warneke; P. Wennberg
recommend,0.303,Observational Constraints on the Response of High‐Latitude Northern Forests to Warming,AGU Advances,2020,10.1029/2020av000228,33,Junjie Liu; P. Wennberg; N. Parazoo; Yi Yin; C. Frankenberg
recommend,0.303,Multi-year observations reveal a larger than expected autumn respiration signal across northeast Eurasia,Biogeosciences,2022,10.5194/bg-19-4779-2022,21,B. Byrne; Junjie Liu; Y. Yi; A. Chatterjee; S. Basu; Rui Cheng; R. Doughty; F. Chevallier; K. Bowman; N. Parazoo; D. Crisp; Xing Li; J. Xiao; S. Sitch; B. Guenet; F. Deng; Matthew S. Johnson; Sajeev Philip; P. McGuire; C. Miller
recommend,0.303,China's Terrestrial Carbon Sink Over 2010–2015 Constrained by Satellite Observations of Atmospheric CO2 and Land Surface Variables,Journal of Geophysical Research - Biogeosciences,2022,10.1029/2021jg006644,20,W. He; Fei Jiang; Mousong Wu; W. Ju; M. Scholze; Zhi Chen; B. Byrne; Junjie Liu; Hengmao Wang; Jun Wang; Songhan Wang; Yanlian Zhou; Chunhua Zhang; Ngoc Tu Nguyen; Yang Shen; Jing M. Chen
recommend,0.303,Lagged effects dominate the inter-annual variability of the 2010–2015 tropical carbon balance,,2020,10.5194/bg-2019-459,10,A. Bloom; K. Bowman; Junjie Liu; A. Konings; J. Worden; N. Parazoo; V. Meyer; J. Reager; H. Worden; Zhe Jiang; G. R. Quetin; T. Smallman; J. Exbrayat; Yi Yin; S. Saatchi; Mat Williams; D. Schimel
recommend,0.303,Exposure to cold temperature affects the spring phenology of Alaskan deciduous vegetation types,Environmental Research Letters,2020,10.1088/1748-9326/ab6502,10,M. Shi; N. Parazoo; Sujong Jeong; L. Birch; P. Lawrence; E. Euskirchen; C. Miller
recommend,0.303,"The Ecosystem as Super-organ/Ism, Revisited: Scaling Hydraulics to Forests under Climate Change.",Integrative and Comparative Biology,2024,10.1093/icb/icae073,7,Jeffrey D. Wood; Matteo Detto; Marvin Browne; Nathan J. B. Kraft; A. Konings; Joshua B. Fisher; G. R. Quetin; A. Trugman; T. S. Magney; Camila D. Medeiros; Nidhi Vinod; Thomas N. Buckley; L. Sack
recommend,0.303,Spatial Attribution of Temporal Variability in Global Land‐Atmosphere CO2 Exchange Using a Model‐Data Integration Framework,Journal of Advances in Modeling Earth Systems,2025,10.1029/2024ms004479,3,H. Lee; M. Jung; N. Carvalhais; M. Reichstein; M. Forkel; A. A. Bloom; J. Pacheco-Labrador; S. Koirala
recommend,0.303,Response to referee’s comments on “Investigating the sensitivity of soil respiration to recent snow cover changes in Alaska using a satellite-based permafrost carbon model”,,2020,10.5194/bg-2020-182,1,Y. Yi; J. Kimball; J. Watts; S. Natali; D. Zona; Junjie Liu; M. Ueyama; Hideki Kobayashi; W. Oechel; C. Miller
recommend,0.303,Disentangling Climate and Disturbance Effects on Regional Vegetation Greening Trends,Ecosystems,2018,10.1007/s10021-018-0309-2,1,K. Emmett; K. Renwick; B. Poulter
recommend,0.303,Quantifying forest growth and uncertainty across Brazil under potential future climates: combing models and Earth Observation,,2020,10.5194/egusphere-egu2020-16550,0,T. Smallman; D. Milodowski; Mat Williams
recommend,0.273,Global Carbon Budget 2022,Earth System Science Data,2022,10.5194/essd-14-4811-2022,441,P. Friedlingstein; Michael O’Sullivan; Matthew W. Jones; R. Andrew; L. Gregor; J. Hauck; Corinne Le Quéré; I. Luijkx; A. Olsen; Glen P. Peters; W. Peters; J. Pongratz; C. Schwingshackl; S. Sitch; J. Canadell; P. Ciais; R. Jackson; Simone R. Alin; R. Alkama; A. Arneth; Vivek K. Arora; N. Bates; M. Becker; N. Bellouin; Henry C. Bittig; L. Bopp; F. Chevallier; L. Chini; Margot Cronin; W. Evans; Stefanie Falk; R. Feely; Thomas Gasser; M. Gehlen; T. Gkritzalis; L. Gloege; Giacomo Grassi; N. Gruber; Özgür Gürses; Ian Harris; Matthew Hefner; Richard A. Houghton; G. Hurtt; Y. Iida; T. Ilyina; A. Jain; A. Jersild; Koji Kadono; Estsushi Kato; Daniel Kennedy; K. Klein Goldewijk; J. Knauer; J. I. Korsbakken; P. Landschützer; Nathalie Lefèvre; Keith Lindsay; Junjie Liu; Zhu Liu; G. Marland; N. Mayot; Matthew J. McGrath; N. Metzl; N. Monacci; David R. Munro; S. Nakaoka; Y. Niwa; Kevin M. O'Brien; T. Ono; P. Palmer; N. Pan; D. Pierrot; Katie Pocock; B. Poulter; L. Resplandy; E. Robertson; C. Rödenbeck; C. Rodriguez; T. Rosan; J. Schwinger; R. Séférian; J.D. Shutler; I. Skjelvan; T. Steinhoff; Qing Sun; Adrienne J. Sutton; Colm Sweeney; Shintaro Takao; T. Tanhua; P. Tans; Xiangjun Tian; H. Tian; B. Tilbrook; H. Tsujino; F. Tubiello; G. R. van der Werf; Anthony P. Walker; R. Wanninkhof; C. Whitehead; Anna Willstrand Wranne; R. Wright; Wenping Yuan; Chao Yue; Xu Yue; S. Zaehle; Jiye Zeng; Bo Zheng
recommend,0.273,Global Methane Budget 2000–2020,Earth System Science Data,2025,10.5194/essd-17-1873-2025,372,M. Saunois; Adrien Martinez; B. Poulter; Zhen Zhang; P. Raymond; Pierre Regnier; J. Canadell; R. Jackson; P. Patra; Philippe Bousquet; P. Ciais; E. Dlugokencky; X. Lan; George H. Allen; D. Bastviken; D. Beerling; Dmitry A. Belikov; Donald R. Blake; Simona Castaldi; Monica Crippa; B. Deemer; Fraser Dennison; G. Etiope; N. Gedney; L. Höglund-Isaksson; M. Holgerson; P. Hopcroft; G. Hugelius; Akihiko Ito; A. Jain; R. Janardanan; Matthew S. Johnson; T. Kleinen; P. Krummel; R. Lauerwald; Tingting Li; Xiangyu Liu; Kyle C. McDonald; J. Melton; J. Mühle; Jurek Müller; F. Murguía-Flores; Y. Niwa; S. Noce; S. Pan; R. Parker; Changhui Peng; M. Ramonet; W. Riley; G. Rocher‐Ros; J. Rosentreter; M. Sasakawa; A. Segers; Steven J. Smith; Emily H. Stanley; Joël Thanwerdas; H. Tian; A. Tsuruta; F. Tubiello; Thomas S. Weber; G. R. van der Werf; Doug Worthy; Yi Xi; Y. Yoshida; Wenxin Zhang; Bo-Yan Zheng; Qing Zhu; Qiuan Zhu; Q. Zhuang
recommend,0.273,Current systematic carbon-cycle observations and the need for implementing a policy-relevant carbon observing system,,2013,10.5194/bg-11-3547-2014,236,P. Ciais; A. Dolman; A. Bombelli; R. Duren; A. Peregon; P. Rayner; C. Miller; N. Gobron; G. Kinderman; G. Marland; N. Gruber; F. Chevallier; R. Andres; G. Balsamo; L. Bopp; F. Bréon; G. Broquet; R. Dargaville; T. Battin; A. Borges; H. Bovensmann; M. Buchwitz; J. Butler; J. Canadell; R. Cook; R. DeFries; R. Engelen; K. Gurney; C. Heinze; M. Heimann; A. Held; M. Henry; B. Law; S. Luyssaert; John B. Miller; T. Moriyama; C. Moulin; R. Myneni; C. Nussli; M. Obersteiner; D. Ojima; Y. Pan; J. Paris; S. Piao; B. Poulter; S. Plummer; S. Quegan; P. Raymond; M. Reichstein; L. Rivier; C. Sabine; D. Schimel; O. Tarasova; R. Valentini; Rong Wang; G. Werf; D. Wickland; Mat Williams; C. Zehner
recommend,0.273,PREDICTING GROSS PRIMARY PRODUCTIVITY IN TERRESTRIAL ECOSYSTEMS,,1997,10.1890/1051-0761(1997)007[0882:pgppit]2.0.co;2,202,Mat Williams; E. Rastetter; David N. Fernandes; Michel Goulden; G. Shaver; L. Johnson
recommend,0.273,Trends and Drivers of Terrestrial Sources and Sinks of Carbon Dioxide: An Overview of the TRENDY Project,Global Biogeochemical Cycles,2024,10.1029/2024gb008102,111,S. Sitch; Mike O’Sullivan; E. Robertson; P. Friedlingstein; Clément Albergel; P. Anthoni; A. Arneth; V. Arora; A. Bastos; V. Bastrikov; N. Bellouin; J. Canadell; L. Chini; P. Ciais; Stefanie Falk; Ian Harris; G. Hurtt; Akihiko Ito; A. Jain; Matthew W. Jones; F. Joos; Estsushi Kato; Daniel Kennedy; K. Klein Goldewijk; E. Kluzek; J. Knauer; Peter J. Lawrence; D. Lombardozzi; J. Melton; J. Nabel; N. Pan; P. Peylin; J. Pongratz; B. Poulter; T. Rosan; Qing Sun; Hanqin Tian; Anthony P. Walker; U. Weber; Wenping Yuan; Xu Yue; S. Zaehle
recommend,0.273,L-band vegetation optical depth as an indicator of plant water potential in a temperate deciduous forest stand,Biogeosciences,2020,10.5194/bg-2020-373,89,N. Holtzman; L. Anderegg; S. Kraatz; A. Mavrovic; O. Sonnentag; C. Pappas; M. Cosh; A. Langlois; T. Lakhankar; D. Tesser; N. Steiner; A. Colliander; A. Roy; A. Konings
recommend,0.273,Recent Amplified Global Gross Primary Productivity Due to Temperature Increase Is Offset by Reduced Productivity Due to Water Constraints,AGU Advances,2020,10.1029/2020av000180,82,N. Madani; N. Parazoo; J. Kimball; A. Ballantyne; R. Reichle; M. Maneta; S. Saatchi; P. Palmer; Zhihua Liu; T. Tagesson
recommend,0.273,Challenges and opportunities in land surface modelling of savanna ecosystems,,2017,10.5194/bg-14-4711-2017,61,Rhys Whitley; J. Beringer; L. Hutley; G. Abramowitz; M. D. Kauwe; Bradley J. Evans; V. Haverd; Longhui Li; C. Moore; Y. Ryu; S. Scheiter; S. Schymanski; Benjamin Smith; Ying‐ping Wang; Mat Williams; Qiang Yu
recommend,0.273,A model for urban biogenic CO2 fluxes: Solar-Induced Fluorescence for Modeling Urban biogenic Fluxes (SMUrF v1),Geoscientific Model Development,2020,10.5194/gmd-2020-301,42,Dien Wu; John C. Lin; H. Duarte; V. Yadav; N. Parazoo; T. Oda; E. Kort
recommend,0.273,Amplification of the Ocean Carbon Sink During El Niños: Role of Poleward Ekman Transport and Influence on Atmospheric CO2,Global Biogeochemical Cycles,2020,10.1029/2020gb006574,42,Enhui Liao; L. Resplandy; Junjie Liu; K. Bowman
recommend,0.273,The key role of forest disturbance in reconciling estimates of the northern carbon sink,Communications Earth & Environment,2024,10.1038/s43247-024-01827-4,39,Michael O’Sullivan; S. Sitch; P. Friedlingstein; I. Luijkx; W. Peters; T. Rosan; A. Arneth; V. Arora; N. Chandra; F. Chevallier; P. Ciais; Stefanie Falk; Lianggang Feng; T. Gasser; Richard A. Houghton; A. Jain; Estsushi Kato; Daniel Kennedy; J. Knauer; Matthew J. McGrath; Y. Niwa; P. Palmer; P. Patra; J. Pongratz; B. Poulter; C. Rödenbeck; C. Schwingshackl; Qing Sun; Hanqin Tian; Anthony P. Walker; Dongxu Yang; W. Yuan; Xu Yue; S. Zaehle
recommend,0.273,Wide discrepancies in the magnitude and direction of modeled solar-induced chlorophyll fluorescence in response to light conditions,,2020,10.5194/bg-17-3733-2020,38,N. Parazoo; T. Magney; A. Norton; B. Raczka; C. Bacour; F. Maignan; I. Baker; Yongguang Zhang; Bo Qiu; M. Shi; N. Macbean; D. Bowling; S. Burns; P. Blanken; J. Stutz; K. Grossmann; C. Frankenberg
recommend,0.273,Synthesis of the land carbon fluxes of the Amazon region between 2010 and 2020,Communications Earth &amp; Environment,2024,10.1038/s43247-024-01205-0,35,T. Rosan; S. Sitch; Michael O’Sullivan; L. Basso; Chris Wilson; C. Silva; Emanuel Gloor; Dominic Fawcett; Viola H. A. Heinrich; Jefferson G. Souza; F. G. Bezerra; C. von Randow; L. Mercado; L. Gatti; A. Wiltshire; P. Friedlingstein; J. Pongratz; C. Schwingshackl; Mathew Williams; L. Smallman; J. Knauer; Vivek K. Arora; Daniel Kennedy; Hanqin Tian; W. Yuan; A. Jain; Stefanie Falk; B. Poulter; A. Arneth; Qing Sun; S. Zaehle; Anthony P. Walker; Etsushi Kato; Xu Yue; Ana Bastos; P. Ciais; J. Wigneron; Clément Albergel; L. E. Aragão
recommend,0.273,Peak growing season patterns and climate extremes-driven responses of gross primary production estimated by satellite and process based models over North America,,2021,10.1016/j.agrformet.2020.108292,27,Wei He; W. Ju; Fei Jiang; N. Parazoo; P. Gentine; Xiaocui Wu; Chunhua Zhang; Jiawen Zhu; N. Viovy; A. Jain; S. Sitch; P. Friedlingstein
recommend,0.273,Investigating Diurnal and Seasonal Cycles of Vegetation Optical Depth Retrieved From GNSS Signals in a Broadleaf Forest,Geophysical Research Letters,2024,10.1029/2023gl107121,27,Yitong Yao; V. Humphrey; A. Konings; Yujie Wang; Yi Yin; N. Holtzman; Jeffrey D. Wood; Y. Bar-On; C. Frankenberg
recommend,0.273,"The importance of physiological, structural and trait responses to drought stress in driving spatial and temporal variation in GPP across Amazon forests",,2019,10.5194/bg-16-4463-2019,27,Sophie Flack-Prain; P. Meir; Y. Malhi; T. Smallman; Mat Williams
recommend,0.273,Elucidating climatic drivers of photosynthesis by tropical forests,Global Change Biology,2023,10.1111/gcb.16837,26,Yuan Wang; Junjie Liu; P. Wennberg; Liyin He; D. Bonal; P. Köhler; C. Frankenberg; S. Sitch; P. Friedlingstein
recommend,0.273,Linking global terrestrial CO2 fluxes and environmental drivers: inferences from the Orbiting Carbon Observatory 2 satellite and terrestrial biospheric models,,2021,10.5194/acp-21-6663-2021,21,Zichong Chen; Junjie Liu; D. Henze; D. Huntzinger; K. C. Wells; S. Sitch; P. Friedlingstein; E. Joetzjer; V. Bastrikov; D. Goll; V. Haverd; A. Jain; Etsushi Kato; Sebastian Lienert; D. Lombardozzi; P. McGuire; J. Melton; J. Nabel; B. Poulter; H. Tian; A. Wiltshire; S. Zaehle; Scot M. Miller
recommend,0.273,WetCH4: a machine-learning-based upscaling of methane fluxes of northern wetlands during 2016–2022,Earth System Science Data,2025,10.5194/essd-17-2507-2025,21,Qing Ying; B. Poulter; Jennifer D. Watts; K. Arndt; Anna‐Maria Virkkala; L. Bruhwiler; Youmi Oh; B. Rogers; S. Natali; Hilary Sullivan; Amanda Armstrong; E. Ward; L. Schiferl; C. Elder; Olli Peltola; A. Bartsch; Ankur R. Desai; E. Euskirchen; Mathias Göckede; Bernhard Lehner; M. Nilsson; M. Peichl; O. Sonnentag; E. Tuittila; Torsten Sachs; A. Kalhori; M. Ueyama; Zhen Zhang
recommend,0.273,Using Orbiting Carbon Observatory-2 (OCO-2) column CO2 retrievals to rapidly detect and estimate biospheric surface carbon flux anomalies,Atmospheric Chemistry and Physics,2023,10.5194/acp-23-1545-2023,18,A. Feldman; Zhen Zhang; Y. Yoshida; A. Chatterjee; B. Poulter
recommend,0.273,Five years of variability in the global carbon cycle: comparing an estimate from the Orbiting Carbon Observatory-2 and process-based models,Environmental Research Letters,2021,10.1088/1748-9326/abfac1,16,Zichong Chen; D. Huntzinger; Junjie Liu; S. Piao; Xuhui Wang; S. Sitch; P. Friedlingstein; P. Anthoni; A. Arneth; V. Bastrikov; D. Goll; V. Haverd; A. Jain; E. Joetzjer; Etsushi Kato; Sebastian Lienert; D. Lombardozzi; P. McGuire; J. Melton; J. Nabel; J. Pongratz; B. Poulter; H. Tian; A. Wiltshire; S. Zaehle; Scot M. Miller
recommend,0.273,A Process‐Model Perspective on Recent Changes in the Carbon Cycle of North America,Journal of Geophysical Research - Biogeosciences,2022,10.1029/2022jg006904,12,G. Murray-Tortarolo; B. Poulter; R. Vargas; D. Hayes; A. Michalak; Christopher Williams; L. Windham‐Myers; Jonathan A. Wang; K. Wickland; D. Butman; H. Tian; S. Sitch; P. Friedlingstein; Michael O’Sullivan; P. Briggs; V. Arora; D. Lombardozzi; A. Jain; Wenping Yuan; R. Séférian; J. Nabel; A. Wiltshire; A. Arneth; Sebastian Lienert; S. Zaehle; V. Bastrikov; D. Goll; N. Vuichard; A. Walker; Etsushi Kato; Xu Yue; Zhen Zhang; W. Kurz; A. Chaterjee
recommend,0.273,A Theoretical Framework to Quantify Ecosystem Pressure‐Volume Relationships,Global Change Biology,2024,10.1111/gcb.17567,10,O. Binks; P. Meir; A. Konings; L. Cernusak; Bradley O. Christoffersen; W. Anderegg; Jeffrey D. Wood; L. Sack; J. Martínez‐Vilalta; M. Mencuccini
recommend,0.273,Enhanced regional terrestrial carbon uptake over Korea revealed by atmospheric CO2 measurements from 1999 to 2017,Global Change Biology,2020,10.1111/gcb.15061,9,J. Yun; Sujong Jeong; Chang‐Hoi Ho; Hoonyoung Park; Junjie Liu; Haeyoung Lee; S. Sitch; P. Friedlingstein; Sebastian Lienert; D. Lombardozzi; V. Haverd; A. Jain; S. Zaehle; Etsushi Kato; H. Tian; N. Vuichard; A. Wiltshire; N. Zeng
recommend,0.273,Scientific Communities Striving for a Common Cause: Innovations in Carbon Cycle Science,Bulletin of The American Meteorological Society - (BAMS),2020,10.1175/bams-d-19-0306.1,7,M. Whelan; L. Anderegg; Grayson Badgley; J. Campbell; R. Commane; C. Frankenberg; T. Hilton; L. Kuai; N. Parazoo; Y. Shiga; Yuting Wang; J. Worden
recommend,0.273,Congo Basin Water Balance and Terrestrial Fluxes Inferred From Satellite Observations of the Isotopic Composition of Water Vapor,Water Resources Research,2024,10.1029/2023wr035092,6,Sarah Worden; A. A. Bloom; John R. Worden; Paul A. Levine; Mingjie Shi; Rong Fu
recommend,0.273,Satellite‐Constrained Reanalysis Reveals CO2 Versus Climate Process Compensation Across the Global Land Carbon Sink,AGU Advances,2025,10.1029/2025av001689,5,T. Eren Bilir; A. Bloom; A. Konings; Junjie Liu; N. Parazoo; G. R. Quetin; Alexander J. Norton; M. Worden; Paul A. Levine; Shuang Ma; R. K. Braghiere; Marcos Longo; Kevin B. Bowman; S. Saatchi; D. Schimel; C. E. Miller; Michael O’Sullivan; Yanghui Kang; Sudhanshu Pandey; A. Patton; Yan Yang; Yanlan Liu
recommend,0.273,Regional Inversion Shows Promise in Capturing Extreme‐Event‐Driven CO2 Flux Anomalies but Is Limited by Atmospheric CO2 Observational Coverage,Journal of Geophysical Research - Atmospheres,2024,10.1029/2023jd040006,5,B. Byrne; J. Liu; K. Bowman; Y. Yin; J. Yun; G. Ferreira; S. Ogle; L. Baskaran; L. He; X. Li; J. Xiao; K. Davis; Alice Byrne
recommend,0.273,Enhanced Carbon Flux Response to Atmospheric Aridity and Water Storage Deficit During the 2015–2016 El Niño Compromised Carbon Balance Recovery in Tropical South America,AGU Advances,2024,10.1029/2024av001187,5,Junjie Liu; Kevin B. Bowman; Paul I. Palmer; Joanna Joiner; Paul A. Levine; A. A. Bloom; Lianggang Feng; S. Saatchi; Michael Keller; Marcos Longo; D. Schimel; P. Wennberg
recommend,0.273,Seasonality and synchrony of photosynthesis in African forests inferred from spaceborne chlorophyll fluorescence and vegetation indices,Biogeosciences,2025,10.5194/bg-22-1985-2025,3,Russell Doughty; Michael C. Wimberly; Dan Wanyama; Hélène E. Peiro; N. Parazoo; Sean Crowell; Moses Azong Cho
recommend,0.273,Leveraging Uncertainty in Terrestrial Ecosystem Carbon Stocks and Fluxes,Earth's Future,2023,10.1029/2022ef003322,3,A. Trugman; G. R. Quetin
recommend,0.273,Leaf Area Index Changes Explain GPP Variation across an Amazon Drought Stress Gradient,,2019,10.5194/bg-2019-175,3,Sophie Flack-Prain; P. Meir; Y. Malhi; T. Smallman; Mat Williams
recommend,0.273,Quantifying the Global Power Needed for Sap Ascent in Plants,Journal of Geophysical Research: Biogeosciences,2022,10.1029/2022jg006922,1,G. R. Quetin; L. Anderegg; A. Konings; A. Trugman
recommend,0.273,Global carbon and water exchange during drought reflects adaptation of rooting depth to climate and topography,,2021,10.5194/egusphere-egu21-6376,0,B. Stocker; S. J. Tumber‐Dávila; A. Konings; R. B. Jackson
recommend,0.273,CO2 Exchange Forecasting of a Tundra Gradient in Greenland Between 1991 and 2100,,2022,10.1002/essoar.10510420.1,0,Efrén López Blanco; P. Langen; Mat Williams; J. Christensen; F. Boberg; K. Langley; T. Christensen
recommend,0.273,Understanding and quantifying carbon cycling in managed grasslands through model-data fusion,,2020,10.5194/egusphere-egu2020-4984,0,V. Myrgiotis; R. Clement; Stephanie K. Jones; B. Keane; Mark Lee; P. Levy; R. Rees; U. Skiba; L. Smallman; S. Toet; Mat Williams; E. Blei
recommend,0.273,Inverse modelling of Carbonyl Sulfide (COS): towards nonlinear model and satellite data assimilation,,2021,10.5194/egusphere-egu21-8972,0,Jin Ma; Linda M. J. Kooijmans; A. Cho; S. Montzka; N. Glatthor; J. Worden; L. Kuai; E. Atlas; M. Krol
recommend,0.242,Spatiotemporal patterns of terrestrial gross primary production: A review,,2015,10.1002/2015rg000483,610,A. Anav; P. Friedlingstein; C. Beer; P. Ciais; A. Harper; Chris D. Jones; G. Murray-Tortarolo; D. Papale; N. Parazoo; P. Peylin; S. Piao; S. Sitch; N. Viovy; A. Wiltshire; Maosheng Zhao
recommend,0.242,Modeling stomatal conductance in the earth system: linking leaf water-use efficiency and water transport along the soil–plant–atmosphere continuum,,2014,10.5194/gmd-7-2193-2014,385,G. Bonan; Mat Williams; R. Fisher; K. Oleson
recommend,0.242,Mechanistic evidence for tracking the seasonality of photosynthesis with solar-induced fluorescence,Proceedings of the National Academy of Sciences of the United States of America,2019,10.1073/pnas.1900278116,341,T. Magney; D. Bowling; B. Logan; K. Grossmann; J. Stutz; P. Blanken; S. Burns; Rui Cheng; M. García; Philipp Kӧhler; S. Lopez; N. Parazoo; B. Raczka; D. Schimel; C. Frankenberg
recommend,0.242,Changes in global terrestrial live biomass over the 21st century,Science Advances,2021,10.1126/sciadv.abe9829,327,Liang Xu; S. Saatchi; Yan Yang; Yifan Yu; J. Pongratz; A. Bloom; K. Bowman; J. Worden; Junjie Liu; Yi Yin; G. Domke; R. McRoberts; C. Woodall; G. Nabuurs; S. de‐Miguel; M. Keller; N. Harris; S. Maxwell; D. Schimel
recommend,0.242,The 2015–2016 carbon cycle as seen from OCO-2 and the global in situ network,Atmospheric Chemistry and Physics,2019,10.5194/acp-19-9797-2019,209,S. Crowell; D. Baker; A. Schuh; S. Basu; A. Jacobson; F. Chevallier; Junjie Liu; F. Deng; Liang Feng; A. Chatterjee; D. Crisp; A. Eldering; Dylan B. A. Jones; K. McKain; John B. Miller; R. Nassar; T. Oda; C. O’Dell; P. Palmer; D. Schimel; B. Stephens; C. Sweeney
recommend,0.242,Carbon Monitoring System Flux Net Biosphere Exchange 2020 (CMS-Flux NBE 2020),Earth System Science Data,2020,10.5194/essd-2020-123-supplement,108,Junjie Liu; L. Baskaran; K. Bowman; D. Schimel; A. Bloom; N. Parazoo; T. Oda; D. Carroll; D. Menemenlis; J. Joiner; R. Commane; B. Daube; Lucianna V. Gatii; K. McKain; John B. Miller; B. Stephens; C. Sweeney; S. Wofsy
recommend,0.242,Evaluating year-to-year anomalies in tropical wetland methane emissions using satellite CH4 observations,Remote Sensing of Environment,2018,10.1016/j.rse.2018.02.011,80,Robert J. Parker; H. Boesch; J. McNorton; E. Comyn‐Platt; M. Gloor; Chris Wilson; M. Chipperfield; Garry D. Hayman; A. A. Bloom
recommend,0.242,The 2019 Methane Budget And Uncertainties At 1 Degree Resolution And Each Country Through Bayesian Integration Of GOSAT Total Column Methane Data And A Priori Inventory Estimates,Atmospheric Chemistry and Physics,2021,10.5194/acp-2021-955,78,J. Worden; D. Cusworth; Z. Qu; Yi Yin; Yuzhong Zhang; A. Bloom; Shuang Ma; B. Byrne; T. Scarpelli; J. Maasakkers; D. Crisp; R. Duren; D. Jacob
recommend,0.242,Seasonal variability of tropical wetland CH 4 emissions: the role of the methanogen-available carbon pool,,2012,10.5194/bg-9-2821-2012,76,A. A. Bloom; P. Palmer; A. Fraser; D. Reay
recommend,0.242,Historically inconsistent productivity and respiration fluxes in the global terrestrial carbon cycle,Nature Communications,2022,10.1038/s41467-022-29391-5,65,J. Jian; Vanessa L. Bailey; K. Dorheim; A. Konings; Dalei Hao; A. Shiklomanov; Abigail Snyder; Meredith K. Steele; Munemasa Teramoto; R. Vargas; B. Bond‐Lamberty
recommend,0.242,Exchange of CO 2 in Arctic tundra: impacts of meteorological variations and biological disturbance,,2016,10.5194/bg-14-4467-2017,64,E. López‐Blanco; M. Lund; Mat Williams; M. Tamstorf; A. Westergaard‐Nielsen; J. Exbrayat; B. Hansen; T. Christensen
recommend,0.242,Accounting for canopy structure improves hyperspectral radiative transfer and sun-induced chlorophyll fluorescence representations in a new generation Earth System model,,2021,10.1016/j.rse.2021.112497,63,R. Braghiere; Yujie Wang; R. Doughty; D. Sousa; T. Magney; J. Widlowski; M. Longo; A. Bloom; J. Worden; P. Gentine; C. Frankenberg
recommend,0.242,Global satellite-driven estimates of heterotrophic respiration,Biogeosciences,2018,10.5194/bg-16-2269-2019,59,A. Konings; A. Bloom; Junjie Liu; N. Parazoo; D. Schimel; K. Bowman
recommend,0.242,Global land carbon sink response to temperature and precipitation varies with ENSO phase,,2017,10.1088/1748-9326/aa6e8e,48,Yuanyuan Fang; A. Michalak; C. Schwalm; D. Huntzinger; J. Berry; P. Ciais; S. Piao; B. Poulter; J. Fisher; R. Cook; D. Hayes; Maoyi Huang; A. Ito; A. Jain; H. Lei; Chaoqun Lu; J. Mao; N. Parazoo; S. Peng; D. Ricciuto; Xiaoying Shi; B. Tao; H. Tian; Weile Wang; Yaxing Wei; Jia Yang
recommend,0.242,Global evaluation of gross primary productivity in the JULES land surface model v3.4.1,,2016,10.5194/gmd-10-2651-2017,47,Darren Slevin; S. Tett; J. Exbrayat; A. Bloom; Mat Williams
recommend,0.242,Atmospheric variability contributes to increasing wildfire weather but not as much as global warming,Proceedings of the National Academy of Sciences of the United States of America,2021,10.1073/pnas.2117876118,39,N. Diffenbaugh; A. Konings; Christopher B. Field
recommend,0.242,Data-driven estimates of evapotranspiration and its controls in the Congo Basin,Hydrology and Earth System Sciences,2020,10.5194/hess-2020-186,38,Michael W. Burnett; G. R. Quetin; A. Konings
recommend,0.242,Description and validation of an intermediate complexity model for ecosystem photosynthesis and evapotranspiration: ACM-GPP-ETv1,Geoscientific Model Development,2019,10.5194/gmd-12-2227-2019,32,T. Smallman; Mat Williams
recommend,0.242,Quantifying landscape‐level methane fluxes in subarctic Finland using a multiscale approach,Global Change Biology,2015,10.1111/gcb.12975,29,I. Hartley; T. Hill; T. Wade; R. Clement; J. Moncrieff; A. Prieto-Blanco; M. Disney; B. Huntley; Mat Williams; N. Howden; P. Wookey; R. Baxter
recommend,0.242,Amazonian terrestrial water balance inferred from satellite-observed water vapor isotopes,Nature Communications,2021,10.1038/s41467-022-30317-4,25,M. Shi; J. Worden; A. Bailey; D. Noone; C. Risi; R. Fu; S. Worden; R. Herman; V. Payne; T. Pagano; K. Bowman; A. Bloom; S. Saatchi; Junjie Liu; J. Fisher
recommend,0.242,Carbon Stocks and Fluxes in Kenyan Forests and Wooded Grasslands Derived from Earth Observation and Model-Data Fusion,Remote Sensing,2020,10.3390/rs12152380,22,P. Rodríguez-Veiga; J. Carreiras; T. Smallman; J. Exbrayat; J. Ndambiri; Faith Mutwiri; Divinah O. Nyasaka; S. Quegan; Mat Williams; H. Balzter
recommend,0.242,"WRFv3.2-SPAv2: development and validation of a coupled ecosystem–atmosphere model, scaling from surface fluxes of CO 2 and energy to atmospheric profiles",,2013,10.5194/gmd-6-1079-2013,22,T. Smallman; J. Moncrieff; Mat Williams
recommend,0.242,Representation of Leaf‐to‐Canopy Radiative Transfer Processes Improves Simulation of Far‐Red Solar‐Induced Chlorophyll Fluorescence in the Community Land Model Version 5,Journal of Advances in Modeling Earth Systems,2022,10.1029/2021ms002747,20,Rong Li; D. Lombardozzi; M. Shi; C. Frankenberg; N. Parazoo; P. Köhler; K. Yi; K. Guan; Xi Yang
recommend,0.242,Plant Traits are Key Determinants in Buffering the Meteorological Sensitivity of Net Carbon Exchanges of Arctic Tundra,Journal of Geophysical Research - Biogeosciences,2018,10.1029/2018jg004386,18,E. López‐Blanco; M. Lund; T. Christensen; M. Tamstorf; T. Smallman; Darren Slevin; A. Westergaard‐Nielsen; B. Hansen; J. Abermann; Mat Williams
recommend,0.242,Climate change is enforcing physiological changes in Arctic Ecosystems,Environmental Research Letters,2023,10.1088/1748-9326/acde92,17,N. Madani; N. Parazoo; C. Miller
recommend,0.242,Advancements and opportunities to improve bottom–up estimates of global wetland methane emissions,Environmental Research Letters,2025,10.1088/1748-9326/adad02,13,Qing Zhu; D. J. Jacob; K. Yuan; Fa Li; B. Runkle; Min Chen; A. Bloom; B. Poulter; James D. East; W. Riley; G. McNicol; John R. Worden; C. Frankenberg; Meghan Halabisky
recommend,0.242,Simulating Global Dynamic Surface Reflectances for Imaging Spectroscopy Spaceborne Missions: LPJ‐PROSAIL,Journal of Geophysical Research - Biogeosciences,2023,10.1029/2022jg006935,13,B. Poulter; Bryce Currey; L. Calle; A. Shiklomanov; C. Amaral; E. N. J. Brookshire; P. Campbell; A. Chlus; K. Cawse-Nicholson; F. Huemmrich; C. E. Miller; K. Miner; Z. Pierrat; A. Raiho; D. Schimel; S. Serbin; W. Smith; N. Stavros; J. Stutz; P. Townsend; D. R. Thompson; Zhen Zhang
recommend,0.242,A model-data fusion approach to analyse carbon dynamics in managed grasslands,,2020,10.1016/j.agsy.2020.102907,11,V. Myrgiotis; E. Blei; R. Clement; Stephanie K. Jones; B. Keane; Mark Lee; P. Levy; R. Rees; U. Skiba; T. Smallman; S. Toet; Mat Williams
recommend,0.242,Enhanced India‐Africa Carbon Uptake and Asia‐Pacific Carbon Release Associated With the 2019 Extreme Positive Indian Ocean Dipole,Geophysical Research Letters,2022,10.1029/2022gl100950,10,Jun Wang; Fei Jiang; W. Ju; Meirong Wang; S. Sitch; V. Arora; Jing M. Chen; D. Goll; Wei He; A. Jain; Xing Li; J. Joiner; B. Poulter; R. Séférian; Hengmao Wang; Mousong Wu; J. Xiao; Wenping Yuan; Xu Yue; S. Zaehle
recommend,0.242,"The North American Greenhouse Gas Budget: Emissions, Removals, and Integration for CO2, CH4, and N2O (2010–2019): Results From the Second REgional Carbon Cycle Assessment and Processes Study (RECCAP2)",Global Biogeochemical Cycles,2025,10.1029/2024gb008310,9,B. Poulter; G. Murray-Tortarolo; D. Hayes; P. Ciais; R. Andrew; A. Bastos; B. Byrne; D. Butman; J. Canadell; A. Chatterjee; Grant M. Domke; A. Feldman; Kelsey T. Foster; Neha Hunka; R. Jackson; W. Kurz; Ayia Lindquist; Maodian Liu; I. Luijkx; Arnaud Mialon; A. Michalak; John B. Miller; W. Obermeier; N. Pan; J. Randerson; P. Raymond; Pierre Regnier; L. Resplandy; G. Rocher‐Ros; Nemesio Rodriquez‐Fernandez; J. Rosentreter; J. Salazar-Neira; S. Tank; Hanqin Tian; R. Vargas; Yohanna Villalobos; Jonathan A. Wang; Xinyuan Wei; K. Wickland; Christopher A. Williams; L. Windham‐Myers; Christopher Woodall; Qing Ying; Zhen Zhang
recommend,0.242,The carbon budget of the managed grasslands of Great Britain – informed by earth observations,Biogeosciences,2022,10.5194/bg-19-4147-2022,7,V. Myrgiotis; T. Smallman; Mat Williams
recommend,0.242,Does economic optimisation explain LAI and leaf trait distributions across an Amazon soil moisture gradient?,Global Change Biology,2020,10.1111/gcb.15368,5,Sophie Flack-Prain; P. Meir; Y. Malhi; T. Smallman; Mat Williams
recommend,0.242,"Using satellite estimates of aboveground biomass to assess carbon stocks in a mixed-management, semi-deciduous tropical forest in the Yucatan Peninsula",Geocarto International,2021,10.1080/10106049.2021.1980619,4,Stephanie P. George‐Chacón; D. Milodowski; J. Dupuy; J. Mas; Mat Williams; M. Castillo-Santiago; J. Hernández‐Stefanoni
recommend,0.242,Monitoring ECO-Hydrological Spring Onset Over Alaska and Northern Canada with Complementary Satellite Remote Sensing Data,2021 IEEE International Geoscience and Remote Sensing Symposium IGARSS,2021,10.1109/igarss47720.2021.9553220,3,Youngwook Kim; J. Kimball; N. Parazoo; Xiaolan Xu; R. Dunbar; A. Colliander; R. Reichle
recommend,0.242,Wide Discrepancies in the Magnitude and Direction of Modelled SIF in Response to Light Conditions,,2020,10.5194/bg-2019-508,3,N. Parazoo; T. Magney; A. Norton; B. Raczka; C. Bacour; F. Maignan; I. Baker; Yongguang Zhang; Bo Qiu; M. Shi; N. Macbean; D. Bowling; S. Burns; P. Blanken; J. Stutz; K. Grossman; C. Frankenberg
recommend,0.242,Observing system needs for understanding carbon–climate feedbacks,Environmental Research Letters,2025,10.1088/1748-9326/ae0ae8,2,D. Carroll; N. Parazoo; N. Lovenduski; Michael Keller; D. Schimel; A. Bloom
recommend,0.242,"Supplementary material to ""Linking global terrestrial CO2 fluxes and environmental drivers using OCO-2 and a geostatistical inverse model""",,2020,10.5194/acp-2020-285-supplement,2,Zichong Chen; Junjie Liu; D. Henze; D. Huntzinger; K. C. Wells; Scot M. Miller
recommend,0.242,Contrasting Temperature Sensitivity of Boreal Forest Productivity in North America and Eurasia,Journal of Geophysical Research - Biogeosciences,2025,10.1029/2024jg008634,1,D. Muccio; G. Keppel‐Aleks; N. Parazoo
recommend,0.242,Compounded effects on wetland greenhouse gas fluxes from climate change and water management along a saline to freshwater gradient,Proceedings of the National Academy of Sciences of the United States of America,2026,10.1073/pnas.2513685123,1,Cheryl L. Doughty; Qing Ying; Eric J. Ward; E. Delaria; G. Wolfe; S. Malone; David E. Reed; Tiffany Troxler; J. Kominoski; E. Castañeda‐Moya; W. B. Shoemaker; D. Yannick; G. Starr; S. Oberbauer; Abigail Barenblitt; Anthony Campbell; Sean Charles; L. Fatoyinbo; Jonathan Gewirtzman; T. Hanisco; R. Hannun; S. Kawa; D. Lagomasino; L. Lait; Ayia Lindquist; Paul Newman; P. Raymond; J. Rosentreter; K. Thornhill; Derrick Vaughn; B. Poulter
recommend,0.242,Increasing Warming May Inhibit Land Carbon Uptake in Northern High Latitudes,Geophysical Research Letters,2026,10.1029/2026gl122135,0,N. Madani; N. Parazoo; L. Berner; C. E. Miller; Abhishek Chatterjee
recommend,0.242,Optimal model complexity for terrestrial carbon cycle prediction using data assimilation,,2020,10.5194/egusphere-egu2020-10722,0,C. Famiglietti; T. Smallman; Sophie Flack-Prain; Rong Ge; P. Levine; Victoria Meyer; N. Parazoo; G. R. Quetin; A. Revill; Stephanie G. Stettz; Yan Yang; Yuan Zhao; Penghui Zhu; A. Bloom; Mathew Williams; A. Konings
recommend,0.242,"The impacts of Amazon forest degradation and fragmentation on energy, water, and carbon cycles",,2020,10.5194/egusphere-egu2020-4801,0,M. Longo; S. Saatchi; M. Keller; K. Bowman; A. Ferraz; K. Cawse-Nicholson; J. Fisher; E. Pinagé; P. Moorcroft; J. Ometto; D. Morton
recommend,0.212,"Modelling the soil-plant-atmosphere continuum in a Quercus-Acer stand at Harvard Forest : the regulation of stomatal conductance by light, nitrogen and soil/plant hydraulic properties",,1996,10.1111/j.1365-3040.1996.tb00456.x,547,Mat Williams; E. Rastetter; David N. Fernandes; M. Goulden; S. Wofsy; G. Shaver; J. Melillo; J. W. Munger; S. Fan; K. Nadelhoffer
recommend,0.212,A global wetland methane emissions and uncertainty dataset for atmospheric chemical transport models (WetCHARTs version 1.0),,2017,10.5194/gmd-10-2141-2017,244,A. A. Bloom; K. W. Bowman; Meemong Lee; Alexander J. Turner; R. Schroeder; John R. Worden; R. Weidner; Kyle C. McDonald; Daniel J. Jacob
recommend,0.212,Uncertainty in the response of terrestrial carbon sink to environmental drivers undermines carbon-climate feedback predictions,Scientific Reports,2017,10.1038/s41598-017-03818-2,200,Deborah N. Huntzinger; A. Michalak; C. Schwalm; C. Schwalm; P. Ciais; A. King; Yuanyuan Fang; K. Schaefer; Yaxing Wei; R. Cook; J. Fisher; D. Hayes; Maoyi Huang; A. Ito; A. Jain; H. Lei; H. Lei; Chaoqun Lu; F. Maignan; J. Mao; N. Parazoo; S. Peng; B. Poulter; D. Ricciuto; Xiaoying Shi; H. Tian; Weile Wang; N. Zeng; F. Zhao
recommend,0.212,Carbon emissions from the 2023 Canadian wildfires,Nature,2024,10.1038/s41586-024-07878-z,194,B. Byrne; Junjie Liu; K. Bowman; M. Pascolini‐Campbell; A. Chatterjee; Sudhanshu Pandey; K. Miyazaki; G. R. van der Werf; D. Wunch; P. Wennberg; C. Roehl; Saptarshi Sinha
recommend,0.212,The impacts of rising vapour pressure deficit in natural and managed ecosystems.,"Plant, Cell and Environment",2024,10.1111/pce.14846,192,K. Novick; D. Ficklin; C. Grossiord; A. Konings; J. Martínez‐Vilalta; W. Sadok; A. Trugman; A. Williams; A. Wright; J. Abatzoglou; M. Dannenberg; Pierre Gentine; Kaiyu Guan; Miriam R. Johnston; L. Lowman; David J.P. Moore; Nate G. McDowell
recommend,0.212,Tall Amazonian forests are less sensitive to precipitation variability,Nature Geoscience,2018,10.1038/s41561-018-0133-5,183,F. Giardina; A. Konings; D. Kennedy; S. H. Alemohammad; R. Oliveira; M. Uriarte; P. Gentine
recommend,0.212,"Water, Energy, and Carbon with Artificial Neural Networks (WECANN): A statistically-based estimate of global surface turbulent fluxes and gross primary productivity using solar-induced fluorescence.",Biogeosciences,2017,10.5194/bg-14-4101-2017,137,S. H. Alemohammad; B. Fang; A. Konings; F. Aires; Julia K Green; J. Kolassa; D. Miralles; C. Prigent; P. Gentine
recommend,0.212,Carbon monitoring system flux estimation and attribution: impact of ACOS-GOSAT XCO2 sampling on the inference of terrestrial biospheric sources and sinks,,2014,10.3402/tellusb.v66.22486,135,Junjie Liu; K. Bowman; Meemong Lee; D. Henze; N. Bousserez; H. Brix; G. James Collatz; D. Menemenlis; L. Ott; S. Pawson; Dylan B. A. Jones; R. Nassar
recommend,0.212,National CO2 budgets (2015–2020) inferred from atmospheric CO2 observations in support of the global stocktake,Earth System Science Data,2023,10.5194/essd-15-963-2023,132,B. Byrne; D. Baker; S. Basu; M. Bertolacci; K. Bowman; D. Carroll; A. Chatterjee; F. Chevallier; P. Ciais; N. Cressie; D. Crisp; S. Crowell; F. Deng; Z. Deng; N. Deutscher; Manvendra; K. Dubey; S. Feng; O. García; D. Griffith; Benedikt Herkommer; Lei Hu; A. Jacobson; R. Janardanan; Sujong Jeong; Matthew S. Johnson; B. Dylan; A. Jones; R. Kivi; Junjie Liu; Zhiqiang Liu; Shamil Maksyutov; John B. Miller; Scot; M. Miller; I. Morino; J. Notholt; T. Oda; C. O’Dell; Y. Oh; H. Ohyama; P. Patra; Hélène E. Peiro; C. Petri; Sajeev Philip; D. Pollard; B. Poulter; M. Remaud; A. Schuh; M. Sha; K. Shiomi; K. Strong; C. Sweeney; Y. Té; H. Tian; V. Velazco; M. Vrekoussis; T. Warneke; J. Worden; D. Wunch; Yuanzhi Yao; J. Yun; A. Zammit‐Mangion; N. Zeng
recommend,0.212,Empirical estimates of regional carbon budgets imply reduced global soil heterotrophic respiration,National Science Review,2020,10.1093/nsr/nwaa145,119,P. Ciais; Yitong Yao; T. Gasser; A. Baccini; Yilong Wang; R. Lauerwald; S. Peng; A. Bastos; Wei Li; P. Raymond; J. Canadell; G. Peters; R. Andres; Jinfeng Chang; C. Yue; A. Dolman; V. Haverd; J. Hartmann; G. Laruelle; A. Konings; A. King; Yi Y. Liu; S. Luyssaert; F. Maignan; P. Patra; A. Peregon; P. Régnier; J. Pongratz; B. Poulter; A. Shvidenko; R. Valentini; Rong Wang; G. Broquet; Yi Yin; J. Zscheischler; B. Guenet; D. Goll; A. Ballantyne; Hui Yang; Chunjing Qiu; Dan Zhu
recommend,0.212,Four years of global carbon cycle observed from the Orbiting Carbon Observatory 2 (OCO-2) version 9 and in situ data and comparison to OCO-2 version 7,Atmospheric Chemistry and Physics,2022,10.5194/acp-22-1097-2022,110,Hélène E. Peiro; S. Crowell; A. Schuh; D. Baker; C. O’Dell; A. Jacobson; F. Chevallier; Junjie Liu; A. Eldering; D. Crisp; F. Deng; B. Weir; S. Basu; Matthew S. Johnson; Sajeev Philip; I. Baker
recommend,0.212,Shallow soils are warmer under trees and tall shrubs across Arctic and Boreal ecosystems,Environmental Research Letters,2020,10.1088/1748-9326/abc994,93,Heather Kropp; M. Loranty; S. Natali; A. Kholodov; A. Rocha; I. Myers-Smith; Benjamin W. Abbott; J. Abermann; E. Blanc‐Betes; D. Blok; G. Blume‐Werry; J. Boike; A. Breen; Sean M. P. Cahoon; C. Christiansen; T. Douglas; H. Epstein; G. Frost; M. Goeckede; T. Høye; S. Mamet; J. O’Donnell; D. Olefeldt; G. Phoenix; V. Salmon; A. Sannel; Sharon L. Smith; O. Sonnentag; L. Vaughn; Mat Williams; B. Elberling; L. Gough; J. Hjort; P. Lafleur; E. Euskirchen; M. Heijmans; E. Humphreys; H. Iwata; B. Jones; T. Jorgenson; I. Grünberg; Yongwon Kim; J. Laundre; M. Mauritz; A. Michelsen; G. Schaepman‐Strub; K. Tape; M. Ueyama; B. Lee; K. Langley; M. Lund
recommend,0.212,The ECCO‐Darwin Data‐Assimilative Global Ocean Biogeochemistry Model: Estimates of Seasonal to Multidecadal Surface Ocean pCO2 and Air‐Sea CO2 Flux,Journal of Advances in Modeling Earth Systems,2020,10.1029/2019ms001888,86,D. Carroll; D. Menemenlis; J. Adkins; K. Bowman; H. Brix; S. Dutkiewicz; I. Fenty; M. Gierach; C. Hill; O. Jahn; P. Landschützer; J. Lauderdale; Jian Liu; M. Manizza; J. Naviaux; C. Rödenbeck; D. Schimel; T. V. D. Stocken; Hong Zhang
recommend,0.212,Accelerating rates of Arctic carbon cycling revealed by long-term atmospheric CO2 measurements,Science Advances,2018,10.1126/sciadv.aao1167,84,Sujong Jeong; A. Bloom; D. Schimel; Colm Sweeney; Colm Sweeney; N. Parazoo; D. Medvigy; G. Schaepman‐Strub; C. Zheng; C. R. Schwalm; C. R. Schwalm; D. Huntzinger; A. Michalak; C. Miller
recommend,0.212,Remotely Sensed Soil Moisture Can Capture Dynamics Relevant to Plant Water Uptake,Water Resources Research,2023,10.1029/2022wr033814,79,A. Feldman; Daniel J. Short Gianotti; Jianzhi Dong; R. Akbar; W. Crow; K. McColl; A. Konings; J. Nippert; S. J. Tumber‐Dávila; N. Holbrook; F. Rockwell; R. Scott; R. Reichle; A. Chatterjee; J. Joiner; B. Poulter; D. Entekhabi
recommend,0.212,Optimal model complexity for terrestrial carbon cycle prediction,Biogeosciences,2020,10.5194/bg-2020-478,68,C. Famiglietti; T. Smallman; Sophie Flack-Prain; R. Ge; P. Levine; V. Meyer; N. Parazoo; G. R. Quetin; A. Revill; Stephanie G. Stettz; Yan Yang; Yuan Zhao; Penghui Zhu; A. Bloom; Mat Williams; A. Konings
recommend,0.212,Constraining estimates of terrestrial carbon uptake: New opportunities using long-term satellite observations and data assimilation.,New Phytologist,2019,10.1111/nph.16055,67,W. K. Smith; A. Fox; N. Macbean; D. Moore; N. Parazoo
recommend,0.212,Using satellite data to identify the methane emission controls of South Sudan's wetlands,Biogeosciences,2020,10.5194/bg-2020-251,64,S. Pandey; S. Houweling; A. Lorente; T. Borsdorff; M. Tsivlidou; A. Bloom; B. Poulter; Zhen Zhang; I. Aben
recommend,0.212,Recovery of Ecosystem Carbon and Energy Fluxes From the 2003 Drought in Europe and the 2012 Drought in the United States,Geophysical Research Letters,2018,10.1029/2018gl077518,59,B. He; Junjie Liu; Lanlan Guo; Xiuchen Wu; Xaoming Xie; Yafeng Zhang; Chen Chen; Ziqian Zhong; Ziyue Chen
recommend,0.212,Prior biosphere model impact on global terrestrial CO2 fluxes estimated from OCO-2 retrievals,Atmospheric Chemistry and Physics,2019,10.5194/acp-19-13267-2019,51,Sajeev Philip; Matthew S. Johnson; C. Potter; Vanessa Genovesse; D. Baker; K. Haynes; D. Henze; Junjie Liu; B. Poulter
recommend,0.212,Tower‐Based Remote Sensing Reveals Mechanisms Behind a Two‐phased Spring Transition in a Mixed‐Species Boreal Forest,Journal of Geophysical Research - Biogeosciences,2021,10.1029/2020jg006191,49,Z. Pierrat; M. Nehemy; Alexandre Roy; T. Magney; N. Parazoo; C. Laroque; C. Pappas; O. Sonnentag; K. Grossmann; D. Bowling; U. Seibt; Alexandra Ramirez; Bruce Johnson; W. Helgason; A. Barr; J. Stutz
recommend,0.212,Improved Constraints on Northern Extratropical CO2 Fluxes Obtained by Combining Surface‐Based and Space‐Based Atmospheric CO2 Measurements,Journal of Geophysical Research - Atmospheres,2019,10.1029/2019jd032029,48,B. Byrne; Junjie Liu; Meemong Lee; I. Baker; K. Bowman; N. Deutscher; D. Feist; D. Griffith; L. Iraci; Matthaus Kiel; J. Kimball; C. Miller; I. Morino; N. Parazoo; C. Petri; C. Roehl; M. Sha; K. Strong; V. Velazco; P. Wennberg; D. Wunch
recommend,0.212,Fire decline in dry tropical ecosystems enhances decadal land carbon sink,Nature Communications,2020,10.1038/s41467-020-15852-2,46,Yi Yin; A. Bloom; J. Worden; S. Saatchi; Yan Yang; Mat Williams; Junjie Liu; Zhe Jiang; H. Worden; K. Bowman; C. Frankenberg; D. Schimel
recommend,0.212,The impact of a simple representation of non-structural carbohydrates on the simulated response of tropical forests to drought,Biogeosciences,2019,10.5194/bg-2019-452,46,Simon M. Jones; L. Rowland; P. Cox; D. Hemming; A. Wiltshire; Karina E. Williams; N. Parazoo; Junjie Liu; A. D. Costa; P. Meir; Maurizio Mencuccini; A. Harper
recommend,0.212,Interannual variability of ecosystem iso/anisohydry is regulated by environmental dryness.,New Phytologist,2020,10.1111/nph.17040,43,Genghong Wu; K. Guan; Yan Li; K. Novick; Xue Feng; N. McDowell; A. Konings; S. Thompson; J. Kimball; M. D. De Kauwe; E. Ainsworth; Chongya Jiang
recommend,0.212,Reliability ensemble averaging of 21st century projections of terrestrial net primary productivity reduces global and regional uncertainties,,2017,10.5194/esd-9-153-2018,33,J. Exbrayat; A. Bloom; P. Falloon; A. Ito; T. Smallman; Mat Williams
recommend,0.212,Where Does Moisture Come From Over the Congo Basin?,Journal of Geophysical Research - Biogeosciences,2021,10.1029/2020jg006024,26,Sarah Worden; R. Fu; S. Chakraborty; Junjie Liu; J. Worden
recommend,0.212,"Prior biosphere model impact on global terrestrial CO2 fluxes estimated 
from OCO-2 retrievals",,2019,10.5194/acp-2018-1095,23,Sajeev Philip; Matthew S. Johnson; C. Potter; Vanessa Genovesse; D. Baker; K. Haynes; D. Henze; Junjie Liu; B. Poulter
recommend,0.212,CARDAMOM-FluxVal Version 1.0: a FLUXNET-based Validation System for CARDAMOM Carbon and Water Flux Estimates,Geoscientific Model Development,2021,10.5194/gmd-2021-190,22,Yan Yang; A. Bloom; Shuang Ma; P. Levine; A. Norton; N. Parazoo; J. Reager; J. Worden; G. R. Quetin; T. Smallman; Mat Williams; Liang; Xu; S. Saatchi
recommend,0.212,Transpiration from subarctic deciduous woodlands: Environmental controls and contribution to ecosystem evapotranspiration,Ecohydrology,2020,10.1002/eco.2190,21,Ana M. Sabater; H. Ward; T. Hill; J. Gornall; T. Wade; Jonathan G. Evans; A. Prieto-Blanco; M. Disney; G. Phoenix; Mat Williams; B. Huntley; R. Baxter; Maurizio Mencuccini; R. Poyatos
recommend,0.212,Intergovernmental Panel on Climate Change (IPCC) Tier 1 forest biomass estimates from Earth Observation,Scientific Data,2024,10.1038/s41597-024-03930-9,21,Neha Hunka; L. Duncanson; J. Armston; R. Dubayah; S. Healey; Maurizio Santoro; Paul B. May; A. Araza; C. Bourgoin; P. Montesano; C. Neigh; Hedley S. Grantham; P. Potapov; S. Turubanova; A. Tyukavina; Jessica Richter; Nancy L. Harris; M. Urbazaev; Adrián Pascual; Daniela Requena Suarez; Martin Herold; B. Poulter; Sylvia N Wilson; Giacomo Grassi; S. Federici; M. J. Sanz; J. Melo
recommend,0.212,Contrasting Regional Carbon Cycle Responses to Seasonal Climate Anomalies Across the East‐West Divide of Temperate North America,Global Biogeochemical Cycles,2020,10.1029/2020gb006598,19,B. Byrne; Junjie Liu; A. Bloom; K. Bowman; K. Bowman; Z. Butterfield; J. Joiner; Trevor F. Keenan; Trevor F. Keenan; G. Keppel‐Aleks; N. Parazoo; Yi Yin
recommend,0.212,A data assimilation framework for constraining upscaled cropland carbon flux seasonality and biometry with MODIS,,2012,10.5194/bg-10-2451-2013,19,O. Sus; M. Heuer; T. Meyers; Mat Williams
recommend,0.212,"Four years of global carbon cycle observed from OCO-2 version 9 and in situ data, and comparison to OCO-2 v7",,2021,10.5194/acp-2021-373,18,Hélène E. Peiro; S. Crowell; A. Schuh; D. Baker; C. O’Dell; A. Jacobson; F. Chevallier; Junjie Liu; A. Eldering; D. Crisp; F. Deng; B. Weir; S. Basu; Matthew S. Johnson; Sajeev Philip; I. Baker
recommend,0.212,"Water, Energy, and Carbon with Artificial Neural Networks (WECANN): A statistically-based estimate of global surface turbulent fluxes using solar-induced fluorescence",,2016,10.5194/bg-2016-495,16,S. H. Alemohammad; Bin Fang; A. Konings; F. Aires; Julia K Green; Jana; Kolassa; D. Miralles; Catherine Prigent; P. Gentine
recommend,0.212,Antecedent Conditions Mitigate Carbon Loss During Flash Drought Events,Geophysical Research Letters,2024,10.1029/2024gl108310,15,N. Parazoo; M. Osman; M. Pascolini‐Campbell; B. Byrne
recommend,0.212,Natural and Anthropogenic Variation of Stand Structure and Aboveground Biomass in Niger Delta Mangrove Forests,Frontiers in Forests and Global Change,2021,10.3389/ffgc.2021.746671,14,C. Nwobi; Mat Williams
recommend,0.212,The reduced net carbon uptake over Northern Hemisphere land causes the close-to-normal CO2 growth rate in 2021 La Niña,Science Advances,2024,10.1126/sciadv.adl2201,13,Junjie Liu; David F. Baker; S. Basu; K. Bowman; B. Byrne; F. Chevallier; Wei He; Fei Jiang; Matthew S Johnson; Terence L Kubar; Xing Li; Zhiqiang Liu; Scot M. Miller; Sajeev Philip; Jingfeng Xiao; J. Yun; Ning Zeng
recommend,0.212,Air temperature and precipitation constraining the modelled wetland methane emissions in a boreal region in northern Europe,Biogeosciences,2025,10.5194/bg-22-323-2025,13,T. Aalto; A. Tsuruta; J. Mäkelä; Jurek Müller; Maria Tenkanen; E. Burke; S. Chadburn; Yao Gao; Vilma Mannisenaho; T. Kleinen; Hanna Lee; Antti Leppänen; T. Markkanen; S. Materia; Paul A. Miller; D. Peano; Olli Peltola; B. Poulter; M. Raivonen; M. Saunois; D. Wårlind; S. Zaehle
recommend,0.212,Substantial root-zone water storage capacity observed by GRACE and GRACE/FO,Hydrology and Earth System Sciences,2025,10.5194/hess-29-2293-2025,11,Meng Zhao; Erica L. McCormick; G. A; A. Konings; Bailing Li
recommend,0.212,Intra‐Specific Variability in Plant Hydraulic Parameters Inferred From Model Inversion of Sap Flux Data,Journal of Geophysical Research - Biogeosciences,2022,10.1029/2021jg006777,11,Yaojie Lu; Brandon P. Sloan; S. Thompson; A. Konings; G. Bohrer; A. Matheny; Xue Feng
recommend,0.212,Information content of soil hydrology in a west Amazon watershed as informed by GRACE,Hydrology and Earth System Sciences,2022,10.5194/hess-26-1407-2022,10,E. Massoud; A. Bloom; M. Longo; J. Reager; P. Levine; J. Worden
recommend,0.212,Sensitivity of Leaf Area to Interannual Climate Variation as a Diagnostic of Ecosystem Function in CMIP5 Carbon Cycle Models,Journal of Climate,2018,10.1175/jcli-d-17-0580.1,10,G. R. Quetin; A. Swann
recommend,0.212,The Biomass Mission: Objectives and Requirements,IEEE International Geoscience and Remote Sensing Symposium,2018,10.1109/igarss.2018.8518491,10,T. Toan; J. Chave; J. Dall; K. Papathanassiou; P. Paillou; Markus Rechstein; S. Quegan; S. Saatchi; Klaus Seipel; H. Shugart; S. Tebaldini; L. Ulander; Mat Williams
recommend,0.212,Multi-scale observations of mangrove blue carbon ecosystem fluxes: The NASA Carbon Monitoring System BlueFlux field campaign,Environmental Research Letters,2023,10.1088/1748-9326/acdae6,10,B. Poulter; Francis M Adams-Metayer; Cibele Amaral; Abigail Barenblitt; A. Campbell; Sean P. Charles; R. Roman-Cuesta; Rocco D’Ascanio; E. Delaria; Cheryl L. Doughty; T. Fatoyinbo; Jonathan Gewirtzman; T. Hanisco; Moshema Hull; S. Kawa; R. Hannun; D. Lagomasino; L. Lait; S. Malone; P. Newman; P. Raymond; J. Rosentreter; N. Thomas; D. Vaughn; G. Wolfe; L. Xiong; Qing Ying; Zhen Zhang
recommend,0.212,Effects of temperature and precipitation on litterfall phenology in four evergreen broad‐leaved forests of southern China,Biotropica,2022,10.1111/btp.13094,8,Yuan Zhao; Xiaoqiu Chen; Jin-soo Kim; Mat Williams
recommend,0.212,Evaluation of wetland CH4 in the Joint UK Land Environment Simulator (JULES) land surface model using satellite observations,Biogeosciences,2022,10.5194/bg-19-5779-2022,8,R. Parker; C. Wilson; E. Comyn‐Platt; G. Hayman; T. Marthews; A. A. Bloom; M. Lunt; N. Gedney; S. Dadson; J. McNorton; N. Humpage; H. Boesch; M. Chipperfield; P. Palmer; Dai Yamazaki
recommend,0.212,A multi‐satellite framework to rapidly evaluate extreme biosphere cascades: The Western US 2021 drought and heatwave,Global Change Biology,2023,10.1111/gcb.16725,7,A. Feldman; Zhen Zhang; Y. Yoshida; P. Gentine; A. Chatterjee; D. Entekhabi; J. Joiner; B. Poulter
recommend,0.212,A moving target: trade‐offs between maximizing carbon and minimizing hydraulic stress for plants in a changing climate,New Phytologist,2024,10.1111/nph.20127,6,G. R. Quetin; L. Anderegg; I. Boving; A. Trugman
recommend,0.212,Northward shift of boreal tree cover confirmed by satellite record,Biogeosciences,2026,10.5194/bg-23-1089-2026,6,Min Feng; Joseph O. Sexton; Panshi Wang; P. Montesano; L. Calle; N. Carvalhais; B. Poulter; M. Macander; M. Wulder; M. Wooten; William C. Wagner; Akiko Elders; S. Channan; C. Neigh
recommend,0.212,Improvements in XCO2 accuracy from OCO-2 with the latest ACOS v10 product,,2021,10.5194/egusphere-egu21-10484,5,C. O’Dell; A. Eldering; M. Gunson; D. Crisp; Brendan Fisher; M. Kiel; L. Kuai; J. Laughner; A. Merrelli; R. Nelson; G. Osterman; V. Payne; R. Rosenberg; T. N. Taylor; P. Wennberg; S. Kulawik; H. Lindqvist; Scot M. Miller; R. Nassar
recommend,0.212,Optimizing the Temperature Sensitivity of the Isoprene Emission Model MEGAN in Different Ecosystems Using a Metropolis‐Hastings Markov Chain Monte Carlo Method,Journal of Geophysical Research - Biogeosciences,2025,10.1029/2025jg008806,4,C. DiMaria; D. Jones; V. Ferracci; A. A. Bloom; H. Worden; R. Seco; L. Vettikkat; A. Yáñez-Serrano; A. Guenther; A. Araújo; A. Goldstein; B. Langford; J. Cash; N. Harris; L. Brown; R. Rinnan; S. Schobesberger; T. Holst; J. Mak
recommend,0.212,Estimation of Forest Water Potential From Ground-Based L-Band Radiometry,IEEE Journal of Selected Topics in Applied Earth Observations and Remote Sensing,2025,10.1109/jstars.2025.3533567,2,T. Jagdhuber; A. Schmidt; A. Fluhrer; D. Chaparro; F. Jonard; M. Piles; N. Holtzman; A. Konings; Andrew F. Feldman; M. Baur; S. Steele‐Dunne; Konstantin Schellenberg; Harald Kunstmann
recommend,0.212,The carbon budget of the managed grasslands of Great Britain constrained by earth observations,,2021,10.5194/bg-2021-144,2,V. Myrgiotis; T. Smallman; Mat Williams
recommend,0.212,A Top‐Down View of Global and Regional Carbon Budgets From an Ensemble of Atmospheric Inversions,Global Biogeochemical Cycles,2026,10.1029/2025gb008779,2,A. M. Woude; I. Luijkx; R. Kok; W. Peters; F. Chevallier; C. Rödenbeck; P. Ciais; N. Chandra; K. Wang; R. Janardanan; H. Asperen; A. Bastos; A. Berg; A. A. Bloom; S. Botía; K. Bowman; J. Canadell; R. Souza; C. Q. Dias‐Júnior; L. Feng; P. Friedlingstein; L. Gatti; E. Gloor; K. Ishijima; F. Jiang; Z. Jin; W. Ju; X. Lan; J. Liu; Z. Liu; T. Machida; S. Maksyutov; A. Manning; A. Martinez; G. Martins; K. McKain; J. Miller; L. Nayagam; Y. Niwa; P. Palmer; P. Patra; P. Pickers; B. Poulter; B. Stephens; C. Sweeney; S. Wofsy; Z. Wu; D. Yang; J. Yun; N. Zeng
recommend,0.212,"Information content of soil hydrology in the Amazon as informed by
GRACE",,2021,10.5194/hess-2021-104,2,E. Massoud; A. A. Bloom; Marcos Longo; J. Reager; Paul A. Levine; John R. Worden
recommend,0.212,A Bayesian hierarchical framework for fusion of remote sensing data: An example with solar-induced fluorescence,,2025,,1,Manju Johny; Jonathan Hobbs; Vineet Yadav; Margaret Johnson; N. Parazoo; Hai Nguyen; Amy Braverman
recommend,0.212,More Frequent Spaceborne Sampling of XCO2 Improves Detectability of Carbon Cycle Seasonal Transitions in Arctic‐Boreal Ecosystems,Geophysical Research Letters,2024,10.1029/2023gl107158,1,N. Parazoo; G. Keppel‐Aleks; Stanley P. Sander; B. Byrne; V. Natraj; M. Luo; J. Blavier; Len Dorsky; R. Nassar
recommend,0.212,Quantifying the carbon balance of managed grasslands in near-real time and at field scale by using satellite data and biogeochemical modelling,Self-Sustaining Systems,2021,10.1117/12.2600856,1,Vasilis Myrgiotis; Mat Williams
recommend,0.212,Responses of terrestrial ecosystem respiration to soil moisture across Australia,Environmental Research Letters,2025,10.1088/1748-9326/ae0051,1,Eva‐Marie Metz; S. Vardag; Andrew F Feldman; B. Poulter; T. Colligan; B. Fischer-Femal; André Butz
recommend,0.212,Tropical Carbon and Water Observed from Above,,2021,10.1029/2021eo156852,0,J. Worden; S. Saatchi; A. Bloom
recommend,0.212,Estimating root zone storage capacity from flux measurements,,2021,10.5194/egusphere-egu21-9248,0,F. Giardina; P. Gentine; A. Konings; B. Stocker
recommend,0.212,More extreme El Niño events reduce ocean carbon uptake in the future,,2021,10.5194/egusphere-egu21-1756,0,Enhui Liao; L. Resplandy; Junjie Liu; K. Bowman
recommend,0.212,Emergent constraints on global carbon-climate feedbacks from regional atmospheric aridity,,2020,10.5194/egusphere-egu2020-10830,0,A. Barkhordarian; K. Bowman; N. Cressie; J. Jewell; J. Baehr
recommend,0.212,Evaluation of Wetland CH4 in the JULES Land Surface Model Using Satellite Observations,,2022,10.5194/bg-2022-2,0,R. Parker; Chris Wilson; E. Comyn‐Platt; G. Hayman; T. Marthews; A. A. Bloom; M. Lunt; N. Gedney; S. Dadson; J. McNorton; N. Humpage; H. Boesch; M. Chipperfield; P. Palmer; Dai Yamazaki
recommend,0.182,Pre-industrial to end 21st century projections of tropospheric ozone from the Atmospheric Chemistry and Climate Model Intercomparison Project (ACCMIP),,2012,10.5194/acp-13-2063-2013,668,P. Young; A. Archibald; K. Bowman; J. Lamarque; V. Naik; D. Stevenson; S. Tilmes; A. Voulgarakis; O. Wild; D. Bergmann; P. Cameron-smith; I. Cionni; W. Collins; S. Dalsøren; R. Doherty; V. Eyring; G. Faluvegi; L. Horowitz; B. Josse; Y. Lee; I. MacKenzie; T. Nagashima; D. Plummer; M. Righi; S. Rumbold; R. Skeie; D. Shindell; S. Strode; K. Sudo; S. Szopa; G. Zeng
recommend,0.182,"An assessment of the carbon balance of Arctic tundra: comparisons among observations, process models, and atmospheric inversions",,2011,10.5194/bg-9-3185-2012,391,A. McGuire; T. Christensen; D. Hayes; A. Héroult; E. Euskirchen; J. Kimball; C. Koven; P. Lafleur; P. Miller; W. Oechel; P. Peylin; Mat Williams; Y. Yi
recommend,0.182,The influence of vegetation and soil characteristics on active‐layer thickness of permafrost soils in boreal forest,Global Change Biology,2016,10.1111/gcb.13248,203,J. P. Fisher; Cristian Estop‐Aragonés; A. Thierry; D. Charman; S. Wolfe; I. Hartley; J. Murton; Mat Williams; G. Phoenix
recommend,0.182,Global patterns of water storage in the rooting zones of vegetation,Nature Geoscience,2023,10.1038/s41561-023-01125-2,190,B. Stocker; S. J. Tumber‐Dávila; A. Konings; Martha C. Anderson; C. Hain; R. B. Jackson
recommend,0.182,Biosphere-atmosphere exchange of CO2 in relation to climate: a cross-biome analysis across multiple time scales,,2009,10.5194/bg-6-2297-2009,162,P. Stoy; A. Richardson; D. Baldocchi; G. Katul; J. Stanovick; M. Mahecha; M. Reichstein; M. Detto; B. Law; G. Wohlfahrt; N. Arriga; J. Campos; J. Mccaughey; Leonardo Montagnani; S. Sevanto; Mat Williams
recommend,0.182,Disentangling climatic and anthropogenic controls on global terrestrial evapotranspiration trends,Environmental Research Letters,2015,10.1088/1748-9326/10/9/094008,151,J. Mao; W. Fu; Xiaoying Shi; D. Ricciuto; J. Fisher; R. Dickinson; Yaxing Wei; W. Shem; S. Piao; Kaicun Wang; C. Schwalm; H. Tian; M. Mu; M. A. Arain; P. Ciais; R. Cook; Yongjiu Dai; D. Hayes; F. Hoffman; Maoyi Huang; S. Huang; D. Huntzinger; A. Ito; A. Jain; A. King; H. Lei; Chaoqun Lu; A. Michalak; N. Parazoo; C. Peng; S. Peng; B. Poulter; K. Schaefer; Elchin E. Jafarov; P. Thornton; Weile Wang; N. Zeng; Zhenzhong Zeng; F. Zhao; Qiu'an Zhu; Zaichun Zhu
recommend,0.182,A 15-year record of CO emissions constrained by MOPITT CO observations,,2016,10.5194/acp-17-4565-2017,136,Zhe Jiang; J. Worden; H. Worden; M. Deeter; Dylan B. A. Jones; A. Arellano; D. Henze
recommend,0.182,Drought dominates the interannual variability in global terrestrial net primary production by controlling semi-arid ecosystems,Scientific Reports,2016,10.1038/srep24639,125,Ling Huang; B. He; Aifang Chen; Haiyan Wang; Junjie Liu; Aifeng Lű; Ziyue Chen
recommend,0.182,The impact of transport model differences on CO 2 surface flux estimates from OCO-2 retrievals of column average CO 2,,2017,10.5194/acp-18-7189-2018,118,S. Basu; D. Baker; F. Chevallier; P. Patra; Junjie Liu; John B. Miller
recommend,0.182,Satellite-based vegetation optical depth as an indicator of drought-driven tree mortality,Remote Sensing of Environment,2019,10.1016/j.rse.2019.03.026,114,K. Rao; W. Anderegg; A. Sala; J. Martínez‐Vilalta; A. Konings
recommend,0.182,"Diurnal and Seasonal Dynamics of Solar‐Induced Chlorophyll Fluorescence, Vegetation Indices, and Gross Primary Productivity in the Boreal Forest",Journal of Geophysical Research - Biogeosciences,2022,10.1029/2021jg006588,85,Z. Pierrat; T. Magney; N. Parazoo; K. Grossmann; D. Bowling; U. Seibt; Bruce Johnson; W. Helgason; Alan Barr; J. Bortnik; Alexander J. Norton; A. Maguire; C. Frankenberg; Jochen Stutz
recommend,0.182,Net ecosystem exchange over heterogeneous Arctic tundra: Scaling between chamber and eddy covariance measurements,,2008,10.1029/2007gb003027,78,A. Fox; B. Huntley; C. Lloyd; Mat Williams; R. Baxter
recommend,0.182,"The Carbon Cycle of Southeast Australia During 2019–2020: Drought, Fires, and Subsequent Recovery",AGU Advances,2021,10.1029/2021av000469,66,B. Byrne; Junjie Liu; Meemong Lee; Yixiang Yin; K. Bowman; K. Miyazaki; D. Pollard; D. Griffith; V. Velazco; N. Deutscher; N. Jones; C. Paton‐Walsh
recommend,0.182,Quantifying Uncertainty and Bridging the Scaling Gap in the Retrieval of Leaf Area Index by Coupling Sentinel-2 and UAV Observations,Remote Sensing,2020,10.3390/rs12111843,51,A. Revill; Anna Florence; A. MacArthur; S. Hoad; R. Rees; Mat Williams
recommend,0.182,"Leaf surface water, not plant water stress, drives diurnal variation in tropical forest canopy water content.",New Phytologist,2021,10.1111/nph.17254,49,Xiangtao Xu; A. Konings; M. Longo; A. Feldman; Liang Xu; S. Saatchi; Donghai Wu; Jin Wu; P. Moorcroft
recommend,0.182,Carbon cycling of European croplands: A framework for the assimilation of optical and microwave Earth observation data,,2013,10.1016/j.rse.2013.06.002,37,A. Revill; O. Sus; B. Barrett; Mat Williams
recommend,0.182,Improving Representation of Tropical Wetland Methane Emissions With CYGNSS Inundation Maps,Global Biogeochemical Cycles,2020,10.1029/2020gb006890,33,C. Gerlein‐Safdi; A. A. Bloom; G. Plant; E. Kort; C. Ruf
recommend,0.182,"Modeled production, oxidation, and transport processes of wetland methane emissions in temperate, boreal, and Arctic regions",Global Change Biology,2023,10.1111/gcb.16594,32,M. Ueyama; S. Knox; K. Delwiche; Sheel Bansal; W. Riley; D. Baldocchi; T. Hirano; G. McNicol; K. Schafer; L. Windham‐Myers; B. Poulter; R. Jackson; Kuang‐Yu Chang; Jiquen Chen; H. Chu; A. Desai; S. Gogo; H. Iwata; Minseok Kang; I. Mammarella; M. Peichl; O. Sonnentag; E. Tuittila; Y. Ryu; E. Euskirchen; M. Göckede; A. Jacotot; M. Nilsson; T. Sachs
recommend,0.182,Multi-year data-model evaluation reveals the importance of nutrient availability over climate in arctic ecosystem C dynamics,Environmental Research Letters,2020,10.1088/1748-9326/ab865b,30,E. López‐Blanco; M. Jackowicz-Korczynski; M. Mastepanov; K. Skov; A. Westergaard‐Nielsen; Mat Williams; T. Christensen
recommend,0.182,Berkeley‐RWAWC: A New CYGNSS‐Based Watermask Unveils Unique Observations of Seasonal Dynamics in the Tropics,Water Resources Research,2024,10.1029/2024wr037060,28,Tianjiao Pu; C. Gerlein‐Safdi; Ying Xiong; Mengze Li; E. Kort; A. A. Bloom
recommend,0.182,Biomass Burning Unlikely to Account for Missing Source of Carbonyl Sulfide,Geophysical Research Letters,2019,10.1029/2019gl085567,27,J. Stinecipher; P. Cameron-smith; N. Blake; L. Kuai; B. Lejeune; E. Mahieu; I. Simpson; J. E. Campbell
recommend,0.182,A global wetland methane emissions and uncertainty dataset for atmospheric chemical transport models,,2016,10.5194/gmd-2016-224,22,A. Bloom; K. Bowman; Meemong Lee; Alexander J. Turner; R. Schroeder; John R. Worden; R. Weidner; Kyle C. McDonald; D. J. Jacob
recommend,0.182,Two Aspects of Decadal ENSO Variability Modulating the Long‐Term Global Carbon Cycle,Geophysical Research Letters,2020,10.1029/2019gl086390,18,So‐Won Park; Jin‐Soo Kim; J. Kug; M. Stuecker; In‐Won Kim; Mat Williams
recommend,0.182,PSInet: a new global water potential network,Tree Physiology,2024,10.1093/treephys/tpae110,16,Ana Maria Restrepo-Acevedo; Jessica S. Guo; Steven A. Kannenberg; M. Benson; Daniel Beverly; Renata Diaz; W. Anderegg; Daniel M Johnson; George Koch; A. Konings; Lauren E. L. Lowman; J. Martínez‐Vilalta; R. Poyatos; H. Schenk; A. Matheny; K. McCulloh; J. Nippert; Rafael S. Oliveira; K. Novick
recommend,0.182,Quantifying the net contribution of the historical Amazonian deforestation to climate change,,2015,10.1002/2015gl063497,16,J. Exbrayat; Mat Williams
recommend,0.182,Comparison of Thermal Infrared-Derived Maps of Irrigated and Non-Irrigated Vegetation in Urban and Non-Urban Areas of Southern California,Remote Sensing,2020,10.3390/rs12244102,15,R. W. Coleman; N. Stavros; G. Hulley; N. Parazoo
recommend,0.182,Detection of fossil fuel emission trends in the presence of natural carbon cycle variability,Environmental Research Letters,2019,10.1088/1748-9326/ab2dd7,13,Yidong Yin; K. W. Bowman; K. W. Bowman; A. Bloom; J. Worden
recommend,0.182,Accounting for herbaceous communities in process‐based models will advance our understanding of “grassy” ecosystems,Global Change Biology,2023,10.1111/gcb.16950,13,Kevin R Wilcox; Anping Chen; Meghan L. Avolio; E. Butler; S. Collins; R. Fisher; T. Keenan; N. Kiang; A. Knapp; S. Koerner; Lara M Kueppers; Guopeng Liang; Eva Lieungh; M. Loik; Yiqi Luo; B. Poulter; P. Reich; Katherine M. Renwick; Melinda D. Smith; A. Walker; Ensheng Weng; K. Komatsu
recommend,0.182,The future of tundra carbon storage in Greenland - Sensitivity to climate and plant trait changes.,Science of the Total Environment,2022,10.1016/j.scitotenv.2022.157385,12,E. López‐Blanco; P. Langen; Mat Williams; J. Christensen; F. Boberg; K. Langley; T. Christensen
recommend,0.182,Can seasonal and interannual variation in landscape CO 2 fluxes be detected by atmospheric observations of CO 2 concentrations made at a tall tower,,2013,10.5194/bg-11-735-2014,10,T. Smallman; Mat Williams; J. Moncrieff
recommend,0.182,Limited evidence that tropical inundation and precipitation powered the 2020–2022 methane surge,Communications Earth & Environment,2025,10.1038/s43247-025-02438-3,10,Ying Xiong; E. Kort; A. A. Bloom; C. Gerlein‐Safdi; Tianjiao Pu; E. Bilir
recommend,0.182,Combining Observations and Models: A Review of the CARDAMOM Framework for Data‐Constrained Terrestrial Ecosystem Modeling,Global Change Biology,2025,10.1111/gcb.70462,9,M. Worden; T. Eren Bilir; A. Bloom; J. Fang; Lily P. Klinek; A. Konings; Paul A. Levine; D. Milodowski; G. R. Quetin; T. Smallman; Y. Bar-On; R. K. Braghiere; C. David; Nina A. Fischer; Pierre Gentine; Tim J. Green; Ayanna Jones; Junjie Liu; Marcos Longo; Shuang Ma; T. S. Magney; E. Massoud; V. Myrgiotis; Alexander J. Norton; N. Parazoo; E. Tajfar; A. Trugman; Mathew Williams; Sarah Worden; Wenli Zhao; Songyan Zhu
recommend,0.182,Evaluating Global Atmospheric Inversions of Terrestrial Net Ecosystem Exchange CO2 Over North America on Seasonal and Sub‐Continental Scales,Geophysical Research Letters,2022,10.1029/2022gl100147,9,Yuyan Cui; Li Zhang; A. Jacobson; Matthew S. Johnson; Sajeev Philip; D. Baker; F. Chevallier; A. Schuh; Junjie Liu; S. Crowell; Hélène E. Peiro; F. Deng; S. Basu; K. Davis
recommend,0.182,Adaptation and Response in Drylands (ARID): Community Insights for Scoping a NASA Terrestrial Ecology Field Campaign in Drylands,Earth's Future,2024,10.1029/2024ef004811,9,A. Feldman; S. Reed; C. Amaral; Alicja Babst-Kostecka; F. Babst; J. Biederman; Charles Devine; Zheng Fu; J. K. Green; Jessica S. Guo; N. Hanan; Raymond F Kokaly; M. Litvak; N. Macbean; David J.P. Moore; D. Ojima; B. Poulter; Russell L. Scott; W. Smith; R. Swap; C. Tucker; Lixin Wang; J. Watts; K. Wessels; Fangyue Zhang; Wen Zhang
recommend,0.182,Toward Low‐Latency Estimation of Atmospheric CO2 Growth Rates Using Satellite Observations: Evaluating Sampling Errors of Satellite and In Situ Observing Approaches,AGU Advances,2024,10.1029/2023av001145,7,Sudhanshu Pandey; John B. Miller; S. Basu; Junjie Liu; Brad Weir; B. Byrne; F. Chevallier; K. Bowman; Zhiqiang Liu; Feng Deng; C. O’Dell; A. Chatterjee
recommend,0.182,Tree species explain only half of explained spatial variability in plant water sensitivity,Global Change Biology,2024,10.1111/gcb.17425,6,A. Konings; K. Rao; Erica L. McCormick; A. Trugman; A. Williams; N. Diffenbaugh; Marta Yebra; Meng Zhao
recommend,0.182,From Ecosystem Observation to Environmental Decision-Making: Model-Data Fusion as an Operational Tool,Frontiers in Forests and Global Change,2022,10.3389/ffgc.2021.818661,6,T. Smallman; D. Milodowski; Mat Williams
recommend,0.182,Alternate Trait‐Based Leaf Respiration Schemes Evaluated at Ecosystem‐Scale Through Carbon Optimization Modeling and Canopy Property Data,Journal of Advances in Modeling Earth Systems,2019,10.1029/2019ms001679,6,R. Q. Thomas; Mat Williams; M. Cavaleri; J. Exbrayat; T. Smallman; L. Street
recommend,0.182,Challenges and opportunities in modelling savanna ecosystems,,2016,10.5194/bg-2016-190,4,Rhys Whitley; J. Beringer; L. Hutley; G. Abramowitz; M. D. Kauwe; Bradley J. Evans; V. Haverd; Longhui Li; C. Moore; Y. Ryu; S. Scheiter; S. Schymanski; Benjamin Smith; Ying‐ping Wang; Mat Williams; Qiang Yu
recommend,0.182,A Machine Learning Approach to Produce a Continuous Solar‐Induced Chlorophyll Fluorescence Over the Arctic Ocean,Journal of Geophysical Research,2024,10.1029/2024jh000215,3,N. Madani; N. Parazoo; M. Manizza; A. Chatterjee; D. Carroll; D. Menemenlis; V. Le Fouest; Atsushi Matsuoka; Kelly M. Luis; Camila Serra‐Pompei; C. E. Miller
recommend,0.182,Susceptibility to Photosynthesis Suppression From Extreme Storms Is Highly Site‐Dependent,Global Change Biology,2025,10.1111/gcb.70257,2,Erica L. McCormick; C. Famiglietti; D. Feng; A. Michalak; A. Konings
recommend,0.182,Impact of deforestation and climate on the Amazon Basin’s above-ground biomass during 1993–2012,Scientific Reports,2017,10.1038/s41598-017-15788-6,2,J. Exbrayat; Yi Y. Liu; Mat Williams
recommend,0.182,Amazonia Wetland Methane Emission Decrease in 2023: Seasonal Forecasting of Global Wetlands Highlights Monitoring Targets in Critical Ecosystems,Journal of Advances in Modeling Earth Systems,2025,10.1029/2025ms005510,2,C. A. Quinn; T. Colligan; Eric J. Ward; J. D. East; Yuna Lim; Eunjee Lee; Randal D. Koster; B. Poulter
recommend,0.182,"On the relationship between tropospheric CO and CO2 during KORUS-AQ
and its role in constraining anthropogenic CO2",,2020,10.5194/acp-2020-864,2,Wenfu Tang; B. Gaubert; L. Emmons; Yonghoon Choi; J. Digangi; G. Diskin; Xiaomei Xu; Cenlin He; H. Worden; S. Tilmes; R. Buchholz; H. Halliday; A. Arellano
recommend,0.182,Side-Facing UHF-Band Radar System to Monitor Tree Water Status,IEEE International Geoscience and Remote Sensing Symposium,2022,10.1109/igarss46834.2022.9883620,1,K. Rao; Yesenia J. Ulloa; N. Bienert; N. Chiariello; N. Holtzman; G. R. Quetin; S. Peters; Keith Winstein; Davide Castelletti; D. Schroeder; A. Konings
recommend,0.182,Spatial and Temporal Distribution of Global Wetland Methane Emissions During 2019–2020 Estimated From Satellite Observations,Journal of Geophysical Research - Atmospheres,2025,10.1029/2025jd044354,1,Ao Chen; Zhen Zhang; B. Poulter; Leyang Feng; Hanyu Liu; Lee T. Murray; Xueying Yu; Ziting Huang; Dylan C. Gaeta; K. Morgan; Qing Zhu; Scot M. Miller
recommend,0.182,Water Constraint is Limiting Global Gross Primary Productivity,,2020,10.5194/egusphere-egu2020-10458,0,N. Madani; N. Parazoo; J. Kimball; A. Ballantyne; M. Maneta; S. Saatchi; P. Palmer; Zhihua Liu; T. Tagesson
recommend,0.182,Reconciling remote sensing and reanalysis land surface temperatures: How surface conditions shape systematic differences between GOES-16 and MERRA-2 across the contiguous US,Journal of Applied Meteorology and Climatology,2026,10.1175/jamc-d-25-0171.1,0,Dhruva Kathuria; A. Konings; Jana Kolassa; Yanlan Liu; Meng Zhao; A. Shiklomanov
recommend,0.182,Enriched nutrient availability strengthens the net C uptake of the northernmost ecosystem station in Greenland,,2020,10.5194/egusphere-egu2020-11024,0,E. López‐Blanco; M. Jackowicz-Korczynski; M. Mastepanov; K. Skov; A. Westergaard‐Nielsen; Mat Williams; Torben R. Christensen
review,0.152,Decadal record of satellite carbon monoxide observations,,2012,10.5194/acp-13-837-2013,233,H. Worden; M. Deeter; C. Frankenberg; M. George; F. Nichitiu; J. Worden; I. Aben; K. Bowman; C. Clerbaux; P. Coheur; J. D. Laat; J. D. Laat; R. Detweiler; J. Drummond; D. Edwards; J. Gille; D. Hurtmans; M. Luo; S. Martínez-Alonso; S. Massie; G. Pfister; J. Warner
review,0.152,Carbon monoxide distributions from the IASI/METOP mission: evaluation with other space-borne remote sensors,,2009,10.5194/acp-9-8317-2009,227,M. George; C. Clerbaux; D. Hurtmans; S. Turquety; P. Coheur; M. Pommier; J. Hadji-Lazaro; D. Edwards; H. Worden; M. Luo; C. Rinsland; W. McMillan
review,0.152,Macro to micro: microwave remote sensing of plant water content for physiology and ecology.,New Phytologist,2019,10.1111/nph.15808,221,A. Konings; K. Rao; S. Steele‐Dunne
review,0.152,How does fire intensity and frequency affect miombo woodland tree populations and biomass?,Ecological Applications,2011,10.1890/09-1489.1,216,C. Ryan; Mat Williams
review,0.152,Rapid decline in carbon monoxide emissions and export from East Asia between years 2005 and 2016,,2017,10.1088/1748-9326/aab2b3,150,Bo Zheng; F. Chevallier; P. Ciais; Yi Yin; M. Deeter; H. Worden; Yilong Wang; Qiang Zhang; K. He
review,0.152,Nongrowing season methane emissions–a significant component of annual emissions across northern ecosystems,Global Change Biology,2018,10.1111/gcb.14137,146,C. Treat; A. A. Bloom; M. Marushchak
review,0.152,Confronting the water potential information gap,Nature Geoscience,2022,10.1038/s41561-022-00909-2,135,K. Novick; D. Ficklin; D. Baldocchi; K. Davis; T. Ghezzehei; A. Konings; N. Macbean; N. Raoult; R. Scott; Yuning Shi; B. Sulman; J. Wood
review,0.152,"Global methane budget and trend, 2010–2017: complementarity of inverse analyses using in situ (GLOBALVIEWplus CH4 ObsPack) and satellite (GOSAT) observations",Atmospheric Chemistry and Physics,2020,10.5194/acp-21-4637-2021,122,Xiao Lu; D. Jacob; Yuzhong Zhang; J. Maasakkers; M. Sulprizio; Lu Shen; Z. Qu; T. Scarpelli; H. Nesser; R. Yantosca; J. Sheng; A. Andrews; R. Parker; Hartmut Boech; A. A. Bloom; Shuang Ma
review,0.152,"Global distribution of methane emissions, emission trends, and OH
concentrations and trends inferred from an inversion of GOSAT
satellite data for 2010–2015",,2019,10.5194/acp-2018-1365,120,J. Maasakkers; D. Jacob; M. Sulprizio; T. Scarpelli; H. Nesser; J. Sheng; Yuzhong Zhang; M. Hersher; A. Bloom; K. Bowman; J. Worden; G. Janssens‑Maenhout; R. Parker
review,0.152,SAR-enhanced mapping of live fuel moisture content,,2020,10.1016/j.rse.2020.111797,117,K. Rao; A. P. Williams; J. F. Flefil; A. Konings
review,0.152,"Air pollution trends measured from Terra: CO and AOD over industrial, fire-prone, and background regions",Remote Sensing of Environment,2021,10.1016/j.rse.2020.112275,111,R. Buchholz; H. Worden; Mijeong Park; G. Francis; M. Deeter; D. Edwards; L. Emmons; B. Gaubert; J. Gille; S. Martínez-Alonso; Wenfu Tang; Rajesh Kumar; J. Drummond; C. Clerbaux; M. George; P. Coheur; D. Hurtmans; K. Bowman; M. Luo; V. Payne; J. Worden; M. Chin; R. Levy; J. Warner; Zigang Wei; S. Kulawik
review,0.152,Societal shifts due to COVID-19 reveal large-scale complexities and feedbacks between atmospheric chemistry and climate change,Proceedings of the National Academy of Sciences of the United States of America,2021,10.1073/pnas.2109481118,103,J. Laughner; J. Neu; D. Schimel; P. Wennberg; K. Barsanti; K. Bowman; A. Chatterjee; B. Croes; H. Fitzmaurice; D. Henze; Jinsol Kim; E. Kort; Zhu Liu; K. Miyazaki; A. Turner; S. Anenberg; J. Avise; H. Cao; D. Crisp; J. D. de Gouw; A. Eldering; J. Fyfe; D. Goldberg; K. Gurney; S. Hasheminassab; F. Hopkins; C. Ivey; Dylan B. A. Jones; Junjie Liu; N. Lovenduski; Randall V. Martin; G. McKinley; L. Ott; B. Poulter; M. Ru; S. Sander; N. Swart; Y. Yung; Z. Zeng
review,0.152,Air Quality Response in China Linked to the 2019 Novel Coronavirus (COVID‐19) Lockdown,Geophysical Research Letters,2020,10.1029/2020gl089252,92,K. Miyazaki; K. Bowman; T. Sekiya; Zhe Jiang; Xiaofei Chen; H. Eskes; M. Ru; Yuqiang Zhang; D. Shindell; D. Shindell
review,0.152,L-band vegetation optical depth seasonal metrics for crop yield assessment,Remote Sensing of Environment,2018,10.1016/j.rse.2018.04.049,89,D. Chaparro; M. Piles; M. Vall-llossera; Adriano Camps; A. Konings; D. Entekhabi
review,0.152,"Upscaling Wetland Methane Emissions From the FLUXNET‐CH4 Eddy Covariance Network (UpCH4 v1.0): Model Development, Network Assessment, and Budget Comparison",AGU Advances,2023,10.1029/2023av000956,70,G. McNicol; Etienne Fluet‐Chouinard; Z. Ouyang; S. Knox; Zhen Zhang; T. Aalto; Sheel Bansal; Kuan-Yu Chang; Min Chen; K. Delwiche; Sarah Feron; Mathias Goeckede; Jinxun Liu; A. Malhotra; J. Melton; W. Riley; R. Vargas; K. Yuan; Qing Ying; Qing Zhu; P. Alekseychik; M. Aurela; D. Billesbach; David I. Campbell; Jiquan Chen; H. Chu; A. Desai; E. Euskirchen; J. Goodrich; T. Griffis; M. Helbig; Takashi Hirano; H. Iwata; G. Jurasinski; John S. King; F. Koebsch; R. Kolka; Ken W. Krauss; A. Lohila; I. Mammarella; Mats E Nilson; A. Noormets; W. Oechel; M. Peichl; T. Sachs; Ayaka Sakabe; C. Schulze; O. Sonnentag; R. Sullivan; E. Tuittila; M. Ueyama; T. Vesala; E. Ward; Christian Wille; G. X. Wong; D. Zona; L. Windham‐Myers; B. Poulter; R. Jackson
review,0.152,Global ecosystem-scale plant hydraulic traits retrieved using model–data fusion,Hydrology and Earth System Sciences,2020,10.5194/hess-2020-649,69,Yanlan Liu; N. Holtzman; A. Konings
review,0.152,Correcting model biases of CO in East Asia: impact on oxidant distributions during KORUS-AQ.,Atmospheric Chemistry and Physics,2020,10.5194/acp-2020-599,66,B. Gaubert; L. Emmons; K. Raeder; S. Tilmes; K. Miyazaki; A. Arellano Jr.; N. Elguindi; C. Granier; Wenfu Tang; J. Barré; H. Worden; R. Buchholz; D. Edwards; Philipp Franke; Jeffrey L. Anderson; M. Saunois; J. Schroeder; J. Woo; I. Simpson; D. Blake; S. Meinardi; P. Wennberg; J. Crounse; A. Teng; Michelle J. Kim; R. Dickerson; Hao He; X. Ren; S. Pusede; G. Diskin
review,0.152,SMAP Detects Soil Moisture Under Temperate Forest Canopies,Geophysical Research Letters,2020,10.1029/2020gl089697,62,A. Colliander; M. Cosh; V. Kelly; S. Kraatz; L. Bourgeau-Chavez; P. Siqueira; A. Roy; A. Konings; N. Holtzman; S. Misra; D. Entekhabi; P. O’neill; S. Yueh
review,0.152,Estimate of carbonyl sulfide tropical oceanic surface fluxes using Aura Tropospheric Emission Spectrometer observations,,2015,10.1002/2015jd023493,55,L. Kuai; J. Worden; Jesse W. Campbell; S. Kulawik; King‐Fai Li; Meemong Lee; R. Weidner; S. Montzka; F. Moore; J. Berry; I. Baker; A. Denning; H. Bian; K. Bowman; Junjie Liu; Y. Yung
review,0.152,Estimating gross primary productivity of a tropical forest ecosystem over north-east India using LAI and meteorological variables,"Proceedings of the Indian Academy of Sciences, Earth and Planetary Sciences",2017,10.1007/s12040-017-0874-3,53,P. K. Deb Burman; D. Sarma; Mat Williams; A. Karipot; S. Chakraborty
review,0.152,Global gridded anthropogenic emissions inventory of carbonyl sulfide,Atmospheric Environment,2018,10.1016/j.atmosenv.2018.03.063,51,A. Zumkehr; T. Hilton; M. Whelan; S. Smith; L. Kuai; J. Worden; Jesse W. Campbell
review,0.152,Drivers of mangrove vulnerability and resilience to tropical cyclones in the North Atlantic Basin,bioRxiv,2022,10.1101/2022.11.22.517275,50,C. H. do Amaral; B. Poulter; D. Lagomasino; T. Fatoyinbo; P. Taillie; G. Lizcano; Steven W. J. Canty; Jorge Alfredo Herrera Silveira; C. Teutli-Hernández; M. Cifuentes; Sean P. Charles; Claudia Shantal Moreno; Juan David González-Trujillo; R. Roman-Cuesta
review,0.152,Decadal trends in the seasonal-cycle amplitude of terrestrial CO2 exchange resulting from the ensemble of terrestrial biosphere models,,2016,10.3402/tellusb.v68.28968,45,A. Ito; M. Inatomi; D. Huntzinger; C. Schwalm; A. Michalak; R. Cook; A. King; J. Mao; Yaxing Wei; W. M. Post; Weile Wang; M. A. Arain; Suo Huang; Daniel J. Hayes; D. Ricciuto; Xiaoying Shi; Maoyi Huang; H. Lei; H. Tian; Chaoqun Lu; Jia Yang; B. Tao; A. Jain; B. Poulter; S. Peng; P. Ciais; J. B. Fisher; N. Parazoo; K. Schaefer; C. Peng; N. Zeng; F. Zhao
review,0.152,"Rapid Mangrove Forest Loss and Nipa Palm (Nypa fruticans) Expansion in the Niger Delta, 2007-2017",Remote Sensing,2020,10.3390/rs12142344,41,C. Nwobi; Mat Williams; E. Mitchard
review,0.152,"Seasonal Characteristics of Model Uncertainties From Biogenic Fluxes, Transport, and Large‐Scale Boundary Inflow in Atmospheric CO2 Simulations Over North America",Journal of Geophysical Research - Atmospheres,2019,10.1029/2019jd031165,40,S. Feng; T. Lauvaux; K. Davis; K. Keller; Yu Zhou; Christopher Williams; A. Schuh; Junjie Liu; I. Baker
review,0.152,Terrestrial photosynthesis inferred from plant carbonyl sulfide uptake,Nature,2024,10.1038/s41586-024-08050-3,40,Jiameng Lai; Linda M. J. Kooijmans; Wu Sun; D. Lombardozzi; J. E. Campbell; L. Gu; Yiqi Luo; L. Kuai; Ying Sun
review,0.152,Regional data assimilation of multi-spectral MOPITT observations of CO over North America,,2015,10.5194/acp-15-6801-2015,39,Zhe Jiang; Dylan B. A. Jones; J. Worden; H. Worden; D. Henze; Yuxuan Wang
review,0.152,Quantifying lower tropospheric methane concentrations using GOSAT near-IR and TES thermal IR measurements,,2015,10.5194/amt-8-3433-2015,38,J. Worden; Alexander J. Turner; A. Bloom; S. Kulawik; Junjie Liu; Meemong Lee; R. Weidner; K. W. Bowman; C. Frankenberg; Robert J. Parker; V. Payne
review,0.152,Systematic Orbital Geometry-Dependent Variations in Satellite Solar-Induced Fluorescence (SIF) Retrievals,Remote Sensing,2020,10.3390/rs12152346,38,J. Joiner; Y. Yoshida; P. Köhler; P. Campbell; C. Frankenberg; C. Tol; Peiqi Yang; N. Parazoo; L. Guanter; Ying Sun
review,0.152,"Modeling Global Vegetation Gross Primary Productivity, Transpiration and Hyperspectral Canopy Radiative Transfer Simultaneously Using a Next Generation Land Surface Model—CliMA Land",Journal of Advances in Modeling Earth Systems,2023,10.1029/2021ms002964,36,Y. Wang; R. Braghiere; M. Longo; A. Norton; P. Köhler; R. Doughty; Y. Yin; A. Bloom; C. Frankenberg
review,0.152,The Value of Sentinel-2 Spectral Bands for the Assessment of Winter Wheat Growth and Development,Remote Sensing,2019,10.3390/rs11172050,35,A. Revill; Anna Florence; A. MacArthur; S. Hoad; R. Rees; Mat Williams
review,0.152,Exploring constraints on a wetland methane emission ensemble (WetCHARTs) using GOSAT observations,Biogeosciences,2020,10.5194/bg-17-5669-2020,32,Robert J. Parker; Chris Wilson; A. A. Bloom; E. Comyn‐Platt; G. Hayman; J. McNorton; H. Boesch; M. Chipperfield
review,0.152,Global Coordination in Plant Physiological and Rooting Strategies in Response to Water Stress,Global Biogeochemical Cycles,2021,10.1029/2020gb006758,30,Yaling Liu; A. Konings; D. Kennedy; P. Gentine
review,0.152,"Global sensitivity analysis, probabilistic calibration, and predictive assessment for the data assimilation linked ecosystem carbon model",,2014,10.5194/gmd-8-1899-2015,28,C. Safta; D. Ricciuto; K. Sargsyan; B. Debusschere; H. Najm; Mat Williams; P. Thornton
review,0.152,Comment on “The global tree restoration potential”,Science,2019,10.1126/science.aaz0388,28,S. Lewis; E. Mitchard; Colin Prentice; M. Maslin; B. Poulter
review,0.152,Multi-site evaluation of the JULES land surface model using global and local data,,2014,10.5194/gmd-8-295-2015,27,Darren Slevin; S. Tett; Mat Williams
review,0.152,The zonal structure of tropical O 3 and CO as observed by the Tropospheric Emission Spectrometer in November 2004 – Part 2: Impact of surface emissions on O 3 and its precursors,,2009,10.5194/acp-9-3563-2009,27,K. Bowman; Dylan B. A. Jones; J. Logan; H. Worden; F. Boersma; R. Chang; S. Kulawik; G. Osterman; P. Hamer; J. Worden
review,0.152,The role of heartwood water storage for sem-arid trees under drought,Agricultural and Forest Meteorology,2018,10.1016/j.agrformet.2018.04.007,26,Guozheng Hu; Hongyan Liu; Huailiang Shangguan; Xiuchen Wu; Xiaotian Xu; Mat Williams
review,0.152,Physics-Based Modeling of Active and Passive Microwave Covariations Over Vegetated Surfaces,IEEE Transactions on Geoscience and Remote Sensing,2019,10.1109/tgrs.2018.2860630,25,T. Jagdhuber; A. Konings; K. McColl; S. H. Alemohammad; N. Das; C. Montzka; M. Link; R. Akbar; D. Entekhabi
review,0.152,Emergent constraints on tropical atmospheric aridity—carbon feedbacks and the future of carbon sequestration,Environmental Research Letters,2021,10.1088/1748-9326/ac2ce8,25,A. Barkhordarian; K. Bowman; N. Cressie; J. Jewell; Junjie Liu
review,0.152,Salinity thresholds for understory plants in coastal wetlands,Plant Ecology,2021,10.1007/s11258-021-01209-2,25,Steven M. Anderson; Emily A. Ury; P. Taillie; Eric A. Ungberg; C. Moorman; B. Poulter; M. Ardón; E. Bernhardt; J. Wright
review,0.152,Extreme wet events as important as extreme dry events in controlling spatial patterns of vegetation greenness anomalies,,2021,10.1088/1748-9326/abfc78,23,C. Famiglietti; A. Michalak; A. Konings
review,0.152,Cold‐Season Methane Fluxes Simulated by GCP‐CH4 Models,Geophysical Research Letters,2023,10.1029/2023gl103037,23,A. Ito; T. Li; Z. Qin; J. Melton; H. Tian; T. Kleinen; W. Zhang; Z. Zhang; F. Joos; P. Ciais; P. Hopcroft; D. Beerling; X. Liu; Q. Zhuang; Q. Zhu; C. Peng; K. Chang; E. Fluet-Chouinard; G. McNicol; P. Patra; B. Poulter; S. Sitch; W. Riley; D. Beerling
review,0.152,A Simplified Framework for High-Resolution Urban Vegetation Classification with Optical Imagery in the Los Angeles Megacity,Remote Sensing,2020,10.3390/rs12152399,21,R. W. Coleman; Natasha Stavros; V. Yadav; N. Parazoo
review,0.152,Boreal permafrost thaw amplified by fire disturbance and precipitation increases,Environmental Research Letters,2020,10.1088/1748-9326/abbeb8,21,Mat Williams; Yu Zhang; Cristian Estop‐Aragonés; J. P. Fisher; G. Xenakis; D. Charman; I. Hartley; J. Murton; G. Phoenix
review,0.152,Lower-tropospheric CO 2 from near-infrared ACOS-GOSAT observations,,2016,10.5194/acp-17-5407-2017,19,S. Kulawik; C. O’Dell; V. Payne; L. Kuai; H. Worden; S. Biraud; C. Sweeney; B. Stephens; L. Iraci; E. Yates; Tomoak Tanaka
review,0.152,TROPESS/CrIS carbon monoxide profile validation with NOAA GML and ATom in situ aircraft observations,Atmospheric Measurement Techniques,2022,10.5194/amt-15-5383-2022,18,H. Worden; G. Francis; S. Kulawik; K. Bowman; K. Cady-Pereira; D. Fu; J. Hegarty; Valentin Kantchev; M. Luo; V. Payne; J. Worden; R. Commane; K. McKain
review,0.152,Technical note: 3-hourly temporal downscaling of monthly global terrestrialbiosphere model net ecosystem exchange,,2016,10.5194/bg-13-4271-2016,16,J. B. Fisher; M. Sikka; D. Huntzinger; C. Schwalm; Junjie Liu
review,0.152,"Exploring Constraints on a Wetland Methane Emission Ensemble
(WetCHARTs) using GOSAT Satellite Observations",,2020,10.5194/bg-2020-284,12,R. Parker; Chris Wilson; A. Bloom; E. Comyn‐Platt; G. Hayman; J. McNorton; H. Boesch; M. Chipperfield
review,0.152,Satellite soil moisture data assimilation impacts on modeling weather variables and ozone in the southeastern US – Part 2: Sensitivity to dry deposition parameterizations,Atmospheric Chemistry and Physics,2022,10.5194/acp-2021-1068,12,Min Huang; J. Crawford; G. Carmichael; K. Bowman; Sujay V. Kumar; C. Sweeney
review,0.152,Diverse biosphere influence on carbon and heat in mixed urban Mediterranean landscape revealed by high resolution thermal and optical remote sensing.,Science of the Total Environment,2021,10.1016/j.scitotenv.2021.151335,10,N. Parazoo; R. W. Coleman; V. Yadav; E. N. Stavros; G. Hulley; L. Hutyra
review,0.152,Satellite soil moisture data assimilation impacts on modeling weather variables and ozone in the southeastern US – Part 1: An overview,Atmospheric Chemistry and Physics,2021,10.5194/acp-21-11013-2021,9,Min Huang; James H. Crawford; J. Digangi; Gregory R. Carmichael; K. Bowman; Sujay V. Kumar; Xiwu Zhan
review,0.152,Fate of Pollution Emitted During the 2015 Indonesian Fire Season,Journal of Geophysical Research - Atmospheres,2017,10.1029/2020jd033474,9,Mijeong Park; H. Worden; D. Kinnison; B. Gaubert; S. Tilmes; L. Emmons; M. Santee; L. Froidevaux; C. Boone
review,0.152,A decrease in the age of respired carbon from the terrestrial biosphere and increase in the asymmetry of its distribution,Philosophical Transactions of the Royal Society A,2023,10.1098/rsta.2022.0200,8,C. Sierra; G. R. Quetin; Holger Metzler; Markus Müller
review,0.152,Unravelling the metabolism black-box in a dynamic wetland environment using a hybrid model framework: Storm driven changes in oxygen budgets.,Science of the Total Environment,2020,10.1016/j.scitotenv.2020.138020,8,Junjie Liu; Benya Wang; C. Oldham; M. Hipsey
review,0.152,"Development of a global dataset of Wetland Area and Dynamics for
Methane Modeling (WAD2M)",,2020,10.5194/essd-2020-262,7,Zhen Zhang; Etienne Fluet‐Chouinard; Katherine Jensen; Kyle C. McDonald; G. Hugelius; T. Gumbricht; Mark Carroll; Catherine Prigent; A. Bartsch; B. Poulter
review,0.152,Ecosystem Water‐Saving Timescale Varies Spatially With Typical Drydown Length,AGU Advances,2024,10.1029/2023av001113,6,N. Holtzman; B. Sloan; Aaron Potkay; G. Katul; Xue Feng; A. Konings
review,0.152,Attribution of Chemistry-Climate Model Initiative (CCMI) ozone radiative flux bias from satellites,,2020,10.5194/acp-20-281-2020,6,L. Kuai; K. Bowman; K. Miyazaki; M. Deushi; L. Revell; E. Rozanov; F. Paulot; S. Strode; Andrew J. Conley; J. Lamarque; P. Jöckel; D. Plummer; L. Oman; H. Worden; S. Kulawik; D. Paynter; A. Stenke; M. Kunze
review,0.152,Climate mitigation potential and soil microbial response of cyanobacteria‐fertilized bioenergy crops in a cool semi‐arid cropland,GCB Bioenergy,2022,10.1111/gcbb.13001,6,Justin D. Gay; Hannah M. Goemann; Bryce Currey; P. Stoy; Jesper Riis Christiansen; Perry R. Miller; B. Poulter; Brent M. Peyton; E. N. J. Brookshire
review,0.152,"Continental configuration controls the base-state water vapor greenhouse effect: lessons from half-land, half-water planets",Climate Dynamics,2023,10.1007/s00382-023-06857-w,5,M. Laguë; G. R. Quetin; Sarah Ragen; W. Boos
review,0.152,A Greenhouse Gas Budget for Mexico During 2000–2019,Journal of Geophysical Research - Biogeosciences,2024,10.1029/2023jg007667,5,G. Murray-Tortarolo; Kevin Perea; Alma Mendoza-Ponce; A. Martínez-Arroyo; F. Murguía-Flores; Víctor J. Jaramillo; Montserrat Serrano-Medrano; M. García-García; R. Vargas; Abhishek Chatterjee; A. Michalak; Zhen Zhang; Jonathan A. Wang; B. Poulter
review,0.152,Impacts of reduced model complexity and driver resolution on cropland ecosystem photosynthesis estimates,,2016,10.1016/j.fcr.2015.12.006,4,A. Revill; A. Bloom; Mat Williams
review,0.152,Global Long-Term Brightness Temperature Record from L-Band SMOS and Smap Observations,2021 IEEE International Geoscience and Remote Sensing Symposium IGARSS,2021,10.1109/igarss47720.2021.9554579,3,Xiaojun Li; J. Wigneron; F. Frappart; L. Fan; G. Lannoy; A. Konings; Xiangzhuo Liu; Mengjia Wang; R. Fernandez-Moran; A. Al-Yaari; Hongliang Ma; Zanping Xing; C. Moisy
review,0.152,A U.S. Scientific Community Vision for Sustained Earth Observations of Greenhouse Gases to Support Local to Global Action,AGU Advances,2025,10.1029/2025av001914,2,N. Parazoo; D. Carroll; J. B. Abshire; Y. Bar-On; R. Birdsey; A. Bloom; K. Bowman; R. K. Braghiere; L. Bruhwiler; B. Byrne; A. Chatterjee; D. Crisp; L. Duncanson; A. Feldman; A. Fox; C. Frankenberg; B. Gay; F. Hopkins; F. M. Hoffman; J. Holmquist; L. Hutyra; M. Keller; C. Koven; J. Laughner; J. Liu; N. Lovenduski; N. Macbean; G. McKinley; G. McNicol; D. Menemenlis; A. Michalak; C. E. Miller; H. Nesser; T. Oda; E. Ordway; L. Ott; K. Paustian; Z. Pierrat; B. Poulter; S. Reed; D. Schimel; S. Serbin; S. Saatchi; H. Suto; L. Windham‐Myers; D. Wunch
review,0.152,Monitoring the Pulse of America's Natural Resources From the Orbiting Carbon Observatory Missions,AGU Advances,2025,10.1029/2025av002063,2,Mark Svoboda; O. Kira; Ying Sun; W. Smith; T. S. Magney; Jeffrey D. Wood; N. Parazoo
review,0.152,The Greenhouse Gas Budget of Southeast Asia for 2000–2019 and Pathways Toward Climate Neutrality,Global Biogeochemical Cycles,2025,10.1029/2024gb008256,2,M. Kondo; P. Patra; J. Canadell; P. Ciais; Richard A. Houghton; Akihito Ito; C. Deshmukh; Tomo’omi Kumagai; Xiangzhong Luo; Umakant Mishra; A. Jain; Wei Li; Gerbrand Koren; S. Sitch; B. Poulter; H. Tian; A. Bastos; R. Lauerwald; J. Rosentreter; N. Chandra; T. Saeki; M. Saunois; I. Luijkx; Takashi Maki; Takashi Nakamura; K. Hirabayashi; Takeshi Hirano; N. Saigusa
review,0.152,Thermal fertilization of the high-latitude northern forests,,2020,10.1002/essoar.10503282.1,1,Junjie Liu; P. Wennberg; N. Parazoo; Yi Yin; C. Frankenberg
review,0.152,Retrieval of Forest Water Potential from L-Band Vegetation Optical Depth,2021 IEEE International Geoscience and Remote Sensing Symposium IGARSS,2021,10.1109/igarss47720.2021.9554622,1,T. Jagdhuber; A. Fluhrer; Alena Schmidt; F. Jonard; D. Chaparro; T. Meyer; N. Holtzman; A. Konings; A. Feldman; M. Baur; M. Piles; D. Entekhabi
review,0.152,Emergent constraints on climate—carbon cycle feedbacks from tropical atmospheric aridity,,2021,10.21203/rs.3.rs-132691/v1,1,A. Barkhordarian; K. Bowman; N. Cressie; J. Jewell; Junjie Liu
review,0.152,Variations of Carbonyl Sulfide During the Dry/Wet Seasons Over the Amazon,Geophysical Research Letters,2023,10.1029/2022gl101717,1,Xinyue Wang; Xun Jiang; King‐Fai Li; M. Liang; L. Kuai; Lin Tan; Y. Yung
review,0.152,Methane fluxes from Arctic & boreal North America: comparisons between process-based estimates and atmospheric observations,Atmospheric Chemistry and Physics,2026,10.5194/acp-26-1229-2026,1,Hanyu Liu; M. Ishizawa; F. Vogel; Zhen Zhang; B. Poulter; Leyang Feng; Ao Chen; Anna L. Gagné-Landmann; Deborah N. Huntzinger; Joe R. Melton; Vineet Yadav; Dylan C. Gaeta; Ziting Huang; Doug Worthy; D. Chan; Scot M. Miller
review,0.152,Greenhouse Gas Budgets of Central and West Asia (2000–2020): A Significant Net Source to the Atmosphere,Global Biogeochemical Cycles,2025,10.1029/2024gb008370,1,Xiaoyu Qin; Hanqin Tian; J. Canadell; Yu Shi; S. Pan; A. Bastos; P. Ciais; Monica Crippa; N. Pan; P. Patra; B. Poulter; M. Saunois; S. Sitch
review,0.152,Hyperspectral Imaging Predicts Differences in Carbon and Nitrogen Status Among Representative Biocrust Functional Groups of the Colorado Plateau,Journal of Geophysical Research: Biogeosciences,2024,10.1029/2024jg008089,1,Dong Yan; S. Reed; William A. Rutherford; Mostafa Javadian; Robin Reibold; Miguel L. Villarreal; B. Poulter; Shujun Song; W. Smith
review,0.152,Co-evolution of carbon cycle and air quality fluxes constrained by CMS-Flux and MOMO-Chem assimilation systems,,2021,10.5194/egusphere-egu21-14067,0,K. Bowman; K. Miyazaki; Junjie Liu; A. Bloom
review,0.152,From concentrations requirements to emission committments: prospects and challenges for the Global Stocktake,,2020,10.5194/egusphere-egu2020-6202,0,K. Bowman; Junjie Liu; A. Bloom; S. Saatchi; Liang Xu; K. Miyazaki; Meemong Lee; D. Menemenlis; D. Carroll; D. Schimel
review,0.152,Reduced Uncertainties from Multifrequency Constraints on Terrestrial Carbon and Water Processes,IEEE International Geoscience and Remote Sensing Symposium,2019,10.1109/igarss.2019.8898581,0,V. Meyer; A. Bloom; M. Burgin; J. Reager; R. Shah; A. Konings
review,0.152,Detecting drought impact on terrestrial biosphere carbon fluxes over US with satellite observations,,2018,,0,Junjie Liu; N. Parazoo; K. Bowman; A. Bloom; D. Wunch; D. Schimel; K. Gurney
review,0.152,Scientific Applications of Multi-Angle Measurements to Reconstruct Earth’s Atmosphere through Tomography,Bulletin of The American Meteorological Society - (BAMS),2026,10.1175/bams-d-24-0293.1,0,Linda Forster; Mark T. Richardson; A. Davis; Mauricio Hess-Flores; Igor Yanovsky; J. Ryan; M. Lebsock; D. Posselt; F. Seidel; Chi O. Ao; Shannon T. Brown; D. Diner; E. Fishbein; L. Girolamo; M. Kurowski; Lukas Mandrake; C. E. Miller; N. Parazoo; Graeme Stephens; J. P. Teixeira; J. Hyon; M. Seablom
review,0.152,Mapping Drainage Canals in Southeast Asian Peatlands and their Implications for Peatland Degradation,,2020,10.5194/egusphere-egu2020-12505,0,N. Dadap; A. Cobb; A. Hoyt; K. Rao; C. Harvey; A. Konings
review,0.152,"Attribution of Chemistry-Climate Model Initiative (CCMI) ozone radiative flux
bias from satellites",,2019,10.5194/acp-2019-231,0,L. Kuai; K. Bowman; H. Worden; K. Miyazaki; S. Kulawik; Andrew J. Conley; J. Lamarque; F. Paulot; D. Paynter; L. Oman; S. Strode; E. Rozanov; A. Stenke; L. Revell; D. Plummer; M. Deushi; P. Jöckel; M. Kunze
review,0.152,Assimilating Satellite Reflectance Data Into an Ecosystem Model to Constrain Estimates of Terrestrial Carbon Flux.,,2008,,0,T. Quaife; P. Lewis; M. D. Kauwe; Mat Williams; B. Law
review,0.152,Airborne Observations Reveal Underestimated Riverine Methane Emissions Across the Amazon,Geophysical Research Letters,2026,10.1029/2026gl122310,0,L. Ort; C. Frankenberg; Nikhil Dadheech; J. Yoon; Alexander J. Turner; A. A. Bloom; Paul Konopka; H. Lachnitt; Peter Hoor; J. Lelieveld; E. Kort; H. Fischer
review,0.152,Global methane emissions derived from two years of TROPOMI observations: Sensitivity to OH and missing sources,,2021,10.1002/essoar.10509130.1,0,Xueying Yu; D. Millet; D. Henze; A. Turner; A. Lorente; A. A. Bloom; J. Sheng; A. L. Delgado
review,0.152,Satellite Measurements of Carbonyl Sulfide: A New Constraint on Tropical GPP Seasonality in Global Ecosystem Models,,2016,,0,J. Stinecipher; J. Campbell; L. Kuai
review,0.121,"Tropospheric Ozone Assessment Report: Tropospheric ozone from 1877 to 2016, observed levels, trends and uncertainties",Elementa: Science of the Anthropocene,2019,10.1525/elementa.376,207,D. Tarasick; I. Galbally; O. Cooper; M. Schultz; G. Ancellet; T. Leblanc; T. Wallington; J. Ziemke; Xiong Liu; M. Steinbacher; J. Staehelin; C. Vigouroux; J. Hannigan; O. García; G. Foret; P. Zanis; E. Weatherhead; I. Petropavlovskikh; H. Worden; M. Osman; Jane Liu; Kai‐Lan Chang; A. Gaudel; Meiyun Lin; M. Granados-Muñoz; A. Thompson; S. Oltmans; J. Cuesta; G. Dufour; V. Thouret; B. Hassler; T. Trickl; J. Neu
review,0.121,Unexpected slowdown of US pollutant emission reduction in the past decade,Proceedings of the National Academy of Sciences of the United States of America,2018,10.1073/pnas.1801191115,177,Zhe Jiang; Zhe Jiang; Brian C. McDonald; Brian C. McDonald; H. Worden; J. Worden; K. Miyazaki; Z. Qu; D. Henze; Dylan B. A. Jones; A. Arellano; E. Fischer; Liye Zhu; K. F. Boersma; K. F. Boersma
review,0.121,Attribution of the accelerating increase in atmospheric methane during 2010–2018 by inverse analysis of GOSAT observations,Atmospheric Chemistry and Physics,2020,10.5194/acp-21-3643-2021,156,Yuzhong Zhang; D. Jacob; Xiao Lu; J. Maasakkers; T. Scarpelli; J. Sheng; Lu Shen; Z. Qu; M. Sulprizio; Jinfeng Chang; A. Bloom; Shuang Ma; J. Worden; R. Parker; H. Boesch
review,0.121,Hyperspectral remote sensing of fire: State-of-the-art and future perspectives,Remote Sensing of Environment,2018,10.1016/j.rse.2018.06.020,138,S. Veraverbeke; P. Dennison; I. Gitas; G. Hulley; O. Kalashnikova; T. Katagis; L. Kuai; R. Meng; D. Roberts; N. Stavros
review,0.121,Global-scale assessment and inter-comparison of recently developed/reprocessed microwave satellite vegetation optical depth products,,2020,10.1016/j.rse.2020.112208,136,Xiaojun Li; J. Wigneron; F. Frappart; L. Fan; P. Ciais; R. Fensholt; D. Entekhabi; M. Brandt; A. Konings; Xiangzhuo Liu; Mengjia Wang; A. Al-Yaari; C. Moisy
review,0.121,"Factors controlling spatio‐temporal variation in carbon dioxide efflux from surface litter, roots, and soil organic matter at four rain forest sites in the eastern Amazon",,2007,10.1029/2007jg000443,125,D. Metcalfe; P. Meir; L. Aragão; Y. Malhi; A. Costa; A. P. Braga; P. Gonçalves; J. D. Athaydes; S. Almeida; Mat Williams
review,0.121,Evaluating the consistency between OCO-2 and OCO-3 XCO2 estimates derived from the NASA ACOS version 10 retrieval algorithm,Atmospheric Measurement Techniques,2023,10.5194/amt-16-3173-2023,115,T. Taylor; C. O’Dell; D. Baker; C. Bruegge; A. Chang; L. Chapsky; A. Chatterjee; Cecilia Cheng; F. Chevallier; D. Crisp; L. Dang; B. Drouin; A. Eldering; Liang Feng; B. Fisher; D. Fu; M. Gunson; V. Haemmerle; G. Keller; M. Kiel; L. Kuai; T. Kurosu; A. Lambert; J. Laughner; R. Lee; Junjie Liu; L. Mandrake; Y. Marchetti; G. McGarragh; A. Merrelli; R. Nelson; G. Osterman; F. Oyafuso; P. Palmer; V. Payne; R. Rosenberg; P. Somkuti; G. Spiers; Cathy To; B. Weir; P. Wennberg; Shanshan Yu; J. Zong
review,0.121,"Updated tropospheric chemistry reanalysis and emission estimates, TCR-2, for 2005–2018",,2020,10.5194/essd-12-2223-2020,97,K. Miyazaki; K. Bowman; T. Sekiya; H. Eskes; F. Boersma; H. Worden; N. Livesey; V. Payne; K. Sudo; Y. Kanaya; M. Takigawa; K. Ogochi
review,0.121,Radiance-based retrieval bias mitigation for the MOPITT instrument: the version 8 product,Atmospheric Measurement Techniques,2019,10.5194/amt-12-4561-2019,82,M. Deeter; D. Edwards; G. Francis; J. Gille; D. Mao; S. Martínez-Alonso; H. Worden; D. Ziskin; M. Andreae
review,0.121,High-resolution tropospheric carbon monoxide profiles retrieved from CrIS and TROPOMI,,2016,10.5194/amt-9-2567-2016,80,D. Fu; K. Bowman; H. Worden; V. Natraj; J. Worden; Shanshan Yu; P. Veefkind; I. Aben; J. Landgraf; L. Strow; Yong Han
review,0.121,"Southern California megacity CO2, CH4, and CO flux estimates using ground- and space-based remote sensing and a Lagrangian model",Atmospheric Chemistry and Physics,2018,10.5194/acp-18-16271-2018,78,J. Hedelius; Junjie Liu; T. Oda; Shamil Maksyutov; C. Roehl; L. Iraci; J. Podolske; P. Hillyard; Jianming Liang; K. Gurney; D. Wunch; P. Wennberg
review,0.121,Pre-rain green-up is ubiquitous across southern tropical Africa: implications for temporal niche separation and model representation.,New Phytologist,2017,10.1111/nph.14262,76,C. Ryan; Mat Williams; J. Grace; Emily Woollen; C. Lehmann
review,0.121,"The relative contributions of precipitation, evapotranspiration, and runoff to terrestrial water storage changes across 168 river basins",Journal of Hydrology,2019,10.1016/j.jhydrol.2019.124194,74,Yafeng Zhang; B. He; Lanlan Guo; Junjie Liu; Xiaoming Xie
review,0.121,An examination of the long-term CO records from MOPITT and IASI: Comparison of retrieval methodology,,2015,10.5194/amt-8-4313-2015,70,M. George; C. Clerbaux; I. Bouarar; P. Coheur; M. Deeter; D. Edwards; G. Francis; J. Gille; J. Hadji-Lazaro; D. Hurtmans; A. Inness; D. Mao; H. Worden
review,0.121,Active microwave observations of diurnal and seasonal variations of canopy water content across the humid African tropical forests,,2017,10.1002/2016gl072388,64,A. Konings; Yifan Yu; Liang Xu; Yan Yang; D. Schimel; S. Saatchi
review,0.121,Plant-water sensitivity regulates wildfire vulnerability,Nature Ecology & Evolution,2022,10.1038/s41559-021-01654-2,62,K. Rao; A. P. Williams; N. Diffenbaugh; M. Yebra; A. Konings
review,0.121,Reanalysis in Earth System Science: Toward Terrestrial Ecosystem Reanalysis,Reviews of Geophysics,2021,10.1029/2020rg000715,57,R. Baatz; H. Franssen; E. Euskirchen; D. Sihi; M. Dietze; S. Ciavatta; K. Fennel; H. Beck; G. Lannoy; V. Pauwels; A. Raiho; C. Montzka; Mat Williams; U. Mishra; C. Poppe; S. Zacharias; A. Lausch; L. Samaniego; K. Looy; H. Bogena; M. Adamescu; M. Mirtl; A. Fox; K. Goergen; B. Naz; Yijian Zeng; H. Vereecken
review,0.121,"Aboveground Carbon Storage and Its Links to Stand Structure, Tree Diversity and Floristic Composition in South-Eastern Tanzania",Ecosystems,2017,10.1007/s10021-017-0180-6,53,Iain M. McNicol; C. Ryan; Kyle G. Dexter; S. Ball; Mat Williams
review,0.121,Mapping the world's inland surface waters: an upgrade to the Global Lakes and Wetlands Database (GLWD v2),Earth System Science Data,2025,10.5194/essd-17-2277-2025,52,Bernhard Lehner; Mira Anand; Etienne Fluet‐Chouinard; F. Tan; F. Aires; G. Allen; Philippe Bousquet; J. Canadell; Nick Davidson; Meng Ding; C. M. Finlayson; T. Gumbricht; L. Hilarides; G. Hugelius; R. Jackson; M. Korver; Liangyun Liu; PB McIntyre; Szabolcs Nagy; D. Olefeldt; T. Pavelsky; Jean-François Pekel; B. Poulter; Catherine Prigent; Jida Wang; Thomas A. Worthington; Dai Yamazaki; Xiao Zhang; Michele Thieme
review,0.121,Working towards confident spaceborne monitoring of carbon emissions from cities using Orbiting Carbon Observatory-2,Remote Sensing of Environment,2019,10.1016/j.rse.2019.111359,51,L. Labzovskii; Sujong Jeong; N. Parazoo
review,0.121,Drainage Canals in Southeast Asian Peatlands Increase Carbon Emissions,AGU Advances,2021,10.1029/2020av000321,51,N. Dadap; A. Hoyt; A. Cobb; D. Oner; M. Koziński; P. Fua; K. Rao; C. Harvey; A. Konings
review,0.121,The covariation of Northern Hemisphere summertime CO 2 with surface temperature in boreal regions,,2013,10.5194/acp-13-9447-2013,47,D. Wunch; P. Wennberg; J. Messerschmidt; N. Parazoo; G. Toon; N. Deutscher; G. Keppel‐Aleks; C. Roehl; J. Randerson; T. Warneke; J. Notholt
review,0.121,CH 4 and CO distributions over tropical fires during October 2006 as observed by the Aura TES satellite instrument and modeled by GEOS-Chem,,2013,10.5194/acp-13-3679-2013,44,J. Worden; K. Wecht; C. Frankenberg; M. Alvarado; K. Bowman; E. Kort; S. Kulawik; Meemong Lee; V. Payne; H. Worden
review,0.121,"An updated tropospheric chemistry reanalysis and emission estimates, TCR-2, for 2005–2018",,2020,10.5194/essd-2020-30,44,K. Miyazaki; K. Bowman; T. Sekiya; H. Eskes; F. Boersma; H. Worden; N. Livesey; V. Payne; K. Sudo; Y. Kanaya; M. Takigawa; K. Ogochi
review,0.121,Gross Primary Productivity of a High Elevation Tropical Montane Cloud Forest,Ecosystems,2014,10.1007/s10021-014-9758-4,41,M. J. Weg; P. Meir; Mat Williams; C. Girardin; Y. Malhi; J. Silva-Espejo; J. Grace
review,0.121,Hydrologic connectivity drives extremes and high variability in vegetation productivity across Australian arid and semi-arid ecosystems,Remote Sensing of Environment,2022,10.1016/j.rse.2022.112937,39,A. Norton; P. Rayner; Ying‐ping Wang; N. Parazoo; L. Baskaran; P. Briggs; V. Haverd; R. Doughty
review,0.121,Influence of ENSO and the NAO on terrestrial carbon uptake in the Texas‐northern Mexico region,,2015,10.1002/2015gb005125,32,N. Parazoo; E. Barnes; J. Worden; A. Harper; Kevin B. Bowman; C. Frankenberg; S. Wolf; M. Litvak; T. Keenan
review,0.121,Inverse modelling of Chinese NOx emissions using deep learning: integrating in situ observations with a satellite-based chemical reanalysis,Atmospheric Chemistry and Physics,2022,10.5194/acp-22-14059-2022,32,Tai-Long He; Dylan Jones; K. Miyazaki; K. Bowman; Zhe Jiang; Xiaokang Chen; Rui Li; Yuxiang Zhang; Kunna Li
review,0.121,Hypotheses for Near-Surface Exchange of Methane on Mars,Astrobiology,2016,10.1089/ast.2015.1410,32,R. Hu; A. A. Bloom; P. Gao; C. E. Miller; Y. L. Yung
review,0.121,Interpreting the Seasonality of Atmospheric Methane,Geophysical Research Letters,2024,10.1029/2024gl108494,30,James D. East; Daniel J. Jacob; Nicholas Balasus; A. A. Bloom; L. Bruhwiler; Zichong Chen; J. Kaplan; L. Mickley; T. Mooring; E. Penn; B. Poulter; M. Sulprizio; John R. Worden; R. Yantosca; Zhen Zhang
review,0.121,Regional and Urban Column CO Trends and Anomalies as Observed by MOPITT Over 16 Years,Journal of Geophysical Research - Atmospheres,2021,10.1029/2020jd033967,29,J. Hedelius; G. Toon; R. Buchholz; L. Iraci; J. Podolske; C. Roehl; P. Wennberg; H. Worden; D. Wunch
review,0.121,Improved monitoring of surface ozone by joint assimilation of geostationary satellite observations of ozone and CO,,2014,10.1016/j.atmosenv.2013.11.048,27,P. Zoogman; D. Jacob; K. Chance; H. Worden; D. Edwards; Lin Zhang
review,0.121,Remote sensing of vegetation dynamics in agro-ecosystems using smap vegetation optical depth and optical vegetation indices,IEEE International Geoscience and Remote Sensing Symposium,2017,10.1109/igarss.2017.8127964,24,M. Piles; Gustau Camps-Valls; D. Chaparro; D. Entekhabi; A. Konings; T. Jagdhuber
review,0.121,Incident radiation and the allocation of nitrogen within Arctic plant canopies: implications for predicting gross primary productivity,Global Change Biology,2012,10.1111/j.1365-2486.2012.02754.x,24,L. Street; G. Shaver; E. Rastetter; M. van Wijk; Brooke A Kaye; Mat Williams
review,0.121,Characterization of OCO-2 and ACOS-GOSAT biases and errors for CO2 flux estimates,,2019,10.5194/amt-2019-257,24,S. Kulawik; S. Crowell; D. Baker; Junjie Liu; K. McKain; C. Sweeney; S. Biraud; S. Wofsy; C. O’Dell; P. Wennberg; D. Wunch; C. Roehl; N. Deutscher; M. Kiel; D. Griffith; V. Velazco; J. Notholt; T. Warneke; C. Petri; M. De Mazière; M. Sha; R. Sussmann; M. Rettinger; D. Pollard; I. Morino; O. Uchino; F. Hase; D. Feist; S. Roche; K. Strong; R. Kivi; L. Iraci; K. Shiomi; M. Dubey; E. Sepúlveda; O. E. Rodríguez; Y. Té; P. Jeseck; P. Heikkinen; E. Dlugokencky; M. Gunson; A. Eldering; D. Crisp; B. Fisher; G. Osterman
review,0.121,Averaging kernel prediction from atmospheric and surface state parameters based on multiple regression for nadir-viewing satellite measurements of carbon monoxide and ozone,,2013,10.5194/amt-6-1633-2013,23,H. Worden; D. Edwards; M. Deeter; D. Fu; S. Kulawik; J. Worden; A. Arellano
review,0.121,The Importance of Hyperspectral Soil Albedo Information for Improving Earth System Model Projections,AGU Advances,2023,10.1029/2023av000910,22,R. Braghiere; Y. Wang; A. Gagné-Landmann; P. Brodrick; A. Bloom; A. Norton; S. Ma; P. Levine; M. Longo; K. Deck; P. Gentine; J. Worden; C. Frankenberg; T. Schneider
review,0.121,Resolve the Clear‐Sky Continuous Diurnal Cycle of High‐Resolution ECOSTRESS Evapotranspiration and Land Surface Temperature,Water Resources Research,2022,10.1029/2022wr032227,21,J. Wen; J. Fisher; N. Parazoo; Leiqiu Hu; M. Litvak; Ying Sun
review,0.121,Observed forest trait velocities have not kept pace with hydraulic stress from climate change,Global Change Biology,2023,10.1111/gcb.16847,19,G. R. Quetin; L. Anderegg; I. Boving; W. Anderegg; A. Trugman
review,0.121,The 2005 Amazon Drought Legacy Effect Delayed the 2006 Wet Season Onset,Geophysical Research Letters,2019,10.1029/2019gl083776,19,M. Shi; Junjie Liu; John R. Worden; A. Bloom; S. Wong; R. Fu
review,0.121,Canopy Height and Climate Dryness Parsimoniously Explain Spatial Variation of Unstressed Stomatal Conductance,Geophysical Research Letters,2022,10.1029/2022gl099339,18,Yanlan Liu; Olivia Flournoy; Quan Zhang; K. Novick; R. Koster; A. Konings
review,0.121,A new empirical framework to quantify the hydraulic effects of soil and atmospheric drivers on plant water status,Global Change Biology,2024,10.1111/gcb.17222,17,M. Mencuccini; W. Anderegg; O. Binks; T. Knipfer; A. Konings; K. Novick; R. Poyatos; J. Martínez‐Vilalta
review,0.121,Verifying Methane Inventories and Trends With Atmospheric Methane Data,AGU Advances,2023,10.1029/2023av000871,16,J. Worden; S. Pandey; Yuzhong Zhang; D. Cusworth; Z. Qu; A. A. Bloom; Shuang Ma; J. Maasakkers; B. Byrne; R. Duren; D. Crisp; D. Gordon; D. Jacob
review,0.121,Extending the satellite data record of tropospheric ozone profiles from Aura-TES to MetOp-IASI: characterisation of optimal estimation retrievals,,2014,10.5194/amt-7-4223-2014,16,H. Oetjen; V. Payne; S. Kulawik; A. Eldering; J. Worden; D. Edwards; G. Francis; H. Worden; C. Clerbaux; J. Hadji-Lazaro; D. Hurtmans
review,0.121,"Geomorphological patterns of remotely sensed methane hot spots in the Mackenzie Delta, Canada",Environmental Research Letters,2021,10.1088/1748-9326/ac41fb,15,L. Baskaran; C. Elder; A. A. Bloom; Shuang Ma; D. Thompson; C. Miller
review,0.121,Atmospheric Simulations of Total Column CO2 Mole Fractions from Global to Mesoscale within the Carbon Monitoring System Flux Inversion Framework,,2020,10.3390/atmos11080787,14,M. Butler; T. Lauvaux; S. Feng; Junjie Liu; K. Bowman; K. Davis
review,0.121,"Quantifying Emissions of CO and NOx Using Observations From MOPITT, OMI, TES, and OSIRIS",Journal of Geophysical Research - Atmospheres,2016,10.1029/2018jd028670,13,X. Zhang; Dylan B. A. Jones; M. Keller; T. Walker; Zhe Jiang; D. Henze; H. Worden; A. Bourassa; D. Degenstein; Y. Rochon
review,0.121,Development of SMAP Retrievals for Forested Regions: SMAPVEX19-22 and SMAPVEX22-Boreal,IEEE International Geoscience and Remote Sensing Symposium,2022,10.1109/igarss46834.2022.9884441,11,A. Colliander; M. Cosh; A. Berg; S. Misra; J. Ambadan; L. Bourgeau-Chavez; V. Kelly; S. Kraatz; P. Siqueira; A. Roy; W. Helgason; R. Magagi; T. Lakhankar; M. Ogut; J. Chaubell; S. Dunbar; J. Famiglietti; A. Konings; M. Kurum; D. Entekhabi; S. Yueh
review,0.121,Quantification of Ammonia Emissions With High Spatial Resolution Thermal Infrared Observations From the Hyperspectral Thermal Emission Spectrometer (HyTES) Airborne Instrument,IEEE Journal of Selected Topics in Applied Earth Observations and Remote Sensing,2019,10.1109/jstars.2019.2918093,11,L. Kuai; O. Kalashnikova; F. Hopkins; G. Hulley; Huikyo Lee; M. Garay; R. Duren; J. Worden; S. Hook
review,0.121,Global distribution of the rooting zone water storage capacity reflects plant adaptation to the environment,bioRxiv,2021,10.1101/2021.09.17.460332,10,B. Stocker; S. J. Tumber‐Dávila; A. Konings; M. Anderson; C. Hain; R. B. Jackson
review,0.121,Across‐model spread and shrinking in predicting peatland carbon dynamics under global change,Global Change Biology,2023,10.1111/gcb.16643,10,E. Hou; Shuang Ma; Yuanyuan Huang; Yu Zhou; Hyung-sub Kim; E. López‐Blanco; Lifen Jiang; J. Xia; F. Tao; Christopher Williams; Mat Williams; D. Ricciuto; P. Hanson; Yiqi Luo
review,0.121,A New Field Protocol for Monitoring Forest Degradation,Frontiers in Forests and Global Change,2021,10.3389/ffgc.2021.655280,10,Charlotte E. Wheeler; E. Mitchard; Hugo E. Nalasco Reyes; Gloria Iñiguez Herrera; José Isaac Márquez Rubio; Harry Carstairs; Mat Williams
review,0.121,Multi‐Season Evaluation of CO2 Weather in OCO‐2 MIP Models,Journal of Geophysical Research - Atmospheres,2021,10.1029/2021jd035457,10,Li Zhang; K. Davis; A. Schuh; A. Jacobson; S. Pal; Yuyan Cui; D. Baker; S. Crowell; F. Chevallier; M. Remaud; Junjie Liu; B. Weir; Sajeev Philips; Matthew S. Johnson; F. Deng; S. Basu
review,0.121,Temperature Is Likely an Important Omission in Interpreting Vegetation Optical Depth,Geophysical Research Letters,2024,10.1029/2024gl110094,9,Meng Zhao; V. Humphrey; A. Feldman; A. Konings
review,0.121,"Anomalies of O3, CO, C2H2, H2CO, and C2H6 detected with multiple ground-based Fourier-transform infrared spectrometers and assessed with model simulation in 2020: COVID-19 lockdowns versus natural variability",Elem Sci Anth,2023,10.1525/elementa.2023.00015,9,I. Ortega; B. Gaubert; J. Hannigan; G. Brasseur; H. Worden; T. Blumenstock; H. Fu; F. Hase; P. Jeseck; N. Jones; Cheng Liu; E. Mahieu; I. Morino; I. Murata; J. Notholt; M. Palm; A. Röhling; Y. Té; K. Strong; Youwen Sun; S. Yamanouchi
review,0.121,A mass-weighted isentropic coordinate for mapping chemical tracers and computing atmospheric inventories,Atmospheric Chemistry and Physics,2021,10.5194/acp-21-217-2021,8,Yuming Jin; R. Keeling; E. Morgan; E. Ray; N. Parazoo; B. Stephens
review,0.121,Climate Sensitivities of Carbon Turnover Times in Soil and Vegetation: Understanding Their Effects on Forest Carbon Sequestration,,2022,10.1029/2020jg005880,8,R. Ge; Honglin He; Li Zhang; X. Ren; Mat Williams; Guirui Yu; T. Luke Smallman; Tao Zhou; Pan Li; Zongqiang Xie; Silong Wang; Huimin Wang; Guoyi Zhou; Qibin Zhang; An-zhi Wang; Z. Fan; Yiping Zhang; W. Shen; H. Yin; Luxiang Lin
review,0.121,The Earth in Living Color - NASA's Surface Biology and Geology Designated Observable,IEEE Aerospace Conference,2022,10.1109/aero53065.2022.9843640,8,D. Schimel; B. Poulter
review,0.121,"Validation and error estimation of AIRS MUSES CO profiles with HIPPO, ATom, and NOAA GML aircraft observations",Atmospheric Measurement Techniques,2022,10.5194/amt-15-205-2022,8,J. Hegarty; K. Cady-Pereira; V. Payne; S. Kulawik; J. Worden; Valentin Kantchev; H. Worden; K. McKain; J. Pittman; R. Commane; Bruce C. Daube Jr.; E. Kort
review,0.121,"Validation and Error Estimation of AIRS MUSES CO Profiles with HIPPO, ATom and NOAA GML Aircraft Observations",,2021,10.5194/amt-2021-211,8,J. Hegarty; K. Cady-Pereira; V. Payne; S. Kulawik; J. Worden; Valentin Kantchev; H. Worden; K. McKain; J. Pittman; R. Commane; Bruce C. Daube Jr.; E. Kort
review,0.121,"On‐Orbit Spatial Performance Characterization for Thermal Infrared Imagers of Landsat 7, 8, and 9, ECOSTRESS and CTI",Journal of Geophysical Research - Biogeosciences,2024,10.1029/2023jg007506,7,T. Holmes; B. Poulter; J. McCorkel; D. Jennings; D. Wu; B. Efremova; A. Shiklomanov; W. Johnson; M. Jhabvala; S. Hook
review,0.121,"Southern California Megacity CO2, CH4, and CO flux estimates
using remote sensing and a Lagrangian model",,2018,10.5194/acp-2018-517,5,J. Hedelius; Junjie Liu; T. Oda; Shamil Maksyutov; C. Roehl; L. Iraci; J. Podolske; P. Hillyard; D. Wunch; P. Wennberg
review,0.121,and Syntheses : Carbonyl Sulfide as a Multi-scale Tracer for Carbon and Water Cycles,,2018,,5,Mary E. Whelan; S. Lennartz; T. Gimeno; R. Wehr; G. Wohlfahrt; Yuting Wang; Linda M. J. Kooijmans; TimothyW. Hilton; S. Belviso; P. Peylin; R. Commane; Wu Sun; Huilin Chen; L. Kuai; I. Mammarella; K. Maseyk; Max Berkelhammer; K. Li; D. Yakir; A. Zumkehr; Yoko Katayama; J. Ogée; F. Spielmann; Florian Kitz; B. Rastogi; J. Kesselmeier; Julia Marshall; Kukka-Maaria Erkkilä; L. Wingate; Laura K. Meredith; Wei He; Rüdiger Bunk; T. Launois; T. Vesala; J. Schmidt; C. Fichot; U. Seibt; S. Saleska; E. Saltzman; S. Montzka; Joseph A. Berry; J. E. Campbell
review,0.121,A comparison of carbon monoxide retrievals between the MOPITT satellite and Canadian high-Arctic ground-based NDACC and TCCON FTIR measurements,Atmospheric Measurement Techniques,2022,10.5194/amt-15-6837-2022,5,A. Jalali; K. Walker; K. Strong; R. Buchholz; M. Deeter; D. Wunch; S. Roche; T. Wizenberg; E. Lutsch; E. McGee; H. Worden; P. Fogal; J. Drummond
review,0.121,Extending the satellite data record of tropospheric ozone profiles from Aura-TES to MetOp-IASI,,2014,10.5194/amtd-7-7013-2014,5,H. Oetjen; V. Payne; S. Kulawik; A. Eldering; J. Worden; D. Edwards; G. Francis; H. Worden; C. Clerbaux; J. Hadji-Lazaro; D. Hurtmans
review,0.121,Simulating the atmospheric CO2 concentration across the heterogeneous landscape of Denmark using a coupled atmosphere–biosphere mesoscale model system,Biogeosciences,2018,10.5194/bg-16-1505-2019,4,A. Lansø; T. Smallman; J. Christensen; Mat Williams; K. Pilegaard; L. Sørensen; C. Geels
review,0.121,A mass-weighted atmospheric isentropic coordinate for mapping chemical tracers and computing inventories,,2020,10.5194/acp-2020-841,3,Yuming Jin; R. Keeling; E. Morgan; E. Ray; N. Parazoo; B. Stephens
review,0.121,Continuous monitoring of plant water potential: sensor‐based approaches and best practices,New Phytologist,2026,10.1111/nph.71194,3,Ana Maria Restrepo-Acevedo; Jessica S. Guo; K. Novick; V. Humphrey; Roman Zweifel; A. Konings; George Koch; John F. Knowles; L. Anderegg; Jennifer M R Peters; S. Paligi; H. Schenk; Daniel Beverly; R. Magh; Yitong Yao; C. Hackmann; Gil Bohrer; Marvin Browne; A. Carminati; S. A. Kannenberg
review,0.121,Widespread Co‐Location of Less Frequent and More Intense Daily Precipitation Over Land,Geophysical Research Letters,2026,10.1029/2025gl120745,2,A. Feldman; Xue Feng; Andrew J. Felton; W. Crow; J. Biederman; A. Konings; B. Poulter; S. Serbin
review,0.121,Carbon dioxide and water vapor exchange of a ponderosa pine forest: Micrometeorological measurements and modeling in a water-limited ecosystem,,1997,,2,E. Beverly; M. Peter; D. Dennis; Mat Williams; H. Michael
review,0.121,OPTIMAL ESTIMATES OF GLOBAL TERRESTRIAL GROSS PRIMARY PRODUCTION FROM SATELLITE FLUORESCENCE AND DGVMS,,2014,,1,N. Parazoo; K. Bowman; J. Fisher; C. Frankenberg; Dylan B. A. Jones; A. Cescatti; Ó. Pérez-Priego; G. Wohlfahrt; Leonardo Montagnani
review,0.121,Interannual variability in North American ecosystems,,2020,10.5194/egusphere-egu2020-5966,0,B. Byrne; Junjie Liu; A. Bloom; K. Bowman; Z. Butterfield; J. Joiner; G. Keppel‐Aleks; N. Parazoo; Yi Yin
review,0.121,Top-down estimates of carbon monoxide fluxes from tropical biogenic emissions,,2018,,0,H. Worden; A. Bloom; J. Worden; Zhe Jiang; E. Marais; T. Stavrakou; B. Gaubert; F. Lacey
review,0.121,Model and Inventory Perspectives on the Role of Forests in the Global Carbon Cycle: Results from the Multi-scale Synthesis and Terrestrial Model Intercomparison Project (MsTMIP),,2014,,0,D. Hayes; G. Chen; J. Mao; R. Birdsey; Y. Pan; D. Huntzinger; C. Schwalm; A. Michalak; Y. Wei; R. Cook; K. Schaefer; A. Jacobson; M. A. Arain; P. Ciais; J. Fisher; Maoyi Huang; S. Huang; A. Jain; H. Lei; Chaoqun Lu; F. Maignan; N. Parazoo; C. Peng; S. Peng; B. Poulter; D. Ricciuto; Xiaoying Shi; H. Tian; N. Zeng; F. Zhao
review,0.121,The carbon cycle response of the Amazon forest during the 2010 drought in dynamic global vegetation models,,2014,,0,A. Harper; P. Friedlingstein; S. Sitch; P. Cox; Chris D. Jones; A. Arneth; A. Arvanitis; P. Ciais; C. Frankenberg; A. Jain; Etsushi Kato; S. Levis; N. Parazoo; B. Poulter; B. Stocker; A. Wiltshire; S. Zaehle
review,0.121,Plant hydraulics accentuates the effects of atmospheric moisture stress on transpiration,,2020,10.5194/egusphere-egu2020-8472,0,A. Konings; Yanlan Liu; Mukesh Kumar; Xue Feng; G. Katul
review,0.121,L-Band Vegetation Optical Depth for Crop Phenology Monitoring and Crop Yield Assessment,IEEE International Geoscience and Remote Sensing Symposium,2018,10.1109/igarss.2018.8518545,0,D. Chaparro; M. Piles; M. Vall-llossera; Adriano Camps; A. Konings; D. Entekhabi; T. Jagdhuber
review,0.121,Leaf Shedding During Drought Reduces Hydraulic Stress in Trees,AGU Advances,2026,10.1029/2025av001907,0,G. R. Quetin; L. Anderegg; A. Trugman
review,0.121,Global model-data-fusion estimates of ecosystem carbon fluxes,,2014,,0,Mat Williams
review,0.121,Assimilating MODIS reflectance data into an ecosystem model to improve estimates of terrestrial carbon flux: recent progress,IEEE International Geoscience and Remote Sensing Symposium,2007,10.1109/igarss.2007.4424002,0,T. Quaife; M. D. Kauwe; Philip Lewis; Mat Williams
review,0.121,Significant Influence of Lateral Carbon Fluxes on Regional U.S. Carbon Budgets,Global Biogeochemical Cycles,2026,10.1029/2025gb009020,0,B. Byrne; J. Liu; G. Domke; S. Ogle; G. D. Ferreira; Y. Bar-On; H. Nesser; E. Bilir; A. A. Bloom; D. Hayes; B. Poulter; K. Bowman; K. Davis
review,0.121,Exploring the environmental drivers of global terrestrial CO2 fluxes inferred from OCO-2 and a geostatistical inverse model,,2020,10.1002/essoar.10501918.1,0,Zichong Chen; Scot M. Miller; Junjie Liu; D. Henze; D. Huntzinger; K. C. Wells
review,0.121,Drivers of mangrove vulnerability and resilience to tropical cyclones in the North Atlantic Basin.,Science of the Total Environment,2023,10.2139/ssrn.4381378,0,C. H. do Amaral; B. Poulter; D. Lagomasino; T. Fatoyinbo; Paul Taillie; Gil Lizcano; Steven W. J. Canty; J. H. Silveira; C. Teutli-Hernández; M. Cifuentes; Sean Charles; Claudia Shantal Moreno; Juan David González-Trujillo; R. Roman-Cuesta
review,0.121,Enhanced MOPITT data coverage through cloud detection improvement,,2021,10.5194/amt-2021-112,0,H. Marey; J. Drummond; Dylan B. A. Jones; H. Worden; M. Deeter; J. Gille; D. Mao
review,0.091,"Long‐term ecosystem level experiments at Toolik Lake, Alaska, and at Abisko, Northern Sweden: generalizations and differences in ecosystem and plant type responses to global change",,2004,10.1111/j.1365-2486.2003.00719.x,349,M. Wijk; K. Clemmensen; G. Shaver; Mat Williams; T. Callaghan; F. Chapin; J. Cornelissen; L. Gough; S. Hobbie; S. Jonasson; John A. Lee; A. Michelsen; M. Press; S. Richardson; H. Rueth
review,0.091,Contrasting carbon cycle responses of the tropical continents to the 2015–2016 El Niño,Science,2017,10.1126/science.aam5690,301,Junjie Liu; K. Bowman; D. Schimel; N. Parazoo; Zhe Jiang; Meemong Lee; A. Bloom; D. Wunch; C. Frankenberg; Ying Sun; O. ChristopherW.; Dell; Kevin Robert Gurney; D. Menemenlis; M. Gierach; David Crisp; A. Eldering
review,0.091,Confronting model predictions of carbon fluxes with measurements of Amazon forests subjected to experimental drought.,New Phytologist,2013,10.1111/nph.12390,296,T. Powell; D. Galbraith; B. Christoffersen; A. Harper; H. Imbuzeiro; L. Rowland; S. Almeida; P. Brando; A. D. da Costa; M. Costa; N. Levine; Y. Malhi; S. Saleska; E. Sotta; Mat Williams; P. Meir; P. Moorcroft
review,0.091,Global trends and scenarios for terrestrial biodiversity and ecosystem services from 1900 to 2050,Science,2024,10.1126/science.adn3441,250,H. Pereira; Inês S. Martins; Isabel M. D. Rosa; HyeJin Kim; Paul Leadley; Alexander Popp; D. V. van Vuuren; G. Hurtt; Luise Quoss; A. Arneth; D. Baisero; M. Bakkenes; R. Chaplin‐Kramer; L. Chini; Moreno Di Marco; Simon Ferrier; S. Fujimori; Carlos A. Guerra; M. Harfoot; Thomas D. Harwood; T. Hasegawa; V. Haverd; P. Havlík; Stefanie Hellweg; J. Hilbers; S. Hill; A. Hirata; Andrew J. Hoskins; Florian Humpenöder; J. Janse; W. Jetz; J. Johnson; A. Krause; D. Leclère; Tetsuya Matsui; Johan R. Meijer; C. Merow; M. Obersteiner; Haruka Ohashi; Adriana De Palma; B. Poulter; Andy Purvis; B. Quesada; C. Rondinini; A. Schipper; J. Settele; Richard Sharp; E. Stehfest; B. Strassburg; Kiyoshi Takahashi; Matthew V. Talluto; W. Thuiller; N. Titeux; Piero Visconti; C. Ware; Florian Wolf; Rob Alkemade
review,0.091,Reduced biomass burning emissions reconcile conflicting estimates of the post-2006 atmospheric methane budget,Nature Communications,2017,10.1038/s41467-017-02246-0,244,J. Worden; A. Bloom; S. Pandey; S. Pandey; Zhe Jiang; Zhe Jiang; H. Worden; T. Walker; S. Houweling; S. Houweling; S. Houweling; T. Röckmann
review,0.091,The global spectrum of plant form and function: enhanced species-level trait dataset,Scientific Data,2022,10.1038/s41597-022-01774-9,244,Sandra Díaz; J. Kattge; J. Cornelissen; I. Wright; S. Lavorel; S. Dray; B. Reu; M. Kleyer; C. Wirth; I. Prentice; E. Garnier; G. Bönisch; M. Westoby; H. Poorter; P. Reich; A. Moles; J. Dickie; A. Zanne; J. Chave; S. Wright; S. Sheremetiev; H. Jactel; C. Baraloto; B. Cerabolini; S. Pierce; B. Shipley; F. Casanoves; Julia S. Joswig; Angela Günther; V. Falczuk; N. Rüger; M. Mahecha; Lucas D. Gorné; Bernard Amiaud; O. Atkin; M. Bahn; D. Baldocchi; Michael Beckmann; B. Blonder; W. Bond; B. Bond‐Lamberty; K. Brown; S. Burrascano; Chaeho Byun; G. Campetella; J. Cavender-Bares; F. Chapin; B. Choat; D. Coomes; W. Cornwell; J. Craine; D. Craven; M. Dainese; A. D. de Araújo; F. D. de Vries; T. Domingues; B. Enquist; J. Fagúndez; Jingyun Fang; F. Fernández-Méndez; Maria T. Fernandez-Piedade; Henry Ford; E. Forey; G. T. Freschet; S. Gachet; R. Gallagher; W. Green; G. Guerin; Á. Gutiérrez; S. Harrison; W. Hattingh; Tianhua He; T. Hickler; S. Higgins; P. Higuchi; J. Ilic; Roberta Jackson; A. Jalili; S. Jansen; F. Koike; C. König; Nathan J B Kraft; K. Kramer; H. Kreft; I. Kühn; H. Kurokawa; E. Lamb; D. Laughlin; M. Leishman; S. Lewis; F. Louault; A. C. Malhado; P. Manning; P. Meir; Maurizio Mencuccini; J. Messier; Regis B. Miller; V. Minden; J. Molofsky; R. Montgomery; G. Montserrat-Martí; M. Moretti; S. Müller; Ü. Niinemets; R. Ogaya; K. Öllerer; V. Onipchenko; Y. Onoda; W. Ozinga; J. Pausas; B. Peco; J. Peñuelas; V. Pillar; C. Pladevall; C. Römermann; L. Sack; N. Salinas; B. Sandel; J. Sardans; B. Schamp; M. Scherer‐Lorenzen; E. Schulze; F. Schweingruber; S. Shiodera; Ê. Sosinski; Nadejda A. Soudzilovskaia; M. Spasojevic; E. Swaine; N. Swenson; S. Tautenhahn; K. Thompson; Alexia Totté; Rocío Urrutia-Jalabert; F. Valladares; P. V. van Bodegom; François Vasseur; K. Verheyen; D. Vile; C. Violle; B. von Holle; Patrick Weigelt; E. Weiher; M. Wiemann; Mat Williams; J. Wright; G. Zotz
review,0.091,L-band vegetation optical depth and effective scattering albedo estimation from SMAP.,,2017,10.1016/j.rse.2017.06.037,235,A. Konings; M. Piles; N. Das; D. Entekhabi
review,0.091,Evidence from Amazonian forests is consistent with isohydric control of leaf water potential.,"Plant, Cell and Environment",2006,10.1111/j.1365-3040.2005.01407.x,222,R. Fisher; Mat Williams; Raquel Lobo Do Vale; A. D. da Costa; P. Meir
review,0.091,Global-scale assessment and combination of SMAP with ASCAT (active) and AMSR2 (passive) soil moisture products,,2017,10.1016/j.rse.2017.10.026,199,Hyunglok Kim; R. Parinussa; A. Konings; W. Wagner; M. Cosh; V. Lakshmi; M. Zohaib; Minha Choi
review,0.091,The Importance of Consistent Global Forest Aboveground Biomass Product Validation,Surveys in geophysics,2019,10.1007/s10712-019-09538-8,194,L. Duncanson; J. Armston; M. Disney; V. Avitabile; N. Barbier; K. Calders; S. Carter; J. Chave; M. Herold; T. W. Crowther; M. Falkowski; J. Kellner; N. Labrière; Richard Lucas; N. Macbean; R. McRoberts; V. Meyer; E. Næsset; J. Nickeson; K. Paul; O. Phillips; M. Réjou‐Méchain; M. Roman; S. Roxburgh; S. Saatchi; D. Schepaschenko; K. Scipal; P. Siqueira; A. Whitehurst; Mat Williams
review,0.091,Estimating parameters of a forest ecosystem C model with measurements of stocks and fluxes as joint constraints,Oecologia,2010,10.1007/s00442-010-1628-y,186,A. Richardson; Mat Williams; D. Hollinger; D. Moore; D. B. Dail; E. Davidson; N. Scott; R. Evans; H. Hughes; John T. Lee; C. Rodrigues; K. Savage
review,0.091,Shifts in plant respiration and carbon use efficiency at a large-scale drought experiment in the eastern Amazon.,New Phytologist,2010,10.1111/j.1469-8137.2010.03319.x,154,D. Metcalfe; D. Metcalfe; P. Meir; L. Aragão; R. Lobo-do-Vale; D. Galbraith; D. Galbraith; R. Fisher; M. M. Chaves; J. Marôco; A. D. Costa; S. Almeida; A. P. Braga; P. Gonçalves; J. D. Athaydes; M. L. Costa; T. Portela; A. A. Oliveira; Y. Malhi; Mat Williams
review,0.091,Emerging satellite observations for diurnal cycling of ecosystem processes,Nature Plants,2021,10.1038/s41477-021-00952-8,153,J. Xiao; J. Fisher; H. Hashimoto; K. Ichii; N. Parazoo
review,0.091,Interacting Effects of Leaf Water Potential and Biomass on Vegetation Optical Depth,,2017,10.1002/2017jg004145,144,M. Momen; J. Wood; K. Novick; R. Pangle; W. Pockman; N. McDowell; A. Konings
review,0.091,Sub-continental-scale carbon stocks of individual trees in African drylands,Nature,2023,10.1038/s41586-022-05653-6,123,C. Tucker; M. Brandt; P. Hiernaux; A. Kariryaa; K. Rasmussen; J. Small; C. Igel; Florian Reiner; K. Melocik; Jesse Meyer; Scott S. Sinno; E. Romero; E. Glennie; Yasmin Fitts; Auguste Morin; J. Pinzón; D. McClain; P. Morin; C. Porter; Shane Loeffler; L. Kergoat; Bil-Assanou Issoufou; P. Savadogo; J. Wigneron; B. Poulter; P. Ciais; R. Kaufmann; R. Myneni; Sassan Saatchi; R. Fensholt
review,0.091,Tropospheric Ozone Assessment Report,Elementa: Science of the Anthropocene,2020,10.1525/elementa.2020.034,117,A. Archibald; J. Neu; Y. Elshorbany; O. Cooper; P. J. Young; H. Akiyoshi; R. Cox; M. Coyle; R. Derwent; M. Deushi; A. Finco; G. Frost; I. Galbally; G. Gerosa; C. Granier; Paul Thomas Griffiths; R. Hossaini; L. Hu; P. Jöckel; B. Josse; M. Lin; M. Mertens; O. Morgenstern; M. Naja; V. Naik; S. Oltmans; D. Plummer; L. Revell; A. Saiz‐Lopez; P. Saxena; Y. M. Shin; I. Shahid; D. Shallcross; S. Tilmes; T. Trickl; T. Wallington; T. Wang; H. Worden; G. Zeng
review,0.091,Vegetation characteristics and primary productivity along an arctic transect: implications for scaling‐up,,1999,10.1046/j.1365-2745.1999.00404.x,116,Mat Williams; E. Rastetter
review,0.091,A climate-scale satellite record for carbon monoxide: the MOPITT Version 7 product,,2017,10.5194/amt-10-2533-2017,111,M. Deeter; D. Edwards; G. Francis; J. Gille; S. Martínez-Alonso; H. Worden; C. Sweeney
review,0.091,A framework for harmonizing multiple satellite instruments to generate a long-term global high spatial-resolution solar-induced chlorophyll fluorescence (SIF),,2020,10.1016/j.rse.2020.111644,99,J. Wen; P. Köhler; G. Duveiller; N. Parazoo; T. Magney; G. Hooker; L. Yu; C. Chang; Ying Sun
review,0.091,The role of mosses in carbon uptake and partitioning in arctic vegetation.,New Phytologist,2013,10.1111/nph.12285,94,L. Street; J. Subke; M. Sommerkorn; V. Sloan; Helene Ducrotoy; G. Phoenix; Mat Williams
review,0.091,Global methane emission estimates from ultraviolet irradiation of terrestrial plant foliage.,New Phytologist,2010,10.1111/j.1469-8137.2010.03259.x,90,A. A. Bloom; J. Lee‐Taylor; S. Madronich; D. Messenger; P. Palmer; D. Reay; A. McLeod
review,0.091,Characterizing summertime chemical boundary conditions for airmasses entering the US West Coast,,2010,10.5194/acp-11-1769-2011,87,G. Pfister; D. Parrish; H. Worden; L. Emmons; D. Edwards; C. Wiedinmyer; G. Diskin; G. Huey; S. Oltmans; V. Thouret; A. Weinheimer; A. Wisthaler
review,0.091,Tropospheric vertical distribution of tropical Atlantic ozone observed by TES during the northern African biomass burning season,,2007,10.1029/2006gl028284,80,L. Jourdain; H. Worden; J. Worden; K. W. Bowman; Qinbin Li; A. Eldering; S. Kulawik; G. Osterman; K. F. Boersma; Brendan Fisher; C. Rinsland; R. Beer; M. Gunson
review,0.091,"2010–2015 North American methane emissions, sectoral contributions, and trends: a high-resolution inversion of GOSAT observations of atmospheric methane",,2021,10.5194/acp-21-4339-2021,78,J. Maasakkers; D. Jacob; M. Sulprizio; T. Scarpelli; H. Nesser; J. Sheng; Yuzhong Zhang; Xiao Lu; A. Bloom; K. Bowman; J. Worden; R. Parker
review,0.091,A linked carbon cycle and crop developmental model: Description and evaluation against measurements of carbon fluxes and carbon stocks at several European agricultural sites,,2010,10.1016/j.agee.2010.06.012,70,O. Sus; Mat Williams; C. Bernhofer; P. Béziat; N. Buchmann; E. Ceschia; R. Doherty; W. Eugster; T. Grünwald; W. Kutsch; Pete Smith; M. Wattenbach
review,0.091,Risks to carbon storage from land-use change revealed by peat thickness maps of Peru,Nature Geoscience,2022,10.1038/s41561-022-00923-4,69,A. Hastie; E. H. Honorio Coronado; José Reyna; E. Mitchard; C. Åkesson; T. Baker; L. Cole; C. J. C. Oroche; G. Dargie; N. Dávila; Elsa Carla De Grandi; Jhon Del Águila; Dennis Del Castillo Torres; Ricardo de la Cruz Paiva; F. C. Draper; Gerardo Flores; Julio Grández; K. Hergoualc’h; J. E. Householder; J. Janovec; O. Lähteenoja; David Reyna; P. Rodríguez-Veiga; K. Roucoux; M. Tobler; Charlotte E. Wheeler; Mat Williams; I. Lawson
review,0.091,Are Inventory Based and Remotely Sensed Above-Ground Biomass Estimates Consistent?,PLoS ONE,2013,10.1371/journal.pone.0074170,69,Timothy C. Hill; Mat Williams; A. Bloom; E. Mitchard; Casey M. Ryan
review,0.091,"Methane emissions in the United States, Canada, and Mexico: evaluation of national methane emission inventories and 2010–2017 sectoral trends by inverse analysis of in situ (GLOBALVIEWplus CH4 ObsPack) and satellite (GOSAT) atmospheric observations",Atmospheric Chemistry and Physics,2022,10.5194/acp-22-395-2022,69,Xiao Lu; D. Jacob; Haolin Wang; J. Maasakkers; Yuzhong Zhang; T. Scarpelli; Lu Shen; Z. Qu; M. Sulprizio; H. Nesser; A. A. Bloom; Shuang Ma; J. Worden; S. Fan; R. Parker; H. Boesch; R. Gautam; D. Gordon; M. Moran; F. Reuland; Claudia A. Octaviano Villasana; A. Andrews
review,0.091,"Mechanisms for synoptic variations of atmospheric CO 2 in North America, South America and Europe",,2008,10.5194/acp-8-7239-2008,67,N. Parazoo; A. Denning; S. Kawa; K. Corbin; R. Lokupitiya; I. Baker
review,0.091,Evaluation of ACCMIP outgoing longwave radiation from tropospheric ozone using TES satellite observations,,2013,10.5194/acp-13-4057-2013,66,K. W. Bowman; D. Shindell; H. Worden; J. Lamarque; P. Young; David Stevenson; Z. Qu; M. D. L. Torre; D. Bergmann; P. Cameron-smith; W. Collins; R. M. Doherty; S. Dalsøren; G. Faluvegi; G. Folberth; L. Horowitz; B. Josse; Y. Lee; I. Mackenzie; G. Myhre; T. Nagashima; V. Naik; David A Plummer; S. Rumbold; R. Skeie; S. Strode; K. Sudo; S. Szopa; A. Voulgarakis; G. Zeng; S. Kulawik; A. Aghedo; John R. Worden
review,0.091,Trends in emissions and concentrations of air pollutants in the lower troposphere in the Baltimore/Washington airshed from 1997 to 2011,,2013,10.5194/acp-13-7859-2013,66,Hao He; J. Stehr; J. Hains; D. Krask; B. Doddridge; K. Vinnikov; T. Canty; Kyle M. Hosley; R. Salawitch; H. Worden; R. Dickerson
review,0.091,"Global GOSAT, OCO-2 and OCO-3 Solar Induced Chlorophyll Fluorescence Datasets",Earth System Science Data,2021,10.5194/essd-2021-237,61,R. Doughty; T. Kurosu; N. Parazoo; P. Köhler; Yujie Wang; Ying Sun; C. Frankenberg
review,0.091,Accelerating methane growth rate from 2010 to 2017: leading contributions from the tropics and East Asia,Atmospheric Chemistry and Physics,2020,10.5194/acp-2020-649,60,Yi Yin; F. Chevallier; P. Ciais; P. Bousquet; M. Saunois; Bo Zheng; J. Worden; A. A. Bloom; R. Parker; D. Jacob; E. Dlugokencky; C. Frankenberg
review,0.091,Contribution of regional sources to atmospheric methane over the Amazon Basin in 2010 and 2011,,2016,10.1002/2015gb005300,59,Chris Wilson; M. Gloor; L. Gatti; John B. Miller; S. Monks; J. McNorton; A. A. Bloom; L. Basso; M. Chipperfield
review,0.091,Structural diversity and tree density drives variation in the biodiversity-ecosystem function relationship of woodlands and savannas.,New Phytologist,2021,10.1111/nph.17639,51,J. L. Godlee; C. Ryan; D. Bauman; Sam Bowers; J. Carreiras; A. V. Chisingui; J. Cromsigt; D. Druce; M. Finckh; F. M. Gonçalves; R. Holdo; S. Makungwa; Iain M. McNicol; E. Mitchard; A. Muchawona; Rasmus Revermann; N. Ribeiro; A. Siampale; S. Syampungani; J. Tchamba; Hemant G. Tripathi; Johannes Wallenfang; M. te Beest; Mat Williams; Kyle G. Dexter
review,0.091,Simulating estimation of California fossil fuel and biosphere carbon dioxide exchanges combining in situ tower and satellite column observations,,2017,10.1002/2016jd025617,44,M. Fischer; N. Parazoo; K. Brophy; X. Cui; Seongeun Jeong; Junjie Liu; R. Keeling; T. Taylor; K. Gurney; T. Oda; H. Graven
review,0.091,The impact of climate change and climate extremes on sugarcane production,GCB Bioenergy,2021,10.1111/gcbb.12797,43,Sophie Flack-Prain; Liangsheng Shi; Penghui Zhu; H. Rocha; O. Cabral; Shun Hu; Mat Williams
review,0.091,Forest canopy hydraulic properties and catchment water balance: observations and modeling,,2002,10.1016/s0304-3800(02)00068-6,43,V. Engel; M. Stieglitz; Mat Williams; K. Griffin
review,0.091,"Sector‐Based Top‐Down Estimates of NO x , SO2, and CO Emissions in East Asia",Geophysical Research Letters,2022,10.1029/2021gl096009,43,Z. Qu; D. Henze; H. Worden; Zhe Jiang; B. Gaubert; N. Theys; Wei Wang
review,0.091,A Bayesian framework for deriving sector-based methane emissions from top-down fluxes,Communications Earth & Environment,2021,10.1038/s43247-021-00312-6,42,D. Cusworth; A. A. Bloom; Shuang Ma; C. Miller; K. Bowman; Yi Yin; J. Maasakkers; Yuzhong Zhang; T. Scarpelli; Z. Qu; D. Jacob; J. Worden
review,0.091,"Increasing threat of wildfires: the year 2020 in perspective: A
 Global Ecology and Biogeography
 special issue",Global Ecology and Biogeography,2022,10.1111/geb.13588,41,R. Nolan; L. Anderson; B. Poulter; J. Varner
review,0.091,Effects of Fire Diurnal Variation and Plume Rise on U.S. Air Quality During FIREX‐AQ and WE‐CAN Based on the Multi‐Scale Infrastructure for Chemistry and Aerosols (MUSICAv0),Journal of Geophysical Research - Atmospheres,2022,10.1029/2022jd036650,41,Wenfu Tang; L. Emmons; R. Buchholz; C. Wiedinmyer; R. Schwantes; Cenlin He; Rajesh Kumar; G. Pfister; H. Worden; R. Hornbrook; E. Apel; S. Tilmes; B. Gaubert; S. Martínez-Alonso; F. Lacey; C. Holmes; G. Diskin; I. Bourgeois; J. Peischl; T. Ryerson; J. Hair; A. Weinheimer; D. Montzka; G. Tyndall; T. Campos
review,0.091,Interpreting space-based trends in carbon monoxide with multiple models,,2016,10.5194/acp-16-7285-2016,40,S. Strode; H. Worden; M. Damon; A. Douglass; B. Duncan; L. Emmons; J. Lamarque; M. Manyin; L. Oman; José M. Rodríguez; S. Strahan; S. Tilmes
review,0.091,Lightning NO x emissions over the USA constrained by TES ozone observations and the GEOS-Chem model,,2010,10.5194/acp-10-107-2010,40,L. Jourdain; S. Kulawik; H. Worden; K. Pickering; J. Worden; A. Thompson
review,0.091,Recent methane surges reveal heightened emissions from tropical inundated areas,Nature Communications,2024,10.1038/s41467-024-55266-y,39,Xin Lin; S. Peng; P. Ciais; D. Hauglustaine; X. Lan; Gang Liu; M. Ramonet; Yi Xi; Yi Yin; Zhen Zhang; Hartmut Bösch; Philippe Bousquet; F. Chevallier; Bogang Dong; C. Gerlein‐Safdi; Santanu Halder; R. Parker; B. Poulter; Tianjiao Pu; M. Remaud; A. Runge; M. Saunois; Rona L. Thompson; Y. Yoshida; Bo-Yan Zheng
review,0.091,Uncertainty analysis of terrestrial net primary productivity and net biome productivity in China during 1901–2005,,2016,10.1002/2015jg003062,37,J. Shao; Xuhui Zhou; Yiqi Luo; Guodong Zhang; Wei Yan; Jiaxuan Li; Bo Li; L. Dan; J. Fisher; Zhiqiang Gao; Yong He; D. Huntzinger; A. Jain; J. Mao; J. Meng; A. Michalak; N. Parazoo; C. Peng; B. Poulter; C. Schwalm; Xiaoying Shi; R. Sun; F. Tao; H. Tian; Yaxing Wei; N. Zeng; Qiu'an Zhu; Wenquan Zhu
review,0.091,Diagnosing evapotranspiration responses to water deficit across biomes using deep learning.,New Phytologist,2023,10.1111/nph.19197,37,F. Giardina; P. Gentine; A. Konings; S. Seneviratne; B. Stocker
review,0.091,"Aboveground carbon storage in tropical dry forest plots in Oaxaca, Mexico",,2018,10.1016/j.foreco.2017.11.014,34,R. Corona-Núñez; J. Campo; Mat Williams
review,0.091,"Decadal Variabilities in Tropospheric Nitrogen Oxides Over United States, Europe, and China",Journal of Geophysical Research - Atmospheres,2022,10.1029/2021jd035872,34,Zhe Jiang; Rui Zhu; K. Miyazaki; B. McDonald; Z. Klimont; B. Zheng; K. Boersma; Qiang Zhang; H. Worden; J. Worden; D. Henze; Dylan B. A. Jones; Hugo A. C. Denier van der Gon; H. Eskes
review,0.091,1.5 years of TROPOMI CO measurements: comparisons to MOPITT and ATom,,2020,10.5194/amt-13-4841-2020,34,S. Martínez-Alonso; M. Deeter; H. Worden; T. Borsdorff; I. Aben; R. Commane; B. Daube; G. Francis; M. George; J. Landgraf; D. Mao; K. McKain; S. Wofsy
review,0.091,Observational constraints reduce model spread but not uncertainty in global wetland methane emission estimates,Global Change Biology,2023,10.1111/gcb.16755,32,Kuang‐Yu Chang; W. Riley; N. Collier; G. McNicol; Etienne Fluet‐Chouinard; S. Knox; K. Delwiche; R. Jackson; B. Poulter; M. Saunois; N. Chandra; N. Gedney; M. Ishizawa; A. Ito; F. Joos; T. Kleinen; F. Maggi; J. McNorton; J. Melton; P. Miller; Y. Niwa; C. Pasut; P. Patra; C. Peng; S. Peng; A. Segers; H. Tian; A. Tsuruta; Yuanzhi Yao; Yi Yin; Wenxing Zhang; Zhen Zhang; Qing Zhu; Qiuan Zhu; Q. Zhuang
review,0.091,1.5 years of TROPOMI CO measurements: Comparisons to MOPITT and ATom,,2020,10.5194/amt-2020-63,31,S. Martínez-Alonso; M. Deeter; H. Worden; T. Borsdorff; I. Aben; R. Commane; B. Daube; G. Francis; M. George; J. Landgraf; D. Mao; K. McKain; S. Wofsy
review,0.091,"Achieving Breakthroughs in Global Hydrologic Science by Unlocking the Power of Multisensor, Multidisciplinary Earth Observations",AGU Advances,2021,10.1029/2021av000455,30,M. Durand; A. Barros; J. Dozier; R. Adler; Sarah Cooley; D. Entekhabi; B. Forman; A. Konings; W. Kustas; J. Lundquist; T. Pavelsky; M. Rodell; S. Steele‐Dunne
review,0.091,Estimating 2010–2015 Anthropogenic and Natural Methane Emissions in Canada using ECCC Surface and GOSAT Satellite Observations,Atmospheric Chemistry and Physics,2021,10.5194/acp-2020-1195,29,Sabour Baray; D. Jacob; Joannes D. Massakkers; J. Sheng; M. Sulprizio; Dylan B. A. Jones; A. Bloom; R. McLaren
review,0.091,Evaluation of the Potential Use of Satellite-Derived XCO2 in Detecting CO2 Enhancement in Megacities with Limited Ground Observations: A Case Study in Seoul Using Orbiting Carbon Observatory-2,Asia-Pacific Journal of Atmospheric Sciences,2020,10.1007/s13143-020-00202-5,27,Chaerin Park; Sujong Jeong; Hoonyoung Park; J. Yun; Junjie Liu
review,0.091,Biases in atmospheric CO 2 estimates from correlated meteorology modeling errors,,2015,10.5194/acp-15-2903-2015,27,Scot M. Miller; M. Hayek; A. Andrews; I. Fung; Junjie Liu
review,0.091,Deep Learning to Evaluate US NOx Emissions Using Surface Ozone Predictions,Journal of Geophysical Research - Atmospheres,2021,10.1029/2021jd035597,26,Tai-Long He; Dylan B. A. Jones; K. Miyazaki; Binxuan Huang; Yuyang Liu; Zhe Jiang; E. C. White; H. Worden; J. Worden
review,0.091,Profiling tropospheric CO 2 using Aura TES and TCCON instruments,,2012,10.5194/amt-6-63-2013,24,L. Kuai; J. Worden; S. Kulawik; K. Bowman; Meemong Lee; S. Biraud; J. Abshire; S. Wofsy; V. Natraj; C. Frankenberg; D. Wunch; B. Connor; C. Miller; C. Roehl; R. Shia; Y. Yung
review,0.091,Early Season 2023 Wildfires Generated Record‐Breaking Surface Ozone Anomalies Across the U.S. Upper Midwest,Geophysical Research Letters,2024,10.1029/2024gl111481,23,Owen R. Cooper; Kai‐Lan Chang; K. Bates; S. Brown; W. Chace; M. Coggon; Alan M. Gorchov Negron; A. Middlebrook; J. Peischl; A. Piasecki; N. Schafer; C. Stockwell; Siyuan Wang; C. Warneke; K. Zuraski; K. Miyazaki; V. H. Payne; E. Pennington; John R. Worden; K. Bowman; Brian C. McDonald
review,0.091,Towards sector-based attribution using intra-city variations in satellite-based emission ratios between CO2 and CO,Atmospheric Chemistry and Physics,2022,10.5194/acp-2021-1029,23,Dien Wu; Junjie Liu; P. Wennberg; P. Palmer; R. Nelson; M. Kiel; A. Eldering
review,0.091,Characterization of anthropogenic methane plumes with the HyperspectralThermal Emission Spectrometer (HyTES): a retrieval method and error analysis,,2016,10.5194/amt-9-3165-2016,23,L. Kuai; J. Worden; King‐Fai Li; G. Hulley; F. Hopkins; C. Miller; S. Hook; R. Duren; A. Aubrey
review,0.091,Why methane surged in the atmosphere during the early 2020s.,Science,2026,10.1126/science.adx8262,23,P. Ciais; Y. Zhu; Y. Cai; X. Lan; S. Michel; B. Zheng; Y. Zhao; D. Hauglustaine; X. Lin; Y. Zhang; S. Sun; X. Tian; M. Zhao; Y. Wang; J. Chang; X. Dou; Z. Liu; R. Andrew; C. A. Quinn; B. Poulter; Z. Ouyang; W. Yuan; K. Yuan; Q. Zhu; F. Li; N. Pan; H. Tian; X. Yu; G. Rocher‐Ros; M. S. Johnson; M. Li; M. Li; D. Feng; P. Raymond; X. Yang; J. Canadell; R. Jackson; X. Yu; Y. Li; M. Saunois; P. Bousquet; S. Peng
review,0.091,Evaluation of MOPITT Version 7 joint TIR–NIR XCO retrievals with TCCON,Atmospheric Measurement Techniques,2019,10.5194/amt-2019-201,23,J. Hedelius; Tai-Long He; Dylan B. A. Jones; B. Baier; R. Buchholz; M. De Mazière; N. Deutscher; M. Dubey; D. Feist; D. Griffith; F. Hase; L. Iraci; P. Jeseck; M. Kiel; R. Kivi; Cheng Liu; I. Morino; J. Notholt; Y. Oh; H. Ohyama; D. Pollard; M. Rettinger; S. Roche; C. Roehl; M. Schneider; K. Shiomi; K. Strong; R. Sussmann; C. Sweeney; Y. Té; O. Uchino; V. Velazco; Wei Wang; T. Warneke; P. Wennberg; H. Worden; D. Wunch
review,0.091,Can We Use the Water Budget to Infer Upland Catchment Behavior? The Role of Data Set Error Estimation and Interbasin Groundwater Flow,Water Resources Research,2022,10.1029/2021wr030966,21,B. Gordon; W. Crow; A. Konings; D. Dralle; A. Harpold
review,0.091,"The NASA Carbon Monitoring System Phase 2 synthesis: scope, findings, gaps and recommended next steps",,2022,10.1088/1748-9326/ac7407,19,G. Hurtt; A. Andrews; K. Bowman; Molly E. Brown; A. Chatterjee; V. Escobar; L. Fatoyinbo; P. Griffith; Madeleine Guy; S. Healey; D. Jacob; R. Kennedy; S. Lohrenz; M. McGroddy; V. Morales; T. Nehrkorn; L. Ott; S. Saatchi; Edil Sepúlveda Carlo; S. Serbin; H. Tian
review,0.091,"Recent increases in annual, seasonal, and extreme methane fluxes driven by changes in climate and vegetation in boreal and temperate wetland ecosystems",Global Change Biology,2024,10.1111/gcb.17131,19,Sarah Feron; A. Malhotra; Sheel Bansal; Etienne Fluet‐Chouinard; G. McNicol; S. Knox; K. Delwiche; R. Cordero; Z. Ouyang; Zhen Zhang; B. Poulter; R. Jackson
review,0.091,Technical Note: Temporal change in averaging kernels as a source of uncertainty in trend estimates of carbon monoxide retrieved from MOPITT,,2013,10.5194/acp-13-11307-2013,19,J. Yoon; A. Pozzer; P. Hoor; D. Chang; S. Beirle; T. Wagner; Sebastian Schloegl; J. Lelieveld; H. Worden
review,0.091,13 years of MOPITT operations: lessons from MOPITT retrieval algorithm development,,2013,10.4401/ag-6330,19,H. Worden; M. Deeter; D. Edwards; J. Gille; J. Drummond; L. Emmons; G. Francis; S. Martínez-Alonso
review,0.091,Combining Process Modelling and LAI Observations to Diagnose Winter Wheat Nitrogen Status and Forecast Yield,Agronomy,2021,10.3390/agronomy11020314,18,A. Revill; V. Myrgiotis; Anna Florence; S. Hoad; R. Rees; A. MacArthur; Mat Williams
review,0.091,Assessing sub-grid variability within satellite pixels over urban regions using airborne mapping spectrometer measurements,Atmospheric Measurement Techniques,2021,10.5194/amt-14-4639-2021,18,Wenfu Tang; D. Edwards; L. Emmons; H. Worden; L. Judd; L. Lamsal; J. Al-Saadi; S. Janz; J. Crawford; M. Deeter; G. Pfister; R. Buchholz; B. Gaubert; C. Nowlan
review,0.091,"2010–2015 North American methane emissions, sectoral contributions, and trends: a high-resolution inversion of GOSAT satellite observations of atmospheric methane",,2020,10.5194/acp-2020-915,14,J. Maasakkers; D. Jacob; M. Sulprizio; T. Scarpelli; H. Nesser; J. Sheng; Yuzhong Zhang; Xiao Lu; A. Bloom; K. Bowman; J. Worden; R. Parker
review,0.091,Joint spectral retrievals of ozone with Suomi NPP CrIS augmented by S5P/TROPOMI,Atmospheric Measurement Techniques,2024,10.5194/amt-17-5341-2024,14,Edward Malina; K. Bowman; Valentin Kantchev; L. Kuai; T. Kurosu; K. Miyazaki; V. Natraj; G. Osterman; F. Oyafuso; Matthew Thill
review,0.091,Qinzhu Liangxue inhibits IL-6-induced hyperproliferation and inflammation in HaCaT cells by regulating METTL14/SOCS3/STAT3 axis.,Journal of Ethnopharmacology,2023,10.1016/j.jep.2023.116809,14,Yiran Chen; X. Miao; Yan-Wei Xiang; L. Kuai; Xiao-jie Ding; Tian Ma; Bin Li; Bin Fan
review,0.091,Relationship Between Vegetation Microwave Optical Depth and Cross-Polarized Backscatter From Multiyear Aquarius Observations,IEEE Journal of Selected Topics in Applied Earth Observations and Remote Sensing,2017,10.1109/jstars.2017.2716638,13,K. Rötzer; C. Montzka; D. Entekhabi; A. Konings; K. McColl; M. Piles; H. Vereecken
review,0.091,Evaluation of MOPITT and TROPOMI carbon monoxide retrievals using AirCore in situ vertical profiles,Atmospheric Measurement Techniques,2022,10.5194/amt-15-4751-2022,12,S. Martínez-Alonso; M. Deeter; B. Baier; K. McKain; H. Worden; T. Borsdorff; C. Sweeney; I. Aben
review,0.091,Spatial covariation between solar-induced fluorescence and vegetation indices from Arctic-Boreal landscapes,Environmental Research Letters,2021,10.1088/1748-9326/ac188a,11,A. Maguire; J. Eitel; T. Magney; C. Frankenberg; P. Köhler; Erica L Orcutt; N. Parazoo; R. Pavlick; Z. Pierrat
review,0.091,A simplified non-linear chemistry transport model for analyzing NO2 column observations: STILT–NOx,Geoscientific Model Development,2023,10.5194/gmd-16-6161-2023,11,Dien Wu; J. Laughner; Junjie Liu; P. Palmer; John C. Lin; P. Wennberg
review,0.091,Satellites capture soil moisture dynamics deeper than a few centimeters and are relevant to plant water uptake,,2022,,10,F. Andrew; Gianotti Daniel; Jianzhi Dong; Akbar Ruzbeh; C. Wade; McColl Kaighin; Nippert Jesse; Tumber-D´avila Shersingh; Holbrook Noel Michele; R. Fulton; Scott D. Russell; Reichle Rolf; C.B. Abhishek; Poulter Benjamin; Entekhabi Dara; N. Space; Flight Center; A. Feldman; D. Gianotti; Jianzhi Dong; R. Akbar; W. Crow; K. McColl; J. Nippert; S. J. Tumber‐Dávila; N. Holbrook; F. Rockwell; Russell L. Scott; R. Reichle; Abhishek Chatterjee; Joanna Joiner; B. Poulter; D. Entekhabi
review,0.091,Response to Comment on “Contrasting carbon cycle responses of the tropical continents to the 2015–2016 El Niño”,Science,2018,10.1126/science.aat1211,9,Junjie Liu; K. W. Bowman; D. Schimel; N. Parazoo; Zhe Jiang; Meemong Lee; A. Bloom; D. Wunch; C. Frankenberg; Ying Sun; Chris W. O'Dell; Kevin Robert Gurney; D. Menemenlis; M. Gierach; D. Crisp; A. Eldering
review,0.091,Hydrological controls on the tropospheric ozone greenhouse gas effect,,2017,10.1525/elementa.208,9,L. Kuai; K. Bowman; H. Worden; R. Herman; S. Kulawik
review,0.091,Assessing temporal clear-sky errors in assimilation of satellite CO 2 retrievals using a global transport model,,2009,10.5194/acp-9-3043-2009,8,K. Corbin; A. Denning; N. Parazoo
review,0.091,The observed cooling effect of desert blooms based on high‐resolution Moderate Resolution Imaging Spectroradiometer products,,2017,10.1002/2016ea000238,8,B. He; Ling Huang; Junjie Liu; Haiyan Wang; Aifeng Lű; Weiguo Jiang; Ziyue Chen
review,0.091,"Assessment of the NASA carbon monitoring system wet carbon stakeholder community: data needs, gaps, and opportunities",Environmental Research Letters,2023,10.1088/1748-9326/ace208,8,Molly E. Brown; C. Mitchell; Meghan Halabisky; Benjamin Gustafson; H. Gomes; J. Goes; Xuesong Zhang; A. Campbell; B. Poulter
review,0.091,Diagnosing Environmental Controls on Vegetation Greening and Browning Trends Over Alaska and Northwest Canada Using Complementary Satellite Observations,,2020,10.1007/978-3-030-50930-9_20,7,Youngwook Kim; J. Kimball; N. Parazoo; P. Kirchner
review,0.091,"Methane emissions in the United States, Canada, and Mexico: Evaluation of national methane emission inventories and sectoral trends by inverse analysis of in situ (GLOBALVIEWplus CH4 ObsPack) and satellite (GOSAT) atmospheric observations",,2021,10.5194/acp-2021-671,7,Xiao Lu; D. Jacob; Haolin Wang; J. Maasakkers; Yuzhong Zhang; T. Scarpelli; Lu Shen; Z. Qu; M. Sulprizio; H. Nesser; A. A. Bloom; Shuang Ma; J. Worden; S. Fan; R. Parker; H. Boesch; R. Gautam; D. Gordon; M. Moran; F. Reuland; Claudia A. Octaviano Villasana
review,0.091,Estimation of air temperature and the mountain-mass effect in the Yellow River Basin using multi-source data,PLoS ONE,2021,10.1371/journal.pone.0258549,7,Ziwu Pan; Jun Zhu; Junjie Liu; Jiangyan Gu; Zhenzhen Liu; Fen Qin; Yu-Chun Pan
review,0.091,The Effect of Antecedence on Empirical Model Forecasts of Crop Yield from Observations of Canopy Properties,Agriculture,2021,10.3390/agriculture11030258,6,Anna Florence; A. Revill; S. Hoad; R. Rees; Mat Williams
review,0.091,Anomalous Net Biome Exchange Over Amazonian Rainforests Induced by the 2015/16 El Niño: Soil Dryness‐Shaped Spatial Pattern but Temperature‐dominated Total Flux,Geophysical Research Letters,2023,10.1029/2023gl103379,6,Jun Wang; N. Zeng; Meirong Wang; Fei Jiang; F. Chevallier; S. Crowell; Wei He; Matthew S. Johnson; Junjie Liu; Zhiqiang Liu; Scot M. Miller; Sajeev Philip; Hengmao Wang; Mousong Wu; W. Ju; Shuzhuang Feng; Mengwei Jia
review,0.091,Assessing a new clue to how much carbon plants take up,,2017,10.1029/2017eo075313,6,J. E. Campbell; J. Kesselmeier; D. Yakir; Joseph A. Berry; P. Peylin; S. Belviso; T. Vesala; K. Maseyk; Ulrike Seibt; Huilin Chen; Mary E. Whelan; TimothyW. Hilton; S. Montzka; Max Berkelhammer; S. Lennartz; L. Kuai; G. Wohlfahrt; Yuting Wang; N. Blake; D. Blake; J. Stinecipher; I. Baker; S. Sitch
review,0.091,Author Correction: Large loss of CO2 in winter observed across the northern permafrost region,Nature Climate Change,2019,10.1038/s41558-019-0644-0,5,S. Natali; J. Watts; B. Rogers; S. Potter; S. Ludwig; A. Selbmann; P. Sullivan; Benjamin W. Abbott; K. Arndt; L. Birch; M. Björkman; A. Bloom; G. Celis; T. Christensen; C. Christiansen; R. Commane; E. Cooper; P. Crill; C. Czimczik; S. Davydov; Jinyang Du; J. Egan; B. Elberling; E. Euskirchen; T. Friborg; H. Genet; M. Göckede; J. Goodrich; P. Grogan; M. Helbig; Elchin E. Jafarov; J. Jastrow; A. Kalhori; Yongwon Kim; J. Kimball; L. Kutzbach; M. Lara; K. Larsen; B. Lee; Zhihua Liu; M. Loranty; M. Lund; M. Lupascu; N. Madani; A. Malhotra; R. Matamala; J. McFarland; A. McGuire; A. Michelsen; C. Minions; W. Oechel; D. Olefeldt; F. Parmentier; N. Pirk; B. Poulter; W. Quinton; F. Rezanezhad; D. Risk; T. Sachs; K. Schaefer; N. Schmidt; E. Schuur; P. Semenchuk; G. Shaver; O. Sonnentag; G. Starr; C. Treat; M. Waldrop; Yihui Wang; J. Welker; C. Wille; Xiaofeng Xu; Zhen Zhang; Q. Zhuang; D. Zona
review,0.091,SMAP Validation Experiment 2019–2022 (SMAPVEX19-22): Detection of Soil Moisture Under Temperate Forest Canopy,2021 IEEE International Geoscience and Remote Sensing Symposium IGARSS,2021,10.1109/igarss47720.2021.9553613,5,A. Colliander; M. Cosh; S. Misra; L. Bourgeau-Chavez; V. Kelly; P. Siqueira; A. Roy; T. Lakhankar; S. Kraatz; A. Konings; M. Kurum; D. Entekhabi; P. O’neill; S. Yueh
review,0.091,Critical needs to close monitoring gaps in pan-tropical wetland CH4 emissions,Environmental Research Letters,2024,10.1088/1748-9326/ad8019,5,Qing Zhu; K. Yuan; Fa Li; W. Riley; A. Hoyt; R. Jackson; G. McNicol; Min Chen; S. Knox; Otto Briner; D. Beerling; N. Gedney; P. Hopcroft; Akihito Ito; A. Jain; Katherine Jensen; T. Kleinen; Tingting Li; Xiangyu Liu; Kyle C. McDonald; J. Melton; Paul A. Miller; Jurek Müller; Changhui Peng; B. Poulter; Zhangcai Qin; S. Peng; Hanqin Tian; Xiaoming Xu; Yuanzhi Yao; Yi Xi; Zhen Zhang; Wenxin Zhang; Qiuan Zhu; Q. Zhuang
review,0.091,Frequency-Dependence of Vegetation Optical Depth-Derived Isohydriciy Estimates,IEEE International Geoscience and Remote Sensing Symposium,2018,10.1109/igarss.2018.8519441,3,A. Konings; M. Momen
review,0.091,Assimilation of TES CO into a global CTM: first results,,2006,10.5194/acpd-6-11727-2006,3,N. Richards; Qinbin Li; K. Bowman; J. Worden; S. Kulawik; G. Osterman; H. Worden; J. Lamarque; B. Khattatov
review,0.091,Using a data-assimilation system to assess the influence of fire on simulated carbon fluxes and plant traits for the Australian continent,,2015,,2,J. Exbrayat; T. Smallman; A. Bloom; Mat Williams
review,0.091,Assessing Flash Drought Development and Propagation Across the Contiguous United States Using Remote Sensing,Earth's Future,2026,10.1029/2025ef007037,2,Masoud Zeraati; Alireza Farahmand; R. Seager; H. Fowler; N. Madani; N. Parazoo; Colin Manning; Christopher J. White; Yixin Wen; Ali Mehran; Amir Aghakouchak
review,0.091,Modeling global carbon and water fluxes and hyperspectral canopy radiative transfer simultaneously using a next generation land surface model—CliMA Land,,2022,10.1002/essoar.10509956.1,2,Yujie Wang; R. Braghiere; M. Longo; A. Norton; P. Köhler; R. Doughty; Yi Yin; A. A. Bloom; C. Frankenberg
review,0.091,Seasonal strength of terrestrial net ecosystem CO2 exchange from North America is underestimated in global inverse modeling,,2021,10.1002/essoar.10507792.1,2,Y. Cui; Li Zhang; A. Jacobson; Matthew S. Johnson; Sajeev Philip; D. Baker; F. Chevallier; A. Schuh; Junjie Liu; S. Crowell; Hélène E. Peiro; F. Deng; S. Basu; K. Davis
review,0.091,Analysis of improvements in MOPITT observational coverage over Canada,Atmospheric Measurement Techniques,2022,10.5194/amt-15-701-2022,2,H. Marey; J. Drummond; Dylan B. A. Jones; H. Worden; M. Deeter; J. Gille; D. Mao
review,0.091,The impact of land cover change-climate interactions on ecosystem productivity in the Arctic-Boreal region,Agricultural and Forest Meteorology,2026,10.1016/j.agrformet.2026.111137,1,Shuai Li; Di Yang; Yaqian He; N. Parazoo; Wei Liu
review,0.091,SMAP Validation Experiment 2019–2021 (SMAPVEX19-21): Detection of Soil Moisture under Forest Canopy,IEEE International Geoscience and Remote Sensing Symposium,2020,10.1109/igarss39084.2020.9323889,1,A. Colliander; M. Cosh; S. Misra; L. Bourgeau-Chavez; V. Kelly; P. Siqueira; A. Roy; T. Lakhankar; S. Kraatz; A. Konings; N. Holtzman; M. Kurum; D. Entekhabi; P. O’neill; S. Yueh
review,0.091,Satellite Retrievals of Vegetation Optical Depth Using Time-Series of Dual-Polarized and Single Look-Angle Global Microwave Observations,,2014,,1,M. Piles; A. Konings; K. McColl; S. Chan; D. Entekhabi
review,0.091,Evapotranspiration Sensitivity to Environmental Variability Provides a Window Into Subsurface Processes in the Soil‐Plant‐Atmosphere Continuum,Journal of Geophysical Research - Biogeosciences,2025,10.1029/2025jg009097,1,Christopher L. Kibler; G. R. Quetin; A. Trugman
review,0.091,Downwind control of oceanic air by land: the land wake and its sensitivity to CO2,Environmental Research Letters,2022,10.1088/1748-9326/ac9702,1,M. Laguë; G. R. Quetin; W. Boos
review,0.091,"Interactions of Vegetation and Climate: Remote Observations, Earth System Models, and the Amazon Forest",,2018,,1,G. R. Quetin
review,0.091,Optimising remotely sensed land cover classification for habitat mapping in complex Scottish upland landscapes,Self-Sustaining Systems,2021,10.1117/12.2600869,1,A. Merrington; D. Milodowski; Mat Williams
review,0.091,Interpretable Models Capture the Complex Relationship Between Climate Indices and Fire Season Intensity in Maritime Southeast Asia,Journal of Geophysical Research - Atmospheres,2022,10.1029/2022jd036774,1,William S. Daniels; R. Buchholz; H. Worden; F. Ahamad; D. Hammerling
review,0.091,Synergistic multifrequency constraints on terrestrial carbon and water processes through present-day and anticipated spaceborne measurement platforms,,2018,,0,V. Meyer; A. Bloom; M. Burgin; J. Reager; R. Shah; A. Konings
review,0.091,Explorer Reliability Ensemble Averaging of 21 st century projections of terrestrial net primary productivity reduces global and regional uncertainties,,2018,,0,J. Exbrayat; A. Bloom; P. Falloon; A. Ito; T. Smallman; Mat Williams
review,0.091,The role of ecosystem memory in predicting inter-annual variations of the tropical carbon balance.,,2017,,0,A. Bloom; Junjie Liu; K. Bowman; A. Konings; S. Saatchi; J. Worden; H. Worden; Zhe Jiang; N. Parazoo; Mat Williams; D. Schimel
review,0.091,Top-down constraints on disturbance dynamics in the terrestrial carbon cycle: effects at global and regional scales,,2014,,0,A. Bloom; J. Exbrayat; I. V. Velde; W. Peters; Mat Williams
review,0.091,Estimating Large-Scale Carbon Fluxes from Remotely-Sensed Biomass and Vegetation Indices,,2012,,0,A. Bloom; M. Williams
review,0.091,Physical and ecophysiological controls on the relationship between solar-induced chlorophyll fluorescence and gross primary productivity across diurnal and seasonal scales in the boreal forest,,2021,10.1002/essoar.10509279.1,0,Z. Pierrat; T. Magney; N. Parazoo; K. Grossmann; Bruce Johnson; A. Barr; J. Bortnik; A. Norton; A. Maguire; D. Bowling; U. Seibt; C. Frankenberg; J. Stutz
review,0.091,Complexity and Emergent Behavior in the Terrestrial Carbon Sink I,,2019,,0,N. Parazoo; A. Walker; A. Konings; Yao Liu
review,0.091,Detecting Patterns of Changing Carbon Uptake in Alaska Using Sustained In Situ and Remote Sensing CO2 Observations,,2015,,0,N. Parazoo; C. Miller; R. Commane; S. Wofsy; C. Koven; D. Lawrence; J. Lindaas; R. Chang; C. Sweeney
review,0.091,Linkages Between Terrestrial Carbon Uptake and Interannual Climate Variability over the Texas-northern Mexico High Plains,,2014,,0,N. Parazoo; E. Barnes; J. Worden; A. Harper; K. Bowman; C. Frankenberg
review,0.091,Space Based Observations of Amazon Carbon Cycle,,2012,,0,N. Parazoo; K. Bowman; C. Frankenberg; J. Lee; J. Fisher; J. Worden; D. Jones; J. Berry; G. Collatz; I. Baker; M. Jung; J. Liu
review,0.091,Triple collocation validates CONUS-wide evapotranspiration inferred from atmospheric conditions,Hydrology and Earth System Sciences,2026,10.5194/hess-30-2417-2026,0,Erica L. McCormick; Lillian E. Sanders; K. McColl; A. Konings
review,0.091,Evaluation of the relationship between vegetation optical depth (VOD) and canopy water content (CWC) in the tropics with a hydraulics-enabled terrestrial biosphere model ED2-hydro,,2019,,0,Xiangtao Xu; P. Moorcroft; A. Konings; S. Saatchi; Liang Xu; M. Longo
review,0.091,Can plant functional diversity buffer forest ecosystem responses to drought,,2018,,0,W. Anderegg; A. Konings; A. Trugman; Kailiang Yu; D. Bowling; D. Karp; S. Pacala; J. Sperry; B. Sulman
review,0.091,Variations in plant strategy to water stress across the globe based on microwave vegetation optical depth,,2018,,0,Yang Liu; P. Gentine; A. Konings
review,0.091,The Use of Microwave Vegetation Optical Depth for Studies of Plant Water Stress (Invited Presentation),,2018,,0,A. Konings
review,0.091,Terrestrial Water Storage and Vegetation Resilience to Drought,,2017,,0,V. Meyer; J. Reager; A. Konings
review,0.091,Plant hydraulic diversity buffers forest ecosystem responses to drought,,2017,,0,W. Anderegg; A. Konings; A. Trugman; S. Pacala; Kailiang Yu; B. Sulman; J. Sperry; D. Bowling
review,0.091,Leveraging Deep Learning for Physical Model Bias of Global Air Quality Estimates,arXiv.org,2025,10.48550/arxiv.2508.04886,0,Kelsey Doerksen; Yuliya Marchetti; K. Bowman; Steven Lu; James Montgomery; Yarin Gal; Freddie Kalaitzis; Kazuyuki Miyazaki
review,0.091,"Data for: Aboveground carbon storage in tropical dry forest plots in Oaxaca, Mexico",,2017,10.17632/d8snggzrtc.1,0,Rogelio Núñez; Mat Williams; J. Campo
review,0.091,Symptoms of change in multi-scale observations of arctic ecosystem carbon cycling,,2009,,0,P. Stoy; Mat Williams; I. Hartley; L. Street; T. Hill; A. Prieto-Blanco; A. Wayolle; M. Disney; Jonathan G. Evans; B. Fletcher; R. Poyatos; P. Wookey; L. Merbold; T. Wade; J. Moncrieff
review,0.091,"A plant allocation model for secondary succession in forest, prairie and tundra ecosystems",,1995,,0,N. David; Mat Williams; B. Edward; R. S. Gaius
review,0.091,"Supplementary material to ""New Constraints on Biogenic Emissions using Satellite-Based Estimates of
Carbon Monoxide Fluxes""",,2019,10.5194/acp-2019-377-supplement,0,H. Worden; A. A. Bloom; J. Worden; Zhe Jiang; E. Marais; T. Stavrakou; B. Gaubert; F. Lacey
review,0.091,The potential for regional-scale bias in top-down CO2 flux estimates due to atmospheric transport errors,,2014,10.5194/acpd-14-23681-2014,0,Scot M. Miller; I. Fung; Junjie Liu; M. Hayek; A. Andrews
review,0.091,Characterization of aura tropospheric emissions spectrometer carbonyl sulfide retrievals,,2013,10.5194/amtd-6-6975-2013,0,L. Kuai; J. Worden; S. Kulawik; S. Montzka; Junjie Liu
review,0.091,Sensitivity of Northern Hemispheric Tropospheric Ozone To Anthropogenic Emissions as Observed by Satellite Observations,,2015,,0,Zhe Jiang; J. Worden; V. Payne; K. Bowman; L. Kuai; Dylan B. A. Jones; D. Henze
review,0.091,Quantification of A Tropical Missing Source From Ocean For The Carbonyl Sulfide Global Budget,,2015,,0,L. Kuai; J. Worden; E. Campbell; S. Kulawik; Meemong Lee; S. Montzka; J. Berry; I. Baker; S. Denning; R. Kawa; H. Bian; Y. Yung
review,0.091,Optimal Estimation of the Carbonyl Sulfide Surface Flux Through Inverse Modeling of TES Observations,,2014,,0,L. Kuai; J. Worden; M. Lee; J. Campbell; S. Kulawik; R. Weidner
review,0.091,Constrain Carbonyl Sulfide Ocean flux using free tropospheric observations from Aura Tropospheric Emissions Spectrometer,,2013,,0,L. Kuai; J. Worden; J. Campbell; S. Kulawik; S. Montzka; J. Liu
review,0.091,Multi-scale observations of mangrove blue carbon fluxes; the NASA Carbon Monitoring System BlueFlux field campaign,bioRxiv,2022,10.1101/2022.09.27.509753,0,B. Poulter; Frannie Adams; Cibele Amaral; Abigail Barenblitt; A. Campbell; Sean P. Charles; R. Roman-Cuesta; Rocco D’Ascanio; E. Delaria; Cheryl L. Doughty; T. Fatoyinbo; Jonathan Gewirtzman; T. Hanisco; Moshema Hull; S. Kawa; R. Hannun; D. Lagomasino; L. Lait; S. Malone; P. Newman; P. Raymond; J. Rosentreter; N. Thomas; G. Wolfe; L. Xiong; Qing Ying; Zhen Zhang
review,0.091,Data assimilation of CrIS and TROPOMI satellite carbon monoxide concentrations and its potential for constraining global OH concentrations,,2019,,0,N. D. Bruyn; T. Walker; H. Worden; D. Fu; M. Deeter; J. Drummond
review,0.091,20 years of MOPITT: What satellite observations of carbon monoxide can tell us about our changing atmosphere,,2019,,0,H. Worden
review,0.091,Inconsistent decadal variations between surface and free tropospheric nitrogen oxides over United States,,2017,10.5194/acp-2017-382,0,Zhe Jiang; H. Worden; J. Worden; D. Henze; Dylan B. A. Jones; A. Arellano; E. Fischer; Liye Zhu; K. Miyazaki; K. F. Boersma; V. Payne
review,0.091,Time Resolved Atmospheric Carbon Satellite Observations from Geostationary Orbit,,2013,,0,D. Edwards; H. Worden; M. Deeter
review,0.091,"Top-down and bottom up estimates of methane emissions from the 2006 Indonesian peat fires using Aura TES satellite observations of CH4 and CO and GEOS-Chem""",,2012,,0,J. Worden; K. Wecht; C. Frankenberg; M. Alvarado; P. Bergamaschi; K. Bowman; E. Kort; S. Kulawik; M. Lee; V. Payne; H. Worden
review,0.091,Satellite Observations of Elevated Carbon Monoxide in Eyjafjallajokull Volcanic Emissions [poster],,2011,,0,S. Martínez-Alonso; M. Deeter; H. Worden; C. Clerbaux; D. Mao; J. Gille
exclude,0.061,Net primary production of forests: a constant fraction of gross primary production?,Tree Physiology,1998,10.1093/treephys/18.2.129,713,R. Waring; J. Landsberg; Mat Williams
exclude,0.061,Hydraulic diversity of forests regulates ecosystem resilience during drought,Nature,2018,10.1038/s41586-018-0539-7,583,W. Anderegg; A. Konings; A. Trugman; Kailiang Yu; D. Bowling; Robert Gabbitas; D. Karp; S. Pacala; J. Sperry; B. Sulman; Nicole Zenes
exclude,0.061,Tropospheric Ozone Assessment Report: Present-day distribution and trends of tropospheric ozone relevant to climate and global atmospheric chemistry model evaluation,,2018,10.1525/elementa.291,443,A. Gaudel; O. Cooper; G. Ancellet; B. Barret; A. Boynard; J. Burrows; C. Clerbaux; P. Coheur; J. Cuesta; E. Cuevas; Stamatia Doniki; G. Dufour; F. Ebojie; G. Foret; O. García; M. Muños; J. Hannigan; F. Hase; Guanyu Huang; B. Hassler; D. Hurtmans; D. Jaffe; N. Jones; P. Kalabokas; B. Kerridge; S. Kulawik; B. Latter; T. Leblanc; E. L. Flochmoën; W. Lin; Jane Liu; Xiong Liu; E. Mahieu; A. McClure–Begley; J. Neu; M. Osman; M. Palm; H. Petetin; I. Petropavlovskikh; R. Querel; N. Rahpoe; A. Rozanov; M. Schultz; J. Schwab; R. Siddans; D. Smale; M. Steinbacher; H. Tanimoto; D. Tarasick; V. Thouret; A. Thompson; T. Trickl; C. Wespes; H. Worden; C. Vigouroux; Xiaobin Xu; G. Zeng; J. Ziemke
exclude,0.061,An improved analysis of forest carbon dynamics using data assimilation,,2005,10.1111/j.1365-2486.2004.00891.x,390,Mat Williams; P. A. Schwarz; B. Law; J. Irvine; M. Kurpius
exclude,0.061,Seasonal variation in net carbon exchange and evapotranspiration in a Brazilian rain forest: a modelling analysis,,1998,10.1046/j.1365-3040.1998.00339.x,248,Mat Williams; Y. Malhi; A. Nobre; E. Rastetter; J. Grace; M. G. Pereira
exclude,0.061,Multiple mechanisms of Amazonian forest biomass losses in three dynamic global vegetation models under climate change.,New Phytologist,2010,10.1111/j.1469-8137.2010.03350.x,236,D. Galbraith; P. Levy; S. Sitch; C. Huntingford; P. Cox; Mat Williams; P. Meir
exclude,0.061,Vegetation optical depth and scattering albedo retrieval using time series of dual-polarized L-band radiometer observations,,2016,10.1016/j.rse.2015.11.009,230,A. Konings; M. Piles; K. Rötzer; K. McColl; S. Chan; D. Entekhabi
exclude,0.061,Taking the pulse of Earth ’ s tropical forests using networks of highly distributed plots ☆,,,,192,C. Blundo; J. Carilla; R. Grau; A. Malizia; L. Malizia; Oriana Osinaga-Acosta; M. Bird; M. Bradford; D. Catchpole; A. Ford; A. Graham; D. Hilbert; J. Kemp; S. Laurance; W. Laurance; F. Y. Ishida; A. Marshall; C. Waite; Hannsjoerg Woell; Jean‐François Bastin; M. Bauters; H. Beeckman; P. Boeckx; J. Bogaert; C. Cannière; T. Haulleville; J. Doucet; O. Hardy; W. Hubau; E. Kearsley; H. Verbeeck; J. Vleminckx; S. Brewer; A. Alarcón; A. Araujo-Murakami; E. Arets; L. Arroyo; Ezequiel Chavez; T. Fredericksen; R. G. Villaroel; Gloria Gutierrez Sibauty; T. Killeen; J. Licona; John Lleigue; C. Mendoza; Samaria Murakami; A. P. Gutierrez; G. Pardo; M. Peña-Claros; L. Poorter; M. Toledo; J. Cayo; Laura Jessica Viscarra; V. Vos; J. Ahumada; E. Almeida; J. Almeida; E. A. Oliveira; W. D. F. Cruz; A. Oliveira; F. A. Carvalho; F. Obermüller; A. Andrade; F. Carvalho; S. Vieira; Ana Carla M. M. Aquino; L. Aragão; A. C. Araújo; M. A. Assis; José Ataliba M. A. Gomes; F. Baccaro; P. Camargo; P. Barni; J. Barroso; L. Bernacci; K. Bordin; M. Medeiros; Igor S. Broggio; J. Camargo; Domingos Cardoso; M. Carniello; A. L. Rochelle; C. Castilho; António Alberto Jorge Farias Castro; W. Castro; S. Ribeiro; F. Costa; R. L. D. Oliveira; Í. C. Coutinho; John Cunha; L. D. Costa; L. Ferreira; Richarlly C. Silva; M. Simbine; V. Kamimura; H. Lima; L. O. Melo; L. P. Queiroz; J. R. F. D. Lima; M. D. E. Santo; T. Domingues; N. C. Prestes; Steffan Eduardo Silva Carneiro; F. Elias; Gabriel Eliseu; T. Emílio; C. L. Farrapo; Leticia Fernandes; G. Ferreira; J. Ferreira; L. Ferreira; Socorro Ferreira; M. Simon; M. A. Freitas; Q. Garcia; Â. G. Manzatto; Paulo Graça; F. Guilherme; E. Hase; N. Higuchi; M. Iguatemy; R. Barbosa; M. Jaramillo; C. Joly; Joice Klipel; I. Amaral; C. Levis; Antonio S. Lima; Ma Dan; Aline P Lopes; Herison Madeiros; W. Magnusson; R. M. Santos; B. Marimon; B. M. Junior; Roberta Marotti Martelletti Grillo; L. Martinelli; S. Reis; S. Medeiros; Milton Serpa de Meira-Junior; T. Metzker; P. Morandi; N. M. Nascimento; M. Moura; S. Müller; L. Nagy; H. Nascimento; M. Nascimento; A. Lima; R. D. Araújo; J. Silva; M. P. Pansonato; G. Sabino; K. M. P. Abreu; P. Rodrigues; M. Piedade; D. Rodrigues; J. R. Pinto; C. Quesada; E. Ramos; R. Ramos; P. M. S. Rodrigues; T. Sousa; R. Salomão; F. Santana; M. Scaranello; R. Bergamin; J. Schietti; J. Schöngart; G. Schwartz; N. Silva; M. Silveira; C. Seixas; M. Simbine; A. C. D. Souza; P. Souza; R. Souza; T. Sposito; Edson B.S. Júnior; J. D. Vale; I. Vieira; D. M. Villela; M. S. Vital; H. Xaud; K. Zanini; C. Zartman; Nur Khalish Hafizhah Ideris; F. Metali; K. A. Salim; M. Saparudin; Rafizah Mat Serudin; R. Sukri; S. Begne; G. Chuyong; M. Djuikouo; C. Gonmadje; M. Simo‐Droissart; B. Sonké; H. Taedoumg; Lise Zemagho; S. Thomas; Fidèle Baya; G. Saiz; J. Espejo; Dexiang Chen; A. Hamilton; Yide Li; Tushou Luo; Shukui Niu; Han Xu; Zhang Zhou; Esteban Alvarez-Davila; J. C. Escobar; Henry Arellano-Peña; J. Duarte; Jhon J. Calderón; L. Bravo; Borish Cuadrado; Hermes Cuadros; Á. Duque; L. Duque; S.M. Espinosa; Rebeca Franke-Ante; Hernando García; Alejandro Gómez; Roy González‐M.; Álvaro Idárraga‐Piedrahita; E. Jimenez; Rubén Jurado; Wilmar Lopez Oviedo; René López‐Camacho; Omar Aurelio Melo Cruz; I. Polo; Edwin Paky; K.S Perez; Angel Pijachi; C. Pizano; A. Prieto; L. Ramos; Zorayda Restrepo Correa; J. E. Richardson; E. Rodríguez; M. M. G. Rodríguez; A. Rudas; P. Stevenson; M. Chudomelová; M. Dančák; R. Hédl; S. Lhota; Martin Svátek; Jacques M. Mukinzi; C. Ewango; T. Hart; Emmanuel Kasongo Yakusu; Janvier Lisingo; J. Makana; Faustin M. Mbayu; B. Toirambe; J. Mukendi; L. Kvist; Gustav Nebel; S. Báez; C. Cerón; Daniel M. Griffith; J. Andino; D. Neill; W. Palacios; M. C. Peñuela-Mora; G. Rivas‐Torres; Gorky Villa; Sheleme Demissie; T. Gole; T. Gonfa; K. Ruokolainen; Michel Baisie; F. Bénédet; Wemo Betian; V. Bézard; D. Bonal; J. Chave; V. Droissart; S. Gourlet‐Fleury; A. Hladik; N. Labrière; Pétrus Naisso; M. Réjou‐Méchain; P. Sist; L. Blanc; B. Burban; G. Derroire; Aurélie Dourdain; C. Stahl; N. Bengone; Éric Chézeaux; Fidèle Evouna Ondo; V. Medjibe; V. Mihindou; L. White; H. Culmsee; Cristabel Durán Rangel; V. Horna; F. Wittmann; S. Adu‐Bredu; K. Affum‐Baffoe; E. Foli; M. Balinga; A. Roopsind; James Singh; R. Thomas; R. Zagt; I. Murthy; K. Kartawinata; E. Mirmanto; H. Priyadi; I. Samsoedin; T. Sunderland; I. Yassir; F. Rovero; B. Vinceti; B. Hérault; Shin‐ichiro Aiba; K. Kitayama; Armandu K. Daniels; Darlington Tuagben; J. T. Woods; M. Fitriadi; Alexander Karolus; K. L. Khoon; N. Majalap; C. Maycock; R. Nilus; Sylvester Tan; A. Sitoe; G. Coronado; L. Ojo; R. Assis; A. Poulsen; D. Sheil; Karen Arévalo Pezo; Hans Buttgenbach Verde; V. Moscoso; Jimmy Cesar Cordova Oroche; F. Valverde; Massiel Corrales Medina; N. D. Cardozo; Jano de Rutte Corzo; J. A. ‐. Pasquel; Gerardo Flores Llampazo; Luis Freitas; D. G. Cabrera; R. Villacorta; K. G. Cabrera; Diego García Soria; Leticia Gatica Saboya; J. Rios; Gabriel Hidalgo Pizango; E. Coronado; Isau Huamantupa‐Chuquimaco; W. H. Huasco; Yuri Tomas Huillca Aedo; J. L. Peña; A. Mendoza; V. Rodriguez; P. N. Vargas; S. Ramos; Nadir C. Pallqui Camacho; A. P. Cruz; F. Arevalo; José Reyna Huaymacari; C. R. Rodriguez; M. Paredes; L. R. Bayona; Rocio Del Pilar Rojas Gonzáles; M. E. Peña; N. S. Revilla; Yahn Carlos Soto Shareva; Raul Trujillo; L. V. Gamarra; R. V. Martínez; Jim Vega Arenas; C. Amani; S. Ifo; Y. Bocko; Patrick Boundja; Romeo Ekoungoulou; M. B. Hockemba; Donatien Nzala; A. Fofanah; David Taylor; Guillermo Bañares de Dios; L. Cayuela; Í. G. Cerda; M. Macía; J. Stropp; M. Playfair; V. Wortel; T. Gardner; Robert Muscarella; E. Rutishauser; K. Chao; P. Munishi; O. Bánki; F. Bongers; R. Boot; G. Fredriksson; J. Reitsma; H. Steege; T. Andel; P. Meer; P. Hout; M. V. Nieuwstadt; B. Ulft; E. Veenendaal; R. Vernimmen; P. Zuidema; J. Zwerts; P. Akite; R. Bitariho; C. Chapman; E. Gerald; M. Leal; P. Mucunguzi; K. Abernethy; M. Alexiades; T. Baker; Karina Banda; L. Banin; J. Barlow; A. Bennett; E. Berenguer; N. Berry; N. Bird; G. A. Blackburn; F. Brearley; R. Brienen; D. Burslem; L. Carvalho; P. Cho; Fernanda Coelho; M. Collins; D. Coomes; A. Cuni‐Sanchez; G. Dargie; K. Dexter; M. Disney; Freddie C. Draper; Muying Duan; A. Esquível-Muelbert; R. Ewers; B. Fadrique; S. Fauset; T. Feldpausch; F. França; D. Galbraith; M. Gilpin; E. Gloor; J. Grace; K. Hamer; D. Harris; K. Jeffery; T. Jucker; M. Kalamandeen; B. Klitgaard; A. Levesley; S. Lewis; J. Lindsell; G. Lopez-Gonzalez; J. Lovett; Y. Malhi; T. Marthews; Emma J. McIntosh; K. Melgaço; W. Milliken; E. Mitchard; P. Moonlight; S. Moore; A. Morel; J. Peacock; K. Peh; C. Pendry; R. Pennington; Luciana O. Pereira; C. Peres; O. Phillips; G. Pickavance; T. Pugh; Lan Qie; T. Riutta; K. Roucoux; C. Ryan; T. Särkinen; C. Valeria; D. Spracklen; S. Stas; Martin J. P. Sullivan; M. Swaine; Joey Talbot; J. Taplin; G. V. D. Heijden; L. Vedovato
exclude,0.061,Observations of near-surface carbon monoxide from space using MOPITT multispectral retrievals,,2010,10.1029/2010jd014242,184,H. Worden; M. Deeter; D. Edwards; J. Gille; J. Drummond; P. Nédélec
exclude,0.061,TransCom model simulations of hourly atmospheric CO2: Experimental overview and diurnal cycle results for 2002,Global Biogeochemical Cycles,2008,10.1029/2007gb003050,167,R. Law; W. Peters; C. Rödenbeck; C. Aulagnier; I. Baker; D. Bergmann; P. Bousquet; J. Brandt; L. Bruhwiler; P. Cameron-smith; J. Christensen; F. Delage; A. Denning; S. Fan; C. Geels; S. Houweling; R. Imasu; U. Karstens; S. Kawa; J. Kleist; M. Krol; Shian‐Jiann Lin; R. Lokupitiya; T. Maki; Shamil Maksyutov; Y. Niwa; R. Onishi; N. Parazoo; P. Patra; G. Pieterse; L. Rivier; M. Satoh; S. Serrar; S. Taguchi; M. Takigawa; R. Vautard; A. Vermeulen; Z. Zhu
exclude,0.061,The REFLEX project: Comparing different algorithms and implementations for the inversion of a terrestrial ecosystem model against eddy covariance data,,2009,10.1016/j.agrformet.2009.05.002,159,A. Fox; Mat Williams; A. Richardson; D. Cameron; J. Gove; T. Quaife; D. Ricciuto; M. Reichstein; E. Tomelleri; C. Trudinger; M. Wijk
exclude,0.061,“Variable localization” in an ensemble Kalman filter: Application to the carbon cycle data assimilation,,2011,10.1029/2010jd014673,148,Ji-Sun Kang; E. Kalnay; Junjie Liu; I. Fung; T. Miyoshi; K. Ide
exclude,0.061,An assessment of the MODIS collection 5 leaf area index product for a region of mixed coniferous forest,,2011,10.1016/j.rse.2010.11.004,147,M. D. Kauwe; M. Disney; T. Quaife; Philip Lewis; Mat Williams
exclude,0.061,"Challenges and opportunities in linking carbon sequestration, livelihoods and ecosystem service provision in drylands",,2012,10.1016/j.envsci.2012.02.004,146,L. Stringer; A. Dougill; A. Thomas; D. Spracklen; S. Chesterman; C. Speranza; H. Rueff; M. Riddell; Mat Williams; T. Beedy; D. Abson; P. Klintenberg; Stephen Syampungani; P. Powell; A. Palmer; M. Seely; David Mkwambisi; M. Falcão; A. Sitoe; S. Ross; G. Kopolo
exclude,0.061,Global tropospheric ozone responses to reduced NOx emissions linked to the COVID-19 worldwide lockdowns,Science Advances,2020,10.1126/sciadv.abf7460,143,K. Miyazaki; K. Bowman; T. Sekiya; M. Takigawa; J. Neu; K. Sudo; G. Osterman; H. Eskes
exclude,0.061,The controls on net ecosystem productivity along an Arctic transect: a model comparison with flux measurements,Global Change Biology,2000,10.1046/j.1365-2486.2000.06016.x,141,"Mat Williams; W. Eugster; E. Rastetter; J. McFadden; F. Chapin, III"
exclude,0.061,"Supplementary material to ""Global distribution of methane emissions: a comparative inverse analysis of observations from the TROPOMI and GOSAT satellite instruments""",,2021,10.5194/acp-2021-309-supplement,136,Z. Qu; D. Jacob; Lu Shen; Xiao Lu; Yuzhong Zhang; T. Scarpelli; H. Nesser; M. Sulprizio; J. Maasakkers; A. Bloom; J. Worden; R. Parker; A. L. Delgado
exclude,0.061,Characterization of precipitation product errors across the United States using multiplicative triple collocation,,2015,10.5194/hess-19-3489-2015,118,A. Stoffelen; H. Alemohammad; K. McColl; A. Konings; D. Entekhabi
exclude,0.061,Remotely sensing potential climate change tipping points across scales,Nature Communications,2024,10.1038/s41467-023-44609-w,98,T. Lenton; Jesse F. Abrams; A. Bartsch; S. Bathiany; Chris A. Boulton; J. Buxton; A. Conversi; Andrew M. Cunliffe; S. Hebden; T. Lavergne; B. Poulter; Andrew Shepherd; Taylor Smith; D. Swingedouw; R. Winkelmann; N. Boers
exclude,0.061,Dual-Site Biomimetic Cu/Zn-MOF for Atopic Dermatitis Catalytic Therapy via Suppressing FcγR-Mediated Phagocytosis.,Journal of the American Chemical Society,2024,10.1021/jacs.3c11059,94,Fang Huang; Xiangyu Lu; L. Kuai; Y. Ru; Jingsi Jiang; Jiankun Song; Si Chen; Lijie Mao; Yongyong Li; Bin Li; Haiqing Dong; Jianlin Shi
exclude,0.061,A simpler formulation of forecast sensitivity to observations: application to ensemble Kalman filters,,2012,10.3402/tellusa.v64i0.18462,91,E. Kalnay; Yoichiro Ota; T. Miyoshi; Junjie Liu
exclude,0.061,High spatial resolution imaging of methane and other trace gases with the airborne Hyperspectral Thermal Emission Spectrometer (HyTES),,2016,10.5194/amt-9-2393-2016,82,G. Hulley; R. Duren; F. Hopkins; S. Hook; N. Vance; P. Guillevic; W. Johnson; B. Eng; J. Mihaly; V. Jovanovic; S. Chazanoff; Z. K. Staniszewski; L. Kuai; J. Worden; C. Frankenberg; G. Rivera; A. Aubrey; C. Miller; N. Malakar; J. M. S. Tomás; Kendall T. Holmes
exclude,0.061,Reimagine fire science for the anthropocene.,PNAS Nexus,2022,10.1093/pnasnexus/pgac115,79,J. Shuman; Jennifer K. Balch; R. Barnes; P. Higuera; Christopher I. Roos; D. Schwilk; E. N. Stavros; T. Banerjee; M. Bela; J. Bendix; S. Bertolino; S. Bililign; K. Bladon; P. Brando; R. Breidenthal; B. Buma; D. Calhoun; L. Carvalho; M. Cattau; K. Cawley; S. Chandra; M. Chipman; Jeanette Cobian-Iñiguez; E. Conlisk; J. Coop; A. Cullen; K. Davis; A. Dayalu; Fernando de Sales; Megan R. Dolman; L. Ellsworth; S. Franklin; Christopher H. Guiterman; M. Hamilton; E. Hanan; W. Hansen; S. Hantson; Brian J. Harvey; A. Holz; Tao Huang; M. Hurteau; N. Ilangakoon; Megan K. Jennings; Charles Jones; A. Klimaszewski-Patterson; L. Kobziar; J. Kominoski; B. Kosović; M. Krawchuk; P. Laris; J. Leonard; S. Loría‐Salazar; M. Lucash; H. Mahmoud; E. Margolis; T. Maxwell; J. McCarty; D. Mcwethy; Rachel S. Meyer; J. Miesel; W. K. Moser; R. C. Nagy; D. Niyogi; Hannah M. Palmer; A. Pellegrini; B. Poulter; Kevin Robertson; A. Rocha; M. Sadegh; F. Santos; F. Scordo; J. Sexton; A. Sharma; Alistair Smith; A. Soja; C. Still; T. Swetnam; A. Syphard; M. Tingley; A. Tohidi; A. Trugman; Merritt Turetsky; J. Varner; Yuhang Wang; T. Whitman; S. Yelenik; Xuan Zhang
exclude,0.061,Beyond soil water potential: An expanded view on isohydricity including land-atmosphere interactions and phenology.,"Plant, Cell and Environment",2019,10.1111/pce.13517,77,K. Novick; A. Konings; P. Gentine
exclude,0.061,Estimation of surface carbon fluxes with an advanced data assimilation methodology,,2011,10.1029/2012jd018259,72,Ji-Sun Kang; E. Kalnay; T. Miyoshi; Junjie Liu; I. Fung
exclude,0.061,Is productivity of mesic savannas light limited or water limited? Results of a simulation study,,2011,10.1111/j.1365-2486.2011.02425.x,71,Rhys Whitley; C. Macinnis-Ng; L. Hutley; J. Beringer; M. Zeppel; Mat Williams; Daniel Taylor; D. Eamus
exclude,0.061,Interannual Variations of Vegetation Optical Depth are Due to Both Water Stress and Biomass Changes,Geophysical Research Letters,2021,10.1029/2021gl095267,65,A. Konings; N. Holtzman; K. Rao; Liang Xu; S. Saatchi
exclude,0.061,A model analysis of N and P limitation on carbon accumulation in Amazonian secondary forest after alternate land-use abandonment,,2003,10.1023/a:1026020210887,64,D. Herbert; Mat Williams; E. Rastetter
exclude,0.061,Observation bias correction with an ensemble Kalman filter,,2009,10.1111/j.1600-0870.2008.00378.x,61,E. Fertig; Seung-Jong Baek; B. Hunt; E. Ott; I. Szunyogh; J. Aravéquia; E. Kalnay; Hong Li; Junjie Liu
exclude,0.061,Attribution of the 2020 surge in atmospheric methane by inverse analysis of GOSAT observations,Environmental Research Letters,2022,10.1088/1748-9326/ac8754,60,Z. Qu; D. Jacob; Yuzhong Zhang; Lu Shen; D. Varon; Xiao Lu; T. Scarpelli; A. Bloom; J. Worden; R. Parker
exclude,0.061,The methane imperative,Frontiers in Science,2024,10.3389/fsci.2024.1349770,57,D. Shindell; P. Sadavarte; I. Aben; Tomás de Oliveira Bredariol; G. Dreyfus; L. Höglund-Isaksson; B. Poulter; M. Saunois; Gavin A. Schmidt; S. Szopa; Kendra Rentz; Luke Parsons; Zhen Qu; G. Faluvegi; J. Maasakkers
exclude,0.061,The impact of logging on vertical canopy structure across a gradient of tropical forest degradation intensity in Borneo,Journal of Applied Ecology,2021,10.1111/1365-2664.13895,56,D. Milodowski; D. Coomes; T. Swinfield; T. Jucker; T. Riutta; Y. Malhi; Martin Svátek; Jakub Kvasnica; D. Burslem; R. Ewers; Y. Teh; Mat Williams
exclude,0.061,Adverse Events Associated With Treatment of Tripterygium wilfordii Hook F: A Quantitative Evidence Synthesis,Frontiers in Pharmacology,2019,10.3389/fphar.2019.01250,55,Y. Ru; Ying Luo; Yaqiong Zhou; L. Kuai; Xiaoying Sun; Meng Xing; Liu Liu; Yi Lu; Seokgyeong Hong; Xi Chen; Jiankun Song; Yue Luo; Xiaoyan Fei; Bin Li; Xin Li
exclude,0.061,Estimating Global Ecosystem Isohydry/Anisohydry Using Active and Passive Microwave Satellite Data,,2017,10.1002/2017jg003958,53,Yan Li; K. Guan; P. Gentine; A. Konings; F. Meinzer; J. Kimball; Xiang-Po Xu; W. Anderegg; N. McDowell; J. Martínez‐Vilalta; D. Long; S. Good
exclude,0.061,New seasonal pattern of pollution emerges from changing North American wildfires,Nature Communications,2022,10.1038/s41467-022-29623-8,53,R. Buchholz; Mijeong Park; H. Worden; Wenfu Tang; D. Edwards; B. Gaubert; M. Deeter; T. Sullivan; M. Ru; M. Chin; R. Levy; B. Zheng; S. Magzamen
exclude,0.061,Assessing fossil fuel CO2 emissions in California using atmospheric observations and models,Environmental Research Letters,2018,10.1088/1748-9326/aabd43,51,H. Graven; M. Fischer; T. Lueker; Seongeun Jeong; T. Guilderson; R. Keeling; R. Bambha; K. Brophy; W. Callahan; X. Cui; C. Frankenberg; K. Gurney; B. LaFranchi; S. Lehman; H. Michelsen; John B. Miller; S. Newman; W. Paplawsky; N. Parazoo; C. Sloop; S. Walker
exclude,0.061,Combining GOSAT XCO2 observations over land and ocean to improve regional CO2 flux estimates,,2016,10.1002/2015jd024157,51,F. Deng; Dylan B. A. Jones; C. O’Dell; R. Nassar; N. Parazoo
exclude,0.061,Attribution of Space‐Time Variability in Global‐Ocean Dissolved Inorganic Carbon,Global Biogeochemical Cycles,2022,10.1029/2021gb007162,51,D. Carroll; D. Menemenlis; S. Dutkiewicz; J. Lauderdale; J. Adkins; K. Bowman; H. Brix; I. Fenty; M. Gierach; C. Hill; O. Jahn; P. Landschützer; M. Manizza; M. Mazloff; C. Miller; D. Schimel; A. Verdy; D. Whitt; Hong Zhang
exclude,0.061,Response of ecosystem productivity to dry/wet conditions indicated by different drought indices.,Science of the Total Environment,2018,10.1016/j.scitotenv.2017.08.212,51,Haiyan Wang; B. He; Yafeng Zhang; Ling Huang; Ziyue Chen; Junjie Liu
exclude,0.061,Ensemble estimates of global wetland methane emissions over 2000–2020,Biogeosciences,2025,10.5194/bg-22-305-2025,50,Zhen Zhang; B. Poulter; J. Melton; W. Riley; George H. Allen; D. Beerling; Philippe Bousquet; J. Canadell; Etienne Fluet‐Chouinard; P. Ciais; N. Gedney; P. Hopcroft; Akihiko Ito; R. Jackson; A. Jain; Katherine Jensen; F. Joos; T. Kleinen; S. Knox; Tingting Li; Xin Li; Xiangyu Liu; Kyle C. McDonald; G. McNicol; Paul A. Miller; Jurek Müller; P. Patra; Changhui Peng; S. Peng; Zhangcai Qin; Ryan M. Riggs; M. Saunois; Qing Sun; Hanqin Tian; Xiaoming Xu; Yuanzhi Yao; Yi Xi; Wenxin Zhang; Qing Zhu; Qiu'an Zhu; Q. Zhuang
exclude,0.061,The MOPITT Version 9 CO Product: Sampling Enhancements and Validation,Atmospheric Measurement Techniques,2021,10.5194/amt-2021-370,50,M. Deeter; G. Francis; J. Gille; D. Mao; S. Martínez-Alonso; H. Worden; D. Ziskin; J. Drummond; R. Commane; G. Diskin; K. McKain
exclude,0.061,Leaf and fine root carbon stocks and turnover are coupled across Arctic ecosystems,Global Change Biology,2013,10.1111/gcb.12322,49,V. Sloan; Benjamin J. Fletcher; M. Press; Mat Williams; G. Phoenix
exclude,0.061,"Simultaneous retrieval of global scale Vegetation Optical Depth, surface roughness, and soil moisture using X-band AMSR-E observations",,2019,10.1016/j.rse.2019.111473,48,L. Karthikeyan; M. Pan; A. Konings; M. Piles; R. Fernandez-Moran; D. Kumar; E. Wood
exclude,0.061,Absorption coefficient (ABSCO) tables for the Orbiting Carbon Observatories: Version 5.1,Journal of Quantitative Spectroscopy and Radiative Transfer,2020,10.1016/j.jqsrt.2020.107217,45,V. Payne; B. Drouin; F. Oyafuso; L. Kuai; B. Fisher; K. Sung; D. Nemchick; T. Crawford; M. Smyth; D. Crisp; E. Adkins; J. Hodges; D. Long; E. Mlawer; A. Merrelli; E. Lunny; C. O’Dell
exclude,0.061,"2010-2016 methane trends over Canada, the United States, and Mexico observed by the GOSAT satellite: contributions from different source sectors",,2017,10.5194/acp-2017-1110,44,J. Sheng; D. Jacob; A. Turner; J. Maasakkers; J. Benmergui; A. Bloom; C. Arndt; R. Gautam; D. Zavala-Araiza; H. Boesch; R. Parker
exclude,0.061,The Impact of COVID‐19 on CO2 Emissions in the Los Angeles and Washington DC/Baltimore Metropolitan Areas,Geophysical Research Letters,2021,10.1029/2021gl092744,44,V. Yadav; Subhomoy Ghosh; K. Mueller; A. Karion; G. Roest; S. Gourdji; I. Lopez-Coto; K. Gurney; N. Parazoo; K. Verhulst; Jooil Kim; S. Prinzivalli; Clayton Fain; T. Nehrkorn; M. Mountain; R. Keeling; R. Weiss; R. Duren; C. Miller; J. Whetstone
exclude,0.061,Canopy Carbon Gain and Water Use: Analysis of Old-growth Conifers in the Pacific Northwest,Ecosystems,2004,10.1007/s10021-004-0139-2,44,W. Winner; S. Thomas; J. Berry; B. Bond; Clifton E. Cooper; T. Hinckley; J. Ehleringer; J. Fessenden; B. Lamb; Sarah E. McCarthy; N. McDowell; N. Phillips; Mat Williams
exclude,0.061,Constraining ecosystem processes from tower fluxes and atmospheric profiles.,Ecological Applications,2011,10.1890/09-0840.1,42,T. Hill; Mat Williams; F. Woodward; J. Moncrieff
exclude,0.061,A new indicator of ecosystem water use efficiency based on surface soil moisture retrieved from remote sensing,,2017,10.1016/j.ecolind.2016.12.017,42,B. He; Haiyan Wang; Ling Huang; Junjie Liu; Ziyue Chen
exclude,0.061,Topographic controls on the leaf area index and plant functional type of a tundra ecosystem,,2008,10.1111/j.1365-2745.2008.01424.x,41,L. Spadavecchia; Mat Williams; R. Bell; P. Stoy; B. Huntley; M. van Wijk
exclude,0.061,Simultaneous assimilation of AIRS Xco2 and meteorological observations in a carbon climate model with an ensemble Kalman filter,,2012,10.1029/2011jd016642,40,Junjie Liu; I. Fung; E. Kalnay; Ji-Sun Kang; E. Olsen; L. Chen
exclude,0.061,A novel application of satellite radar data: measuring carbon sequestration and detecting degradation in a community forestry project in Mozambique,,2013,10.1080/17550874.2012.695814,39,E. Mitchard; P. Meir; C. Ryan; Emily Woollen; Mat Williams; L. E. Goodman; Joey A Mucavele; Paul Watts; I. Woodhouse; S. Saatchi
exclude,0.061,Upscaling as ecological information transfer: a simple framework with application to Arctic ecosystem carbon exchange,Landscape Ecology,2009,10.1007/s10980-009-9367-3,39,P. Stoy; Mat Williams; M. Disney; A. Prieto-Blanco; B. Huntley; R. Baxter; P. Lewis
exclude,0.061,Marked Impacts of Pollution Mitigation on Crop Yields in China,Earth's Future,2022,10.1029/2022ef002936,39,Liyin He; Jing Wei; Yuan Wang; Quanbiao Shang; Junjie Liu; Yi Yin; C. Frankenberg; Jonathan H. Jiang; Zhanqing Li; Y. Yung
exclude,0.061,Sensitivity of top-down CO source estimates to the modeled vertical structure in atmospheric CO,,2015,10.5194/acp-15-1521-2015,39,Zhe Jiang; Dylan B. A. Jones; H. Worden; D. Henze
exclude,0.061,"The landscape of soil carbon data: Emerging questions, synergies and databases",Progress in Physical Geography: Earth and Environment,2019,10.1177/0309133319873309,36,A. Malhotra; K. Todd-Brown; L. Nave; N. Batjes; J. Holmquist; A. Hoyt; C. Iversen; R. B. Jackson; K. Lajtha; C. Lawrence; O. Vindušková; W. Wieder; Mat Williams; G. Hugelius; J. Harden
exclude,0.061,Sample sizes for estimating key ecosystem characteristics in a tropical terra firme rainforest,,2008,10.1016/j.foreco.2007.09.026,35,D. Metcalfe; P. Meir; L. Aragão; A. C. L. Costa; S. Almeida; A. P. Braga; P. Gonçalves; J. D. Athaydes; Y. Malhi; Mat Williams
exclude,0.061,Atmospheric Measurement Techniques Characterization of Aura Tes Carbonyl Sulfide Retrievals over Ocean,,,,35,L. Kuai; J. Worden; S. Kulawik; S. Montzka; J. Liu
exclude,0.061,COVID-19 Lockdowns Afford the First Satellite-Based Confirmation That Vehicles Are an Under-recognized Source of Urban NH3 Pollution in Los Angeles,Environmental Science and Technology Letters,2021,10.1021/acs.estlett.1c00730,33,H. Cao; D. Henze; K. Cady-Pereira; B. McDonald; C. Harkins; K. Sun; K. Bowman; T. Fu; M. Nawaz
exclude,0.061,The use of CO2 flux time series for parameter and carbon stock estimation in carbon cycle research,,2012,10.1111/j.1365-2486.2011.02511.x,33,T. Hill; E. Ryan; Mat Williams
exclude,0.061,First Top‐Down Estimates of Anthropogenic NOx Emissions Using High‐Resolution Airborne Remote Sensing Observations,,2018,10.1002/2017jd028009,31,A. Souri; Yunsoo Choi; Shuai Pan; G. Curci; C. Nowlan; S. Janz; M. Kowalewski; Junjie Liu; J. Herman; A. Weinheimer
exclude,0.061,Dry Live Fuels Increase the Likelihood of Lightning‐Caused Fires,Geophysical Research Letters,2023,10.1029/2022gl100975,30,K. Rao; A. P. Williams; N. Diffenbaugh; M. Yebra; C. Bryant; A. Konings
exclude,0.061,Quantification of CO emissions from the city of Madrid using MOPITT satellite retrievals and WRF simulations,,2017,10.5194/acp-17-14675-2017,28,Iris N. Dekker; S. Houweling; I. Aben; T. Röckmann; M. Krol; S. Martínez-Alonso; M. Deeter; H. Worden
exclude,0.061,Modeling Study of the Air Quality Impact of Record‐Breaking Southern California Wildfires in December 2017,Journal of Geophysical Research - Atmospheres,2019,10.1029/2019jd030472,27,Hongrong Shi; Zhe Jiang; Bin Zhao; Zhanqing Li; Yang Chen; Yu Gu; Jonathan H. Jiang; Meemong Lee; K. Liou; J. Neu; V. Payne; H. Su; Yuan Wang; M. Witek; J. Worden
exclude,0.061,Characterization of vegetation and soil scattering mechanisms across different biomes using P-band SAR polarimetry,,2016,10.1016/j.rse.2018.02.032,23,S. H. Alemohammad; A. Konings; T. Jagdhuber; M. Moghaddam; D. Entekhabi
exclude,0.061,Comparison between Local Ensemble Transform Kalman Filter and PSAS in the NASA finite volume GCM,,2007,10.5194/npg-15-645-2008,22,Junjie Liu; E. Fertig; Hong Li; E. Kalnay; B. Hunt; E. Kostelich; I. Szunyogh; R. Todling
exclude,0.061,Satellite data reveal a common combustion emission pathway for major cities in China,Atmospheric Chemistry and Physics,2019,10.5194/acp-19-4269-2019,22,Wenfu Tang; A. Arellano; B. Gaubert; K. Miyazaki; H. Worden
exclude,0.061,Climate change-induced peatland drying in Southeast Asia,Environmental Research Letters,2022,10.1088/1748-9326/ac7969,19,N. Dadap; A. Cobb; A. Hoyt; C. Harvey; A. Feldman; E. Im; A. Konings
exclude,0.061,Improved western U.S. background ozone estimates via constraining nonlocal and local source contributions using Aura TES and OMI observations,,2015,10.1002/2014jd022993,19,Min Huang; K. Bowman; G. Carmichael; Meemong Lee; T. Chai; S. Spak; D. Henze; A. Darmenov; Arlindo M. Silva
exclude,0.061,Assessing Measurements of Pollution in the Troposphere (MOPITT) carbon monoxide retrievals over urban versus non-urban regions,,2020,10.5194/amt-13-1337-2020,19,Wenfu Tang; H. Worden; M. Deeter; D. Edwards; L. Emmons; S. Martínez-Alonso; B. Gaubert; R. Buchholz; G. Diskin; R. Dickerson; X. Ren; Hao He; Y. Kondo
exclude,0.061,On the feasibility of monitoring carbon monoxide in the lower troposphere from a constellation of Northern Hemisphere geostationary satellites. (Part 1),,2015,10.1016/j.atmosenv.2015.04.069,19,J. Barré; D. Edwards; H. Worden; A. Silva; W. Lahoz
exclude,0.061,Using biomass distributions to determine probability and intensity of tropical forest disturbance,,2013,10.1080/17550874.2012.692404,18,Mat Williams; T. Hill; C. Ryan
exclude,0.061,"Cerium oxide nanoparticles in diabetic foot ulcer management: Advances, limitations, and future directions.",Colloids and Surfaces B: Biointerfaces,2023,10.1016/j.colsurfb.2023.113535,17,Haotian Xu; Shiqi Li; Xiaoxuan Ma; Ting-ting Xue; Fang Shen; Y. Ru; Jing-Si Jiang; L. Kuai; Bin Li; Hang Zhao; Xin Ma
exclude,0.061,Satellite observations of Mexico City pollution outflow from the Tropospheric Emissions Spectrometer (TES),,2009,10.1016/j.atmosenv.2008.11.026,17,C. Shim; Qinbin Li; M. Luo; S. Kulawik; H. Worden; J. Worden; A. Eldering; G. Diskin; G. Sachse; A. Weinheimer; D. Knapp; D. Montzca; T. Campos
exclude,0.061,Comparing microbial and chemical kinetics for modelling soil organic carbon decomposition using the DecoChem v1.0 and DecoBio v1.0 models,,2014,10.5194/gmd-7-1519-2014,16,G. Xenakis; Mat Williams
exclude,0.061,L-Band Radar Soil Moisture Retrieval Without Ancillary Information,IEEE Journal of Selected Topics in Applied Earth Observations and Remote Sensing,2015,10.1109/jstars.2015.2496326,14,C. Bruscantini; A. Konings; P. Narvekar; K. McColl; D. Entekhabi; F. Grings; H. Karszenbaum
exclude,0.061,Future Weakening of the ENSO Ocean Carbon Buffer Under Anthropogenic Forcing,Geophysical Research Letters,2021,10.1029/2021gl094021,14,Enhui Liao; L. Resplandy; Junjie Liu; K. Bowman
exclude,0.061,Antibiotics armed neutrophils as a potential therapy for brain fungal infection caused by chemotherapy-induced neutropenia.,Biomaterials,2021,10.1016/j.biomaterials.2021.120849,13,Yi Han; Yanchao Liu; Xiaoyi Ma; Aijun Shen; Yiqiong Liu; Nopphon Weeranoppanant; Haiqing Dong; Yan Li; Tianbin Ren; L. Kuai; Bin Li; Mao-Qiang An; Yongyong Li
exclude,0.061,"GriddingMachine, a database and software for Earth system modeling at global and regional scales",Scientific Data,2022,10.1038/s41597-022-01346-x,12,Yujie Wang; P. Köhler; R. Braghiere; M. Longo; R. Doughty; A. A. Bloom; C. Frankenberg
exclude,0.061,Reduced terrestrial evaporation increases atmospheric water vapor by generating cloud feedbacks,Environmental Research Letters,2023,10.1088/1748-9326/acdbe1,11,MM Laguë; G. R. Quetin; A. Boos
exclude,0.061,Investigating temporal variations in vegetation water content derived from SMOS optical depth,IEEE International Geoscience and Remote Sensing Symposium,2012,10.1109/igarss.2012.6350590,11,J. Grant; J. Wigneron; M. Drusch; Mat Williams; B. Law; Nathalie Novello; Y. Kerr
exclude,0.061,"Ozone data assimilation with GEOS-Chem: a comparison between 3-D-Var, 4-D-Var, and suboptimal Kalman filter approaches",,2011,10.5194/acpd-11-22247-2011,11,Kumaresh Singh; Adrian Sandu; K. Bowman; M. Parrington; Dylan B. A. Jones; Meemong Lee
exclude,0.061,"Effects of Spatial Resolution, Mapping Window Size, and Spectral Species Clustering on Remote Sensing of Plant Beta Diversity Using biodivMapR and Hyperspectral Imagery",Journal of Geophysical Research - Biogeosciences,2023,10.1029/2022jg007350,11,K. Robertson; Eli Simonson; N. Ramirez‐Bullon; B. Poulter; R. Carter
exclude,0.061,Characterizing Performance of Freshwater Wetland Methane Models Across Time Scales at FLUXNET‐CH4 Sites Using Wavelet Analyses,Journal of Geophysical Research - Biogeosciences,2023,10.1029/2022jg007259,11,Zhen Zhang; Sheel Bansal; Kuang‐Yu Chang; Etienne Fluet‐Chouinard; K. Delwiche; Mathias Goeckede; Adrian Gustafson; S. Knox; Antti Leppänen; Licheng Liu; Jinxun Liu; A. Malhotra; T. Markkanen; G. McNicol; J. Melton; P. Miller; C. Peng; M. Raivonen; W. Riley; O. Sonnentag; T. Aalto; R. Vargas; Wenxing Zhang; Qing Zhu; Qiuan Zhu; Q. Zhuang; L. Windham‐Myers; R. Jackson; B. Poulter
exclude,0.061,"LBA-ECO CD-09 Soil and Vegetation Characteristics, Tapajos National Forest, Brazil",,2012,10.3334/ornldaac/1104,10,Mat Williams; Y. Shimabukuro; E. Rastetter
exclude,0.061,Corrigendum: Drought dominates the interannual variability in global terrestrial net primary production by controlling semi-arid ecosystems,Scientific Reports,2016,10.1038/srep35126,9,Ling Huang; B. He; Aifang Chen; Haiyan Wang; Junjie Liu; Aifeng Lű; Ziyue Chen
exclude,0.061,Single-Atom Catalysts with Isolated Cu1-N4 Sites for Atopic Dermatitis Cascade Catalytic Therapy via Activating PPAR Signaling.,Small,2024,10.1002/smll.202407365,9,L. Kuai; Fang Huang; Lijie Mao; Y. Ru; Jingsi Jiang; Jiankun Song; Si Chen; Ke Li; Yongyong Li; Haiqing Dong; Xiangyu Lu; Bin Li; Jianlin Shi
exclude,0.061,First satellite identification of volcanic carbon monoxide,,2012,10.1029/2012gl053275,9,S. Martínez-Alonso; M. Deeter; H. Worden; C. Clerbaux; D. Mao; J. Gille
exclude,0.061,CHEEREIO 1.0: a versatile and user-friendly ensemble-based chemical data assimilation and emissions inversion platform for the GEOS-Chem chemical transport model,Geoscientific Model Development,2023,10.5194/gmd-16-4793-2023,8,D. Pendergrass; D. Jacob; H. Nesser; D. Varon; M. Sulprizio; K. Miyazaki; K. Bowman
exclude,0.061,"Efficacy and safety of Huzhang Granule, a compound Chinese herbal medicine, for acute gouty arthritis: A double-blind, randomized controlled trial.",Journal of Integrative Medicine,2024,10.1016/j.joim.2024.03.008,8,Hao Wang; Siting Chen*; Xiao-jie Ding; L. Kuai; Liang Hua; Xin Li; Yifei Wang; Ming Zhang; Bin Li; Rui-ping Wang; Min Zhou
exclude,0.061,Therapeutic effects and mechanisms of Ku-Gan formula on atopic dermatitis: A pilot clinical study and modular pharmacology analysis with animal validation.,Journal of Ethnopharmacology,2023,10.1016/j.jep.2023.116194,8,Xingkun Ma; L. Kuai; Jiankun Song; Ying Luo; Y. Ru; Mingxia Wang; Chunjie Gao; Wencheng Jiang; Yeqiang Liu; Yun Bai; Bin Li
exclude,0.061,Response of Seasonally Frozen Ground to Climate Changes in the Northeastern Qinghai-Tibet Plateau,Frontiers in Environmental Science,2022,10.3389/fenvs.2022.912209,7,Zhihui Zhao; Ruiyu Fu; Junjie Liu; Licong Dai; Xiaowei Guo; Yangong Du; Zhongmin Hu; G. Cao
exclude,0.061,Adenanthin exhibits anti-inflammatory effects by covalently targeting the p65 subunit in the NF-κB signaling pathway.,European journal of medicinal chemistry,2024,10.1016/j.ejmech.2024.116946,7,Lu Tong; M. Zha; Junchi Hu; Haiyang Li; L. Kuai; Bin Li; Yongjun Dang; Qunfei Zhao; Rijing Liao; Guo-qiang Lin; Qing-Li He
exclude,0.061,On the feasibility of monitoring carbon monoxide in the 1 lower troposphere from a constellation of Northern 2 Hemisphere geostationary satellites: global scale 3 assimilation experiments (Part II),,2017,,7,J. Barré; D. Edwards; H. Worden; A. Arellano; Benjamin Gaubert; A. Silva; W. Lahoz; Jeffrey L. Anderson
exclude,0.061,Towards accurate methane point-source quantification from high-resolution 2D plume imagery,,2019,10.5194/amt-2019-173,6,Siraput Jongaramrungruang; C. Frankenberg; G. Matheou; A. Thorpe; D. Thompson; L. Kuai; R. Duren
exclude,0.061,From global to national GHG budgets: the REgional Carbon Cycle Assessment and Processes-3 (RECCAP3),National Science Review,2025,10.1093/nsr/nwaf037,6,J. Canadell; B. Poulter; A. Bastos; P. Ciais; J. Hauck; R. Andrew; P. Friedlingstein; Giacomo Grassi; Robert B Jackson; J. Müller; Corinne Le Quéré; Mike O’Sullivan; P. Patra; Glen P. Peters; J. Pongratz; M. Saunois; S. Sitch; Hanqin Tian; Yohanna Villalobos; Xuhui Wang
exclude,0.061,"Two decades of permafrost region CO2, CH4, and N2O budgets suggest a small net greenhouse gas source to the atmosphere",,2023,,6,G. Hugelius; J. Ramage; Eleanor J. Burke; Abhishek Chatterjee; T. Smallman; T. Aalto; Ana Bastos; C. Biasi; G. Josep; Canadell; N. Chandra; F. Chevallier; P. Ciais; Jinfeng Chang; Lianggang Feng; Matthew W. Jones; T. Kleinen; M. Kuhn; Ronny; Lauerwald; Junjie Liu; E. López‐Blanco; I. Luijkx; E. Maija; Marushchak; S. Natali; Y. Niwa; D. Olefeldt; P. Palmer; Prabir; K. Patra; W. Peters; S. Potter; B. Poulter; B. Rogers; W. Riley; M. Saunois; T. Schuur; R. Thompson; Claire; C. Treat; A. Tsuruta; M. Turetsky; Anna‐Maria Virkkala; Carolina; Voigt; J. Watts; Qing Zhu; Bo Zheng
exclude,0.061,Interannual Variation of Upper Tropospheric CO over the Western Pacific Linked with Indonesian Fires,Sola,2019,10.2151/sola.2019-037,5,H. Matsueda; R. Buchholz; K. Ishijima; H. Worden; D. Hammerling; T. Machida
exclude,0.061,Characterizing mega-city pollution with TES O 3 and CO measurements,,2007,10.5194/acpd-7-15189-2007,5,C. Shim; Qinbin Li; M. Luo; S. Kulawik; H. Worden; J. Worden; A. Eldering; G. Diskin; G. Sachse; A. Weinheimer; D. Knapp; D. Montzca; T. Campos
exclude,0.061,The Terrestrial Biosphere Model Farm,Journal of Advances in Modeling Earth Systems,2022,10.1029/2021ms002676,4,J. Fisher; M. Sikka; G. Block; C. Schwalm; N. Parazoo; H. Kolus; Malen Sok; Audrey Wang; A. Gagné-Landmann; Shakirudeen Lawal; A. Guillaume; A. Poletti; K. Schaefer; Bassil El Masri; P. Levy; Yaxing Wei; M. Dietze; D. Huntzinger
exclude,0.061,Tracing ammonia emission sources in California's Salton Sea region: insights from airborne longwave-infrared hyperspectral imaging and ground monitoring,Atmospheric Chemistry and Physics,2025,10.5194/acp-25-11935-2025,4,Sina Hasheminassab; D. Tratt; Olga V. Kalashnikova; Clement S. Chang; Morad Alvarez; K. Buckland; Michael J. Garay; Francesca M Hopkins; Eric R. Keim; L. Kuai; Yaning Miao; P. Pakbin; William C. Porter; Mohammad H. Sowlat
exclude,0.061,DNA Methylation Expression Profile of Blood Heat Syndrome and Blood Stasis Syndrome in TCM Psoriasis,Evidence-Based Complementary and Alternative Medicine,2022,10.1155/2022/9343285,4,Meng Xing; Ying Luo; L. Kuai; Y. Ru; Xiao-jie Ding; Xiao-Ning Yan; Bin Li; Xin Li
exclude,0.061,Global Atmospheric δ13CH4 and CH4 Trends for 2000–2020 from the Atmospheric Transport Model TM5 Using CH4 from Carbon Tracker Europe–CH4 Inversions,Atmosphere,2023,10.3390/atmos14071121,4,Vilma Mannisenaho; A. Tsuruta; L. Backman; S. Houweling; A. Segers; M. Krol; M. Saunois; B. Poulter; Zhen Zhang; Xin Lan; E. Dlugokencky; S. Michel; J. White; T. Aalto
exclude,0.061,Working towards a global-scale vegetation water product from SMOS optical depth,2014 IEEE Geoscience and Remote Sensing Symposium,2014,10.1109/igarss.2014.6946413,3,J. Grant; J. Wigneron; Mat Williams; M. Scholze; Y. Kerr
exclude,0.061,CH 4 and CO distributions over tropical fires as observed by the Aura TES satellite instrument and modeled by GEOS-Chem,,2012,10.5194/acpd-12-26207-2012,3,J. Worden; K. Wecht; C. Frankenberg; M. Alvarado; K. Bowman; E. Kort; S. Kulawik; Meemong Lee; V. Payne; H. Worden
exclude,0.061,Development of the Ames Global Hyperspectral Synthetic Data Set: Surface Bidirectional Reflectance Distribution Function,Journal of Geophysical Research: Biogeosciences,2023,10.1029/2022jg007363,3,Weile Wang; J. Dungan; V. Genovese; Y. Shinozuka; Qiguang Yang; Xu Liu; B. Poulter; Ian G. Brosnan
exclude,0.061,Recurrent U-net: Deep learning to predict daily summertime ozone in the United States,arXiv.org,2019,,3,Tai-Long He; Dylan B. A. Jones; Binxuan Huang; Yuyang Liu; K. Miyazaki; Zhe Jiang; E. White; H. Worden; J. Worden
exclude,0.061,Tropical forest structure modulates flammability and response to extreme droughts in the Amazon,,2018,,2,M. Longo; S. Saatchi; M. Keller; A. Ferraz; K. Bowman; A. Bloom; M. dos-Santos; V. Meyer; D. Morton
exclude,0.061,Outsized contribution of the semi-arid ecosystems to interannual variability in North American ecosystems,,2020,10.1002/essoar.10502484.1,2,B. Byrne; Junjie Liu; A. Bloom; K. Bowman; Z. Butterfield; J. Joiner; Trevor F. Keenan; G. Keppel‐Aleks; N. Parazoo; Yi Yin
exclude,0.061,"CARVE: Net Ecosystem CO2 Exchange and Regional Carbon Budgets for Alaska, 2012-2014",,2017,10.3334/ornldaac/1389,2,R. Commane; J. Benmergui; J. Lindaas; Scot M. Miller; K. Luus; R. Chang; B. Daube; S. E. Euskirchen; J. Henderson; A. Karion; John B. Miller; N. Parazoo; J. Randerson; C. Sweeney; P. Tans; K. Thoning; S. Veraverbeke; C. Miller; S. Wofsy
exclude,0.061,Parameterizing Stomatal Conductance Based on Trait‐Environment Relationships Often Improves Land Surface Model Predictions of Evapotranspiration and Streamflow,Journal of Advances in Modeling Earth Systems,2026,10.1029/2025ms005019,2,Trent W. Robinett; Jana Kolassa; Meng Zhao; Yanlan Liu; A. Shiklomanov; A. Konings
exclude,0.061,Sirtuin-6 knockout causes exacerbated stalled healing of diabetic ulcers in mice.,Biochemical and Biophysical Research Communications - BBRC,2024,10.1016/j.bbrc.2024.150235,2,Ting-ting Xue; Huijung Cha; Qing-Kai Liu; Dan Yang; Zhan Zhang; Jing-Si Jiang; Jiankun Song; Ming-xia Wang; Fang Shen; Qi Zheng; L. Kuai; Y. Ru; Xin Li; Bin Li
exclude,0.061,WetCH 4 : A Machine Learning-based 1 Upscaling of Methane Fluxes of 2 Northern Wetlands during 2016-2022 3,,,,2,Qing Ying; B. Poulter; Jennifer D. Watts; K. Arndt; Anna‐Maria Virkkala; L. Bruhwiler; Youmi Oh; B. Rogers; S. Natali; Hilary Sullivan; L. Schiferl; C. Elder; Olli Peltola; A. Bartsch; Amanda Armstrong; Ankur R. Desai; E. Euskirchen; M. Göckede; Bernhard Lehner; Mats B. Nilsson; M. Peichl; O. Sonnentag; E. Tuittila; Torsten Sachs; A. Kalhori; M. Ueyama; Zhen Zhang
exclude,0.061,Satellite Data Reveals a Common Combustion Emission Pathway for Major Cities in China,,2018,10.5194/acp-2018-1121,2,Wenfu Tang; A. Arellano; B. Gaubert; K. Miyazaki; H. Worden
exclude,0.061,Attribution of the 2010-2017 trend in atmospheric methane by improved inverse analysis of GOSAT satellite observations,,2019,,1,Yuzhong Zhang; D. Jacob; T. Scarpelli; J. Maasakkers; M. Sulprizio; E. Penn; J. Sheng; A. Bloom; J. Worden
exclude,0.061,"GOLUM-CNP v 1 . 0 : a data-driven modeling of carbon , nitrogen and 1 phosphorus cycles in major terrestrial biomes 2",,2018,,1,Yilong Wang; P. Ciais; D. Goll; Yuanyuan Huang; Yiqi Luo; Ying‐ping Wang; A. Bloom; G. Broquet; J. Hartmann; S. Peng; J. Peñuelas; S. Piao; J. Sardans; B. Stocker; Rong Wang; S. Zaehle
exclude,0.061,Radiative transfer and viewing geometry considerations for remote sensing as a proxy for carbon uptake in boreal ecosystems,,2021,10.1002/essoar.10509278.1,1,Z. Pierrat; A. Norton; Lea Baskin Monk; N. Parazoo; A. Maguire; K. Grossmann; T. Magney; A. Barr; Bruce Johnson; J. Stutz
exclude,0.061,Smap-based retrieval of vegetation opacity and albedo,IEEE International Geoscience and Remote Sensing Symposium,2017,10.1109/igarss.2017.8127516,1,D. Entekhabi; A. Konings; M. Piles; N. Das
exclude,0.061,Microwave remote sensing of water in the soil - plant system,,2015,,1,A. Konings
exclude,0.061,Aggregated Canopy Model for Gross Primary Productivity and Evapotranspiration (Version 1),,2018,10.7488/ds/2480,1,T. Smallman; Mat Williams
exclude,0.061,A comparison of top-down and bottom-up carbon dioxide fluxes in the UK using a multi-platform measurement network.,,2016,,1,Emily D. White; M. Rigby; S. O'Doherty; A. Stavert; M. Lunt; E. Nemitz; C. Helfter; G. Allen; J. Pitt; S. Bauguitte; P. Levy; M. Oijen; Mat Williams; L. Smallman; P. Palmer
exclude,0.061,Evaluating model simulations of carbon fluxes and carbon balance at several European agricultural sites,,2009,,1,O. Sus; Mat Williams; R. Doherty; E. Ceschia; P. Béziat; C. Bernhofer; W. Eugster; N. Buchmann
exclude,0.061,Identification of Angiogenesis-Related Genes and Molecular Subtypes for Psoriasis Based on Random Forest Algorithm.,Clinical and Experimental Immunology,2024,10.1093/cei/uxae052,1,Meng-jie Zhang; Ying Zhang; Xiao-ya Fei; Ying Luo; Y. Ru; Jing-Si Jiang; Jiankun Song; L. Kuai; Bin Li; Yue Luo; Ruiping Wang
exclude,0.061,Low latency global carbon budget indicates reduced land carbon sink in the year 2024,National Science Review,2026,10.1093/nsr/nwaf594,1,P. Ciais; Piyu Ke; Yi-jing Yao; S. Sitch; Wei Li; Yidi Xu; Xiaomeng Du; Xiaofan Gui; Ana Bastos; S. Zaehle; B. Poulter; T. Colligan; Auke M. van der Woude; W. Peters; Zhu Liu; Zhe Jin; Xiangjun Tian; Yilong Wang; Junjie Liu; Sudhanshu Pandey; C. O’Dell; Jiang Bian; Chuanlong Zhou; John Miller; Xin Lan; J. Gonçalves de Souza; Mike O’Sullivan; P. Friedlingstein; G. R. van der Werf; Glen P. Peters; F. Chevallier
exclude,0.061,Modelling wetland methane emission estimates by leveraging new observations of anthropogenic point-source plumes,,,,1,Anthony Campbell; Lauren Potyk; B. Poulter
exclude,0.061,Supplement of Lagged effects regulate the interannual variability of the tropical carbon balance,,2020,,0,A. Bloom
exclude,0.061,Emergent Patterns in Global Forest Carbon Dynamics,,2018,,0,S. Saatchi; Liang Xu; Yan Yang; Y. Yu; A. Bloom; K. Bowman; J. Worden; Yi Yin; D. Schimel
exclude,0.061,Final author response to “ Evaluation of terrestrial pan-Arctic carbon cycling using a data-assimilation system ”,,2018,,0,E. López‐Blanco; J. Exbrayat; M. Lund; T. Christensen; M. Tamstorf; Darren Slevin; G. Hugelius; A. Bloom; Mat Williams
exclude,0.061,Observing the tropical carbon balance sensitivity to memory and climate extremes.,,2018,,0,A. Bloom; Junjie Liu; K. Bowman; A. Konings; S. Saatchi; J. Worden; H. Worden; N. Parazoo; Mat Williams; D. Schimel
exclude,0.061,Using the CARDAMOM framework to retrieve global terrestrial ecosystem functioning properties,,2016,,0,J. Exbrayat; A. Bloom; T. Smallman; I. V. Velde; Liang Feng; Mat Williams
exclude,0.061,Can we reliably estimate managed forest carbon dynamics using remotely sensed data,,2015,,0,T. Smallman; J. Exbrayat; A. Bloom; Mat Williams
exclude,0.061,Estimating Amazonian methane emissions through 4D-Var inverse modelling with satellite observations from GOSAT and IASI,,2015,,0,Chris Wilson; M. Chipperfield; M. Gloor; J. McNorton; J. Miller; L. Gatti; R. Siddans; A. Bloom; L. Basso; H. Boesch; R. Parker; S. Monks
exclude,0.061,Synthesizing Remote Sensing Data on the Carbon and Water Cycles,,2014,10.1002/2014eo290006,0,E. N. Stavros; Sujong Jeong; A. Bloom
exclude,0.061,Interactive comment on “Constraining ecosystem carbon dynamics in a data-limited world: integrating ecological “common sense” in a model-data-fusion framework.” by A. A. Bloom and M. Williams,,2014,,0,A. Bloom; M. Williams; A. Bloom
exclude,0.061,"Mapping vegetation-geothermal interactions using VNIR-SWIR, thermal and SAR data",IEEE International Geoscience and Remote Sensing Symposium,2025,10.1109/igarss55030.2025.11242490,0,G. Kereszturi; K. Cawse-Nicholson; Alejandro C. Frery; D. R. Thompson; A. Bhattacharya; N. Parazoo; C. Rodriguez-Gomez; Robert Reeves; S. Hook
exclude,0.061,Radiative transfer and viewing geometry considerations for the SIF/GPP relationship,,2021,10.1002/essoar.10506244.1,0,Z. Pierrat; A. Norton; N. Parazoo; A. Maguire; K. Grossmann; T. Magney; A. Barr; Bruce Johnson; J. Stutz
exclude,0.061,"Supplementary material to ""Resolving temperature limitation on spring productivity in an evergreen conifer forest using a model-data fusion framework""",,2021,10.5194/bg-2021-152-supplement,0,Stephanie G. Stettz; N. Parazoo; A. A. Bloom; P. Blanken; D. Bowling; S. Burns; C. Bacour; F. Maignan; B. Raczka; A. Norton; I. Baker; Mat Williams; M. Shi; Yongguang Zhang; Bo Qiu
exclude,0.061,"Supplementary material to ""Lagged effects dominate the inter-annual variability of the 2010–2015 tropical carbon balance""",,2020,10.5194/bg-2019-459-supplement,0,A. A. Bloom; K. Bowman; Junjie Liu; A. Konings; J. Worden; N. Parazoo; V. Meyer; J. Reager; H. Worden; Zhe Jiang; G. R. Quetin; T. Smallman; J. Exbrayat; Yixiang Yin; S. Saatchi; Mat Williams; D. Schimel
exclude,0.061,Thermal fertilization of the boreal forest contributes about half to the increase of CO2 seasonal amplitude over the northern hemisphere since 1960s,,2019,,0,J. Liu; P. Wennberg; N. Parazoo; C. Frankenberg; Y. Yin
exclude,0.061,Using Solar Induced chlorophyll Fluorescence to Understand Carbon Dynamics and Plant Phenology of Global Major Ecosystems,,2018,,0,N. Madani; N. Parazoo; J. Kimball
exclude,0.061,A Multi-decadal Time Series of Vegetation Chlorophyll Fluorescence and Derived Gross Primary Production for NASA MEaSUREs,,2018,,0,N. Parazoo; C. Frankenberg; P. Koehler; J. Joiner; Y. Yoshida; V. Yadav; Ying Sun; D. Drewry; T. Magney; D. Schimel; T. Kurosu
exclude,0.061,Nitrogen Dynamics are a Key Factor in Explaining Global Land Carbon Sink,,2015,,0,D. Huntzinger; A. Michalak; C. Schwalm; P. Ciais; K. Schaefer; A. King; Y. Wei; R. Cook; J. Fisher; D. Hayes; Maoyi Huang; A. Ito; A. Jain; H. Lei; Chaoqun Lu; F. Maignan; J. Mao; N. Parazoo; S. Peng; B. Poulter; D. Ricciuto; Xiaoying Shi; H. Tian; Weile Wang; N. Zeng; F. Zhao
exclude,0.061,Trends in the Global Net Land Sink and Their Sensitivity to Environmental Forcing Factors: Results From the Multi-Scale Synthesis and Terrestrial Model Intercomparison Project (MsTMIP),,2014,,0,D. Huntzinger; C. Schwalm; A. Michalak; Y. Wei; R. Cook; K. Schaefer; A. Jacobson; M. A. Arain; P. Ciais; J. Fisher; D. Hayes; Maoyi Huang; S. Huang; A. Ito; A. Jain; H. Lei; Chaoqun Lu; F. Maignan; J. Mao; N. Parazoo; S. Peng; C. Peng; B. Poulter; D. Ricciuto; Xiaoying Shi; H. Tian; N. Zeng; F. Zhao; Qiu'an Zhu; Weile Wang
exclude,0.061,Tropical Controls on the CO2 Atmospheric Growth Rate 2010-2011 from the NASA Carbon Monitoring System Flux (CMS-Flux) Project,,2014,,0,K. Bowman; Junjie Liu; N. Parazoo; Meemong Lee; D. Menemenlis; M. Gierach; H. Brix; K. Gurney; G. Collatz; N. Bousserez; D. Henze
exclude,0.061,Evaluation of terrestrial primary production using biosphere models and space-based measurements of fluorescence,,2013,,0,N. Parazoo; Kevin R. Bowman; C. Frankenberg; S. Sitch; J. Fisher; D. Jones; P. Friedlingstein; B. Poulter
exclude,0.061,Seasonality and synchrony of photosynthesis in African forests inferred from spaceborne chlorophyll 1 fluorescence and vegetation indices Synchrony of African rainforest solar 2 induced chlorophyll fluorescence and environmental factors,,,,0,Russell Doughty; Michael C. Wimberly; Dan Wanyama; Hélène E. Peiro; N. Parazoo; Sean Crowell; Moses Azong Cho
exclude,0.061,Widespread peat carbon losses driven by the 2025 Scottish megafire,Nature Geoscience,2026,10.1038/s41561-026-01994-3,0,Johanna Schoenecker; Martin J. Baur; Juliana Kohli; Sarah J Baker; Matthew W. Jones; S. Veraverbeke; A. Konings; Adam F. A. Pellegrini
exclude,0.061,Synergistic data analytics and physical modeling for improved understanding of vegetation dynamics under climatological stress: a key uncertainty in ecosystem management,,2018,,0,Yanlan Liu; Mukesh Kumar; G. Katul; A. Parolari; A. Porporato; Cheng‐Wei Huang; A. Konings
exclude,0.061,Water Exchange Patterns in the Soil-Plant Continuum Based on SMAP Microwave Satellite Measurements,,2018,,0,A. Feldman; D. Gianotti; A. Konings; K. McColl; R. Akbar; G. Salvucci; D. Entekhabi
exclude,0.061,Global Scale Simultaneous Retrieval of Smoothened Vegetation Optical Depth and Surface Roughness Parameter using AMSR-E X-band Observations,,2017,,0,K. Lanka; M. Pan; A. Konings; M. Piles; D. NageshKumar; E. Wood
exclude,0.061,Estimating ecosystem iso/anisohydry using microwave satellite data and its applications in ecohydrology,,2017,,0,Yan Li; K. Guan; P. Gentine; A. Konings; A. Bhattacharya; F. Meinzer; J. Kimball; Xiang-Po Xu; W. Anderegg; N. McDowell; J. Martínez‐Vilalta; D. Long; S. Good
exclude,0.061,The Relationship of Temporal Variations in SMAP Vegetation Optical Depth to Plant Hydraulic Behavior,,2016,,0,A. Konings
exclude,0.061,Analysis Of SMAP Descending And Ascending Scatterometer Observations And Linkage To Possible Vegetation Moisture Refill,,2016,,0,R. Akbar; A. Konings; D. Entekhabi
exclude,0.061,Vegetation in water-limited environments prioritizes photosynthesis over structural development when water is most abundant,,2013,,0,K. McColl; A. Konings; D. Entekhabi; M. Piles; S. H. Alemohammad
exclude,0.061,Assessment of vegetation water dynamics by comparing microwave remote sensing signals from satellites and field-based GNSS reflectometry,,,,0,Andrew F. Feldman; W. Smith; A. Konings; M. Baur; Marvin Browne; David Chaparro; Charles Devine; Jen L Diehl; A. Endsley; T. Jagdhuber; Kristine M. Larson; Coral del Mar Valle‐Rodríguez; Konstantin Schellenberg; Ruxandra-Maria Zotta; S. Serbin
exclude,0.061,"Authors’ Response to Peer Review Comments on The carbon cycle of southeast Australia during 2019-2020: Drought, fires and subsequent recovery",,2021,,0,B. Byrne; J. Liu; M. Lee; Y. Yin; K. Bowman; K. Miyazaki; A. Norton; J. Joiner; D. Pollard; D. Griffith; V. Velazco; N. Deutscher; N. Jones; C. Paton‐Walsh
exclude,0.061,"AGU Advances First Revision of The carbon cycle of southeast Australia during 2019-2020 : Drought , fires and subsequent recovery",,2021,,0,B. Byrne; J. Liu; M. Lee; Y. Yin; K. Bowman; K. Miyazaki; A. Norton; J. Joiner; F. D.; Pollard; D. Griffith; V. Velazco; N. Deutscher; N. Jones; C. Paton‐Walsh
exclude,0.061,Deep learning for Chinese NOx emission inversion and the integration of in situ observations: a case study on the COVID-19 pandemic,,2021,10.5194/ems2021-391,0,Tai-Long He; Dylan B. A. Jones; K. Miyazaki; K. Bowman; Zhe Jiang; Rui Li
exclude,0.061,Towards Low-Latency Estimation of Atmospheric CO2 Growth Rates using Satellite Observations: Evaluating Sampling Errors of Satellite and In Situ Observing Approaches,,,,0,Sudhanshu Pandey; John B. Miller; S. Basu; Junjie Liu; Brad Weir; Brendan Byrne; F. Chevallier; K. Bowman; Zhiqiang Liu; Feng Deng; C. O’Dell; A. Chatterjee
exclude,0.061,The radiative effects of water vapour from terrestrial evapotranspiration,Environmental Research Letters,2025,10.1088/1748-9326/adde72,0,M. Lague; G. R. Quetin; Kyle Keyblom
exclude,0.061,"Data accompanying Milodowski et al. (Journal of Applied Ecology, 2021): ""The impact of logging on vertical canopy structure across a gradient of tropical forest degradation intensity in Borneo""",,2021,10.5281/zenodo.4572775,0,D. Milodowski; D. Coomes; T. Swinfield; T. Jucker; T. Riutta; Y. Malhi; Martin Svátek; Jakub Kvasnica; R. Nilus; D. Burslem; R. Ewers; Y. Teh; Mat Williams
exclude,0.061,The carbon budget of the managed grasslands of Great Britain constrained ✿ - ✿✿✿✿✿✿✿✿✿✿✿✿✿✿✿ informed ✿ by earth observations,,2021,,0,V. Myrgiotis; T. Smallman; Mat Williams
exclude,0.061,Simulating surface interactions of the carbon cycle and its impact on atmospheric CO2 concentrations with a high spatiotemporal resolution model framework,,2018,,0,A. Lansø; T. Smallman; Jesper Heile Chrsitensen; Mat Williams; K. Pilegaard; L. Sørensen; C. Geels
exclude,0.061,Present and future carbon-sequestration potential of tropical rainforests,,2018,,0,J. Exbrayat; D. Milodowski; T. Smallman; Mat Williams
exclude,0.061,Estimating national forest carbon stocks and dynamics: combining models and remotely sensed information,,2016,,0,L. Smallman; Mat Williams
exclude,0.061,The effect of vegetation type and fire on permafrost thaw: An empirical test of a process based model,,2015,,0,A. Thierry; Cristian Estop‐Aragonés; J. P. Fisher; I. Hartley; J. Murton; G. Phoenix; L. Street; Mat Williams
exclude,0.061,The Inter-Annual Variability Analysis of Carbon Exchange in Low Artic Fen Uncovers The Climate Sensitivity And The Uncertainties Around Net Ecosystem Exchange Partitioning,,2015,,0,E. Blanco; M. Lund; Mat Williams; T. Christensen; M. Tamstorf
exclude,0.061,Influence of Plant Communities on Active Layer Depth in Boreal Forest,,2015,,0,J. P. Fisher; C. Aragonés; A. Thierry; I. Hartley; J. Murton; D. Charman; Mat Williams; G. Phoenix
exclude,0.061,Estimating Parameters of a Forest Ecosystem C Model Using Multiple Stock and Flux Measurements as Joint Constraints,,2009,,0,A. Richardson; Mat Williams; D. Moore; D. Hollinger; E. Davidson; B. Dail; N. Scott
exclude,0.061,Topographic controls on the leaf area index and plant functional type of a Fennoscandian tundra ecosystem,,2008,,0,L. Spadavecchia; Mat Williams; R. Bell; P. Stoy; B. Huntley; T. Mark; Van Wijk
exclude,0.061,Functional convergence of tundra vegetation simplifies the interpretation of flux observations at larger spatial scales,,2007,,0,P. Stoy; Mat Williams; Jonathan G. Evans; C. Lloyd; A. Prieto-Blanco; M. Disney; L. Street; G. Shaver
exclude,0.061,Modelling the determinants of gross ecosystem productivity,,1996,,0,Mat Williams
exclude,0.061,Modeling global carbon and water ﬂuxes and hyperspectral canopy radiative transfer simultaneously using a next generation land surface model—CliMA Land,,,,0,Yujie Wang; R. Braghiere; Marcos Longo; Alexander J. Norton; P. K¨ohler; Russell Doughty; Yi Yin; A. A. Bloom; C. Frankenberg; R. Braghiere
exclude,0.061,Functional ANOVA for Carbon Flux Estimates from Remote Sensing Data,,2022,,0,J. Hobbs; M. Katzfuss; Hai Nguyen; V. Yadav; Junjie Liu
exclude,0.061,"Supplementary material to ""Investigating the sensitivity of soil respiration to recent snow cover changes in Alaska using a satellite-based permafrost carbon model""",,2020,10.5194/bg-2020-182-supplement,0,Y. Yi; J. Kimball; J. Watts; S. Natali; D. Zona; Junjie Liu; M. Ueyama; Hideki Kobayashi; W. Oechel; C. Miller
exclude,0.061,"Supplementary material to ""Prior biosphere model impact on global terrestrial CO2 fluxes estimated 
from OCO-2 retrievals""",,2019,10.5194/acp-2018-1095-supplement,0,Sajeev Philip; Matthew S. Johnson; C. Potter; Vanessa Genovesse; D. Baker; K. Haynes; D. Henze; Junjie Liu; B. Poulter
exclude,0.061,GOSAT and OCO-2: New tools for studying interactions between the carbon cycle and climate,,2017,,0,D. Crisp; Junjie Liu; D. Schimel; A. Chatterjee
exclude,0.061,Preliminary estimates of carbon emissions constrained by GOSAT from the NASA Carbon Monitoring Study Flux Pilot Project,,2011,,0,K. Bowman; Junjie Liu; Meemong Lee; S. Pawson; L. Ott; D. Menemenlis; J. Fisher; G. Collatz; C. Potter; W. Gregg; H. Brix; Z. Zhu; C. Hill; S. Dutkiewicz; M. Follows; D. Henze; R. Nassar; Dylan B. A. Jones; S. Kulawik; M. Gunson; K. Jucks
exclude,0.061,An Observing System Simulation Experiments (OSSEs) system for carbon cycle data,,2011,,0,Ji-Sun Kang; E. Kalnay; Junjie Liu; I. Fung; T. Miyoshi
exclude,0.061,Air--sea CO2 Flux Estimates from Two Data--constrained Ocean Models for the NASA Carbon Monitoring Study Flux Pilot Project,,2011,,0,H. Brix; D. Menemenlis; W. Gregg; K. Bowman; S. Dutkiewicz; J. Fisher; M. Follows; C. Hill; O. Jahn; Meemong Lee; Junjie Liu; L. Ott; Daiwei Wang
exclude,0.061,PPBP orchestrates autophagy–apoptosis imbalance to drive cartilage degeneration in osteoarthritis,Biology Direct,2026,10.1186/s13062-026-00822-3,0,Han Zhang; Kehao Hou; Xiao Ma; Guantong Sun; L. Kuai; Tianrui Wang; Yongtao Zhang; Guanhong Chen; Xiaohong Huang; Yingze Zhang
exclude,0.061,Benchmarking Chemistry–Climate Model Top-of-Atmosphere Flux in the 9.6-µm Infrared Ozone Absorption Band with Comparisons to Satellite Observations,,2018,,0,H. Worden; L. Kuai; K. Bowman; Andrew J. Conley; J. Lamarque; D. Shindell; G. Faluvegi; C. Clerbaux; P. Coheur; Stamatia Doniki; S. Kulawik; F. Paulot; D. Paynter; L. Oman; S. Strode; E. Rozanov; A. Stenke; L. Revell
exclude,0.061,Parametric FE-modelling of non-linear racking behaviour of light-frame shear walls and modules used for multi-storey timber buildings,,,10.15626/lud.521.2024,0,L. Kuai
exclude,0.061,Predicting Fire Season Intensity in Maritime Southeast Asia with Interpretable Models,,2021,10.1002/essoar.10508265.1,0,William S. Daniels; R. Buchholz; H. Worden; F. Ahamad; D. Hammerling
exclude,0.061,"Assessing sub-grid variability within satellite pixels using airborne mapping 
spectrometer measurements",,2021,10.5194/amt-2020-509,0,Wenfu Tang; D. Edwards; L. Emmons; H. Worden; L. Judd; L. Lamsal; J. Al-Saadi; S. Janz; J. Crawford; M. Deeter; G. Pfister; R. Buchholz; B. Gaubert; C. Nowlan
exclude,0.061,Hemispheric and regional monthly average carbon monoxide from satellite instruments,,2020,10.5065/xvqe-0p52,0,R. Buchholz; H. Worden; J. Warner; M. Luo; V. Payne; M. George
exclude,0.061,Chemistry-Climate Links for Carbon Monoxide in Northern Hemisphere Boreal Fire Regions and an Assessment of Global Fire Inventories,,2019,10.1002/essoar.10500487.1,0,R. Buchholz; H. Worden; D. Hammerling; B. Gaubert; L. Emmons; C. Wiedinmyer
exclude,0.061,Next generation fire pollution prediction: What satellite observations are required to monitor and predict air quality hazards from fires?,,2019,,0,D. Edwards; H. Worden
exclude,0.061,Validation of MOPITT Carbon Monoxide (CO) retrievals over urban regions,,2019,10.5194/amt-2019-419,0,Wenfu Tang; H. Worden; M. Deeter; D. Edwards; L. Emmons; S. Martínez-Alonso; B. Gaubert; R. Buchholz; G. Diskin; R. Dickerson; Y. Kondo
exclude,0.061,Present-day distribution and trends of global tropospheric ozone from satellite observations: Results from the Tropospheric Ozone Assessment Report (TOAR),,2017,,0,A. Gaudel; O. Cooper; B. Barret; A. Boynard; C. Clerbaux; P. Coheur; Guanyu Huang; D. Hurtmans; B. Kerridge; B. Latter; E. L. Flochmoen; Xiong Liu; J. Neu; R. Siddans; C. Wespes; H. Worden; J. Ziemke
exclude,0.061,Evolution of the Chemical Composition of the Atmosphere over the Past Decades: Comparisons between Chemistry-Climate Model Simulations and Satellite Observations,,2015,,0,C. Granier; I. Bouarar; A. Colette; El Hadji Thierno Doumbia; L. Emmons; A. Hilboll; A. Richter; K. Šindelářová; S. Tilmes; H. Worden
exclude,0.061,Carbon Monoxide Data Assimilation for Atmospheric Composition and Climate Science: Evaluating Performance with Current and Future Observations,,2015,,0,J. Barré; D. Edwards; B. Gaubert; H. Worden; A. Arellano; Jeffrey L. Anderson
exclude,0.061,Satellite Measurements of Volcanic Carbon Monoxide from Mount Nyiragongo (DR Congo),,2012,,0,S. Martínez-Alonso; M. Deeter; H. Worden; J. Gille
exclude,0.061,A Decade of Observations of Carbon Monoxide from the Measurements of Pollution in the Troposphere Instrument ( MOPITT ) on TERRA,,2011,,0,D. Edwards; J. Gille; M. Deeter; H. Worden; J. Drummond
exclude,0.061,Satellite Observations of Tropospheric Ammonia,,2008,,0,M. Shephard; M. Luo; C. Rinsland; K. Cady-Pereira; R. Beer; R. Pinder; D. Henze; V. Payne; S. Clough; C. Rodgers; G. Osterman; K. Bowman; H. Worden
exclude,0.061,"Improved constraints on processes controlling tropospheric O3 and NOx through assimilation of observations from the TES, SCIAMACHY, and MOPITT satellite instruments",,2006,,0,Dylan B. A. Jones; K. Bowman; J. Logan; M. Parrington; R. V. Martín; H. Worden; J. Worden; G. Osterman
exclude,0.061,Measurements of SO2 profiles in volcanic plumes using high-resolution infrared observations from satellite,,2006,,0,C. Clerbaux; S. Turquety; P. Coheur; D. Hurtmans; K. Bowman; H. Worden
exclude,0.03,TRY plant trait database - enhanced coverage and open access.,Global Change Biology,2019,10.1111/gcb.14904,1803,J. Kattge; G. Bönisch; S. Díaz; S. Lavorel; I. Prentice; P. Leadley; S. Tautenhahn; G. D. Werner; T. Aakala; M. Abedi; A. Acosta; G. Adamidis; Kairi Adamson; Masahiro Aiba; Cécile H. Albert; J. Alcántara; Carolina Alcázar C; I. Aleixo; Hamada E. Ali; Bernard Amiaud; C. Ammer; M. Amoroso; M. Anand; C. Anderson; N. Anten; J. Antos; D. Apgaua; T. Ashman; D. H. Asmara; G. Asner; Michael J. Aspinwall; O. Atkin; I. Aubin; Lars Baastrup‐Spohr; Khadijeh Bahalkeh; M. Bahn; T. Baker; W. Baker; J. Bakker; D. Baldocchi; J. Baltzer; A. Banerjee; A. Baranger; J. Barlow; D. R. Barneche; Z. Baruch; D. Bastianelli; J. Battles; W. Bauerle; M. Bauters; E. Bazzato; Michael Beckmann; H. Beeckman; C. Beierkuhnlein; R. Bekker; Gavin Belfry; M. Belluau; M. Beloiu; Raquel Benavides; L. Benomar; Mary Lee Berdugo-Lattke; E. Berenguer; R. Bergamin; J. Bergmann; Marcos Bergmann Carlucci; L. Berner; M. Bernhardt‐Römermann; C. Bigler; Anne D. Bjorkman; Chris J. Blackman; C. Blanco; B. Blonder; D. Blumenthal; Kelly T. Bocanegra‐González; P. Boeckx; Stephanie A. Bohlman; K. Böhning‐Gaese; Laura Boisvert‐Marsh; W. Bond; B. Bond‐Lamberty; A. Boom; Coline C. F. Boonman; K. Bordin; E. Boughton; V. Boukili; D. Bowman; S. Bravo; Marco R. Brendel; M. Broadley; K. Brown; H. Bruelheide; F. Brumnich; H. H. Bruun; David Bruy; S. Buchanan; S. F. Bucher; N. Buchmann; R. Buitenwerf; D. Bunker; Jana Bürger; S. Burrascano; D. Burslem; Bradley J. Butterfield; Chaeho Byun; M. Marques; M. Scalon; M. Caccianiga; M. Cadotte; M. Cailleret; J. Camac; J. Camarero; C. Campany; G. Campetella; J. A. Campos; Laura V. Cano-Arboleda; R. Canullo; M. Carbognani; Fabio Carvalho; F. Casanoves; B. Castagneyrol; J. Catford; J. Cavender-Bares; B. Cerabolini; M. Cervellini; Eduardo Chacón‐Madrigal; K. Chapin; F. Chapin; S. Chelli; Si‐Chong Chen; Anping Chen; P. Cherubini; F. Chianucci; B. Choat; Kyong-Sook Chung; M. Chytrý; D. Ciccarelli; L. Coll; Courtney G. Collins; L. Conti; D. Coomes; J. Cornelissen; W. Cornwell; P. Corona; M. Coyea; J. Craine; D. Craven; J. Cromsigt; A. Csecserits; K. Čufar; M. Cuntz; A. C. da Silva; K. Dahlin; M. Dainese; I. Dalke; M. Dalle Fratte; Anh Tuan Dang-Le; J. Danihelka; M. Dannoura; S. Dawson; Arend Jacobus de Beer; A. D. de Frutos; Jonathan R. De Long; Benjamin Dechant; S. Delagrange; N. Delpierre; G. Derroire; A. Dias; Milton H. Díaz‐Toribio; P. Dimitrakopoulos; M. Dobrowolski; D. Doktor; P. Dřevojan; N. Dong; J. Dransfield; S. Dressler; L. Duarte; E. Ducouret; S. Dullinger; W. Durka; R. Duursma; O. Dymova; A. E‐Vojtkó; R. Eckstein; H. Ejtehadi; J. Elser; T. Emílio; K. Engemann; Mohammad Bagher Erfanian; A. Erfmeier; A. Esquível-Muelbert; G. Esser; M. Estiarte; T. Domingues; W. Fagan; J. Fagúndez; D. Falster; Ying Fan; Jingyun Fang; E. Farris; Fatih Fazlioglu; Yanhao Feng; Fernando Fernández-Méndez; C. Ferrara; J. Ferreira; A. Fidelis; B. Finegan; J. Firn; T. Flowers; D. Flynn; V. Fontana; E. Forey; Cristiane Forgiarini; L. François; M. Frangipani; D. Frank; Cédric Frenette‐Dussault; G. T. Freschet; Ellen L. Fry; N. Fyllas; G. G. Mazzochini; S. Gachet; R. Gallagher; G. Ganade; Francesca Ganga; P. García‐Palacios; V. Gargaglione; E. Garnier; J. Garrido; A. L. de Gasper; G. Gea‐Izquierdo; D. Gibson; A. Gillison; A. Giroldo; Mary‐Claire Glasenhardt; S. Gleason; Mariana Gliesch; E. Goldberg; B. Göldel; E. Gonzalez-Akre; J. González-Andújar; Andrés González-Melo; Ana González‐Robles; B. Graae; E. Granda; S. Graves; W. Green; T. Gregor; N. Gross; G. Guerin; Angela Günther; Á. Gutiérrez; L. Haddock; Anna Haines; Jefferson S. Hall; A. Hambuckers; W. Han; S. Harrison; W. Hattingh; J. Hawes; Tianhua He; Pengcheng He; J. M. Heberling; A. Helm; Stefan Hempel; J. Hentschel; B. Hérault; A. Hereș; Katharina Herz; M. Heuertz; T. Hickler; P. Hietz; P. Higuchi; A. Hipp; A. Hirons; Maria Hock; J. Hogan; K. Holl; O. Honnay; Daniel Hornstein; E. Hou; Nate Hough-Snee; K. Hovstad; T. Ichie; B. Igić; Estela Illa; M. Isaac; M. Ishihara; L. Ivanov; L. Ivanova; C. Iversen; J. Izquierdo; R. B. Jackson; B. Jackson; H. Jactel; A. Jagodziński; Ute Jandt; S. Jansen; T. Jenkins; A. Jentsch; J. R. P. Jespersen; Guo-Feng Jiang; J. L. Johansen; David Johnson; E. Jokela; C. Joly; G. Jordan; G. Joseph; D. Junaedi; R. Junker; E. Justes; R. Kabzems; Jeffrey M. Kane; Z. Kaplan; Teja Kattenborn; L. Kavelenova; E. Kearsley; Anne Kempel; T. Kenzo; A. Kerkhoff; Mohammed Ibrahim Khalil; N. Kinlock; W. Kissling; K. Kitajima; T. Kitzberger; R. Kjøller; T. Klein; M. Kleyer; J. Klimešová; Joice Klipel; Brian D Kloeppel; S. Klotz; J. M H Knops; T. Kohyama; F. Koike; J. Kollmann; B. Komac; K. Komatsu; C. König; Nathan J B Kraft; K. Kramer; H. Kreft; I. Kühn; D. Kumarathunge; J. Kuppler; H. Kurokawa; Y. Kurosawa; S. Kuyah; J. Laclau; Benoit Lafleur; E. Lallai; E. Lamb; A. Lamprecht; D. Larkin; D. Laughlin; Yoann Le Bagousse‐Pinguet; G. le Maire; P. L. le Roux; Elizabeth le Roux; Tali D. Lee; F. Lens; S. Lewis; B. Lhotsky; Yuanzhi Li; Xin’e Li; J. Lichstein; Mario Liebergesell; J. Y. Lim; Yan-Shih Lin; J. Linares; Chunjiang Liu; Daijun Liu; Udayangani Liu; Stuart W. Livingstone; J. Llusià; Madelon Lohbeck; Á. López‐García; G. Lopez-Gonzalez; Zdeňka Lososová; F. Louault; B. Lukács; P. Lukeš; Yunjian Luo; M. Lussu; Siyan Ma; Camilla Maciel Rabelo Pereira; M. Mack; V. Maire; A. Mäkelä; H. Mäkinen; A. C. M. Malhado; A. Mallik; P. Manning; S. Manzoni; Z. Marchetti; L. Marchino; Vinícius Marcilio‐Silva; Eric Marcon; M. Marignani; Lars Markesteijn; Adam R. Martin; C. Martínez‐Garza; J. Martínez‐Vilalta; T. Mašková; Kelly E. Mason; N. Mason; T. Massad; J. Masse; I. Mayrose; James K. McCarthy; M. L. McCormack; K. McCulloh; I. McFadden; B. McGill; M. McPartland; Juliana S. Medeiros; B. Medlyn; P. Meerts; Z. Mehrabi; P. Meir; Felipe P. L. Melo; Maurizio Mencuccini; C. Meredieu; J. Messier; I. Mészáros; J. Metsaranta; S. Michaletz; Chrysanthi Michelaki; S. Migalina; R. Milla; Jesse E. D. Miller; V. Minden; R. Ming; K. Mokany; A. Moles; A. Molnár; J. Molofsky; Martin Molz; R. Montgomery; A. Monty; L. Moravcová; Á. Moreno-Martínez; M. Moretti; A. Mori; S. Mori; D. Morris; J. Morrison; L. Mucina; Sandra Mueller; C. Muir; S. Müller; F. Munoz; I. Myers-Smith; R. Myster; M. Nagano; Shawna L. Naidu; Ayyappan Narayanan; Balachandran Natesan; L. Negoita; A. Nelson; E. Neuschulz; J. Ni; G. Niedrist; Jhon Nieto; Ü. Niinemets; R. Nolan; H. Nottebrock; Y. Nouvellon; A. Novakovskiy; K. O. Nystuen; A. O'Grady; K. O’Hara; Andrew O’Reilly-Nugent; S. Oakley; W. Oberhuber; T. Ohtsuka; R. Oliveira; K. Öllerer; M. Olson; V. Onipchenko; Y. Onoda; R. Onstein; J. Ordoñez; N. Osada; I. Ostonen; G. Ottaviani; S. Otto; G. Overbeck; W. Ozinga; A. Pahl; C. E. T. Paine; R. Pakeman; A. Papageorgiou; Evgeniya Parfionova; M. Pärtel; Marco Patacca; S. Paula; Juraj Paule; H. Pauli; J. Pausas; B. Peco
exclude,0.03,Increasing anthropogenic methane emissions arise equally from agricultural and fossil fuel sources,Environmental Research Letters,2020,10.1088/1748-9326/ab9ed2,438,Robert B. Jackson; M. Saunois; Philippe Bousquet; J. Canadell; B. Poulter; A. Stavert; Peter Bergamaschi; Y. Niwa; A. Segers; A. Tsuruta
exclude,0.03,Using satellite radar backscatter to predict above‐ground woody biomass: A consistent relationship across four different African landscapes,,2009,10.1029/2009gl040692,326,E. Mitchard; S. Saatchi; I. Woodhouse; G. Nangendo; N. Ribeiro; Mat Williams; C. Ryan; S. Lewis; T. Feldpausch; P. Meir
exclude,0.03,The response of an Eastern Amazonian rain forest to drought stress: results and modelling analyses from a throughfall exclusion experiment,,2007,10.1111/j.1365-2486.2007.01417.x,321,R. Fisher; Mat Williams; A. D. Costa; Y. Malhi; R. F. D. Costa; S. Almeida; P. Meir
exclude,0.03,Validation practices for satellite soil moisture retrievals: What are (the) errors?,,2020,10.1016/j.rse.2020.111806,319,A. Gruber; G. Lannoy; C. Albergel; A. Al-Yaari; L. Brocca; J. Calvet; A. Colliander; M. Cosh; W. Crow; W. Dorigo; C. Draper; M. Hirschi; Y. Kerr; A. Konings; W. Lahoz; K. McColl; C. Montzka; J. Muñoz‐Sabater; Jian Peng; R. Reichle; P. Richaume; C. Rudiger; T. Scanlon; R. V. D. Schalie; J. Wigneron; W. Wagner
exclude,0.03,Sensitivity of grassland productivity to aridity controlled by stomatal and xylem regulation,,2017,10.1038/ngeo2903,297,A. Konings; A. P. Williams; P. Gentine
exclude,0.03,Divergent forest sensitivity to repeated extreme droughts,Nature Climate Change,2020,10.1038/s41558-020-00919-1,291,W. Anderegg; A. Trugman; Grayson Badgley; A. Konings; J. Shaw
exclude,0.03,Regionally strong feedbacks between the atmosphere and terrestrial biosphere.,Nature Geoscience,2017,10.1038/ngeo2957,281,Julia K Green; A. Konings; S. H. Alemohammad; J. Berry; D. Entekhabi; J. Kolassa; Jung‐Eun Lee; P. Gentine
exclude,0.03,Carbon sequestration and biodiversity of re-growing miombo woodlands in Mozambique,,2008,10.1016/j.foreco.2007.07.033,274,Mat Williams; C. Ryan; R. Rees; E. Sambane; J. Fernando; J. Grace
exclude,0.03,Mapping local and global variability in plant trait distributions,Proceedings of the National Academy of Sciences of the United States of America,2017,10.1073/pnas.1708984114,235,E. Butler; A. Datta; Habacuc Flores‐Moreno; Ming Chen; Kirk R. Wythers; F. Fazayeli; A. Banerjee; O. Atkin; J. Kattge; Bernard Amiaud; B. Blonder; G. Boenisch; B. Bond‐Lamberty; K. Brown; Chaeho Byun; G. Campetella; B. Cerabolini; J. Cornelissen; J. Craine; D. Craven; F. D. de Vries; S. Díaz; T. Domingues; E. Forey; Andrés González-Melo; N. Gross; W. Han; W. Hattingh; T. Hickler; S. Jansen; K. Kramer; Nathan J B Kraft; H. Kurokawa; D. Laughlin; P. Meir; V. Minden; Ü. Niinemets; Y. Onoda; J. Peñuelas; Q. Read; L. Sack; B. Schamp; Nadejda A. Soudzilovskaia; M. Spasojevic; Ê. Sosinski; P. Thornton; F. Valladares; P. V. van Bodegom; Mat Williams; C. Wirth; P. Reich
exclude,0.03,Plant hydraulics accentuates the effect of atmospheric moisture stress on transpiration,Nature Climate Change,2020,10.1038/s41558-020-0781-5,223,Yanlan Liu; Mukesh Kumar; G. Katul; Xue Feng; A. Konings
exclude,0.03,Use of a simulation model and ecosystem flux data to examine carbon-water interactions in ponderosa pine.,Tree Physiology,2001,10.1093/treephys/21.5.287,209,Mat Williams; B. Law; P. Anthoni; M. Unsworth
exclude,0.03,Carbon dioxide sources from Alaska driven by increasing early winter respiration from Arctic tundra,Proceedings of the National Academy of Sciences of the United States of America,2017,10.1073/pnas.1618567114,204,R. Commane; J. Lindaas; J. Benmergui; K. Luus; R. Chang; B. Daube; E. Euskirchen; J. Henderson; A. Karion; John B. Miller; Scot M. Miller; N. Parazoo; J. Randerson; C. Sweeney; P. Tans; K. Thoning; S. Veraverbeke; C. Miller; S. Wofsy
exclude,0.03,Quantifying small‐scale deforestation and forest degradation in African woodlands using radar imagery,,2012,10.1111/j.1365-2486.2011.02551.x,201,C. Ryan; T. Hill; Emily Woollen; C. Ghee; E. Mitchard; G. Cassells; J. Grace; I. Woodhouse; Mat Williams
exclude,0.03,Tropospheric Emission Spectrometer observations of the tropospheric HDO/H2O ratio: Estimation approach and characterization,,2006,10.1029/2005jd006606,184,J. Worden; K. Bowman; D. Noone; R. Beer; S. Clough; A. Eldering; B. Fisher; A. Goldman; M. Gunson; R. Herman; S. Kulawik; M. Lampel; M. Luo; G. Osterman; C. Rinsland; C. Rodgers; S. Sander; M. Shephard; H. Worden
exclude,0.03,The effects of water availability on root growth and morphology in an Amazon rainforest,Plant and Soil,2008,10.1007/s11104-008-9670-9,181,D. Metcalfe; P. Meir; L. Aragão; A. C. L. Costa; A. P. Braga; P. Gonçalves; Joao Athaydes Silva Junior; S. Almeida; L. Dawson; Y. Malhi; Mat Williams
exclude,0.03,"Comparative hydrology across AmeriFlux sites: The variable roles of climate, vegetation, and groundwater",,2011,10.1029/2010wr009797,177,S. Thompson; C. Harman; A. Konings; M. Sivapalan; A. Neal; P. Troch
exclude,0.03,Strengthening conceptual foundations: Analysing frameworks for ecosystem services and poverty alleviation research,,2013,10.1016/j.gloenvcha.2013.04.002,166,J. Fisher; G. Patenaude; P. Meir; A. Nightingale; M. Rounsevell; Mat Williams; I. Woodhouse
exclude,0.03,A global examination of the response of ecosystem water-use efficiency to drought based on MODIS data.,Science of the Total Environment,2017,10.1016/j.scitotenv.2017.05.084,165,Ling Huang; B. He; Le Han; Junjie Liu; Haiyan Wang; Ziyue Chen
exclude,0.03,"Supplementary material to ""Global atmospheric carbon monoxide budget 2000–2017 inferred from multi-species atmospheric inversions""",,2019,10.5194/essd-2019-61-supplement,162,Bo Zheng; F. Chevallier; Yi Yin; P. Ciais; A. Fortems‐Cheiney; M. Deeter; R. Parker; Yilong Wang; H. Worden; Yuanhong Zhao
exclude,0.03,Evaluating different soil and plant hydraulic constraints on tree function using a model and sap flow data from ponderosa pine,,2001,10.1046/j.1365-3040.2001.00715.x,160,Mat Williams; B. Bond; M. G. Ryan
exclude,0.03,Assimilating canopy reflectance data into an ecosystem model with an Ensemble Kalman Filter,,2008,10.1016/j.rse.2007.05.020,152,T. Quaife; Philip Lewis; M. D. Kauwe; Mat Williams; B. Law; M. Disney; P. Bowyer
exclude,0.03,Plant responses to changing rainfall frequency and intensity,Nature Reviews Earth & Environment,2024,10.1038/s43017-024-00534-0,147,A. Feldman; Xue Feng; Andrew J. Felton; A. Konings; Alan K. Knapp; J. Biederman; B. Poulter
exclude,0.03,"Validation of MOPITT Version 5 thermal‐infrared, near‐infrared, and multispectral carbon monoxide profile retrievals for 2000–2011",,2013,10.1002/jgrd.50272,142,M. Deeter; S. Martínez-Alonso; D. Edwards; L. Emmons; J. Gille; H. Worden; J. Pittman; B. Daube; S. Wofsy
exclude,0.03,Comparison of carbon monoxide measurements by TES and MOPITT: Influence of a priori data and instrument characteristics on nadir atmospheric species retrievals,,2007,10.1029/2006jd007663,110,M. Luo; C. Rinsland; C. Rodgers; J. Logan; H. Worden; S. Kulawik; A. Eldering; A. Goldman; M. Shephard; M. Gunson; M. Lampel
exclude,0.03,Interpreting seasonal changes in the carbon balance of southern Amazonia using measurements of XCO2 and chlorophyll fluorescence from GOSAT,,2013,10.1002/grl.50452,105,N. Parazoo; K. Bowman; C. Frankenberg; Jung‐Eun Lee; Joshua B. Fisher; J. Worden; Dylan B. A. Jones; J. Berry; G. Collatz; I. Baker; M. Jung; Junjie Liu; G. Osterman; C. O’Dell; Athena Sparks; A. Butz; S. Guerlet; Y. Yoshida; Huilin Chen; C. Gerbig
exclude,0.03,The MOPITT Version 6 product: algorithm enhancements and validation,,2014,10.5194/amt-7-3623-2014,105,M. Deeter; S. Martínez-Alonso; D. Edwards; L. Emmons; J. Gille; H. Worden; C. Sweeney; J. Pittman; B. Daube; S. Wofsy
exclude,0.03,OPTICAL INSTRUMENTS FOR MEASURING LEAF AREA INDEX IN LOW VEGETATION: APPLICATION IN ARCTIC ECOSYSTEMS,,2005,10.1890/03-5354,104,M. Wijk; Mat Williams
exclude,0.03,Ozone‐CO correlations determined by the TES satellite instrument in continental outflow regions,,2006,10.1029/2006gl026399,102,Lin Zhang; D. Jacob; K. Bowman; J. Logan; S. Turquety; R. Hudman; Qinbin Li; R. Beer; H. Worden; J. Worden; C. Rinsland; S. Kulawik; M. Lampel; M. Shephard; B. Fisher; A. Eldering; M. Avery
exclude,0.03,TES carbon monoxide validation with DACOM aircraft measurements during INTEX‐B 2006,,2007,10.1029/2007jd008803,93,M. Luo; C. Rinsland; B. Fisher; G. Sachse; G. Diskin; J. Logan; H. Worden; S. Kulawik; G. Osterman; A. Eldering; R. Herman; M. Shephard
exclude,0.03,Satellite measurements of the clear-sky greenhouse effect from tropospheric ozone,,2008,10.1038/ngeo182,92,H. Worden; K. Bowman; J. Worden; A. Eldering; R. Beer
exclude,0.03,PRIMARY PRODUCTION OF AN ARCTIC WATERSHED: AN UNCERTAINTY ANALYSIS,,2001,10.1890/1051-0761(2001)011[1800:ppoaaw]2.0.co;2,89,Mat Williams; E. Rastetter; G. Shaver; J. Hobbie; E. Carpino; B. Kwiatkowski
exclude,0.03,"High-resolution US methane emissions inferred from an inversion of 2019 TROPOMI satellite data: contributions from individual states, urban areas, and landfills",Atmospheric Chemistry and Physics,2024,10.5194/acp-24-5069-2024,89,H. Nesser; D. Jacob; J. Maasakkers; A. Lorente; Zichong Chen; Xiao Lu; Lu Shen; Z. Qu; M. Sulprizio; Margaux Winter; Shuang Ma; A. A. Bloom; John R. Worden; R. Stavins; C. Randles
exclude,0.03,"Opportunities, challenges, and pitfalls in characterizing plant water‐use strategies",Functional Ecology,2021,10.1111/1365-2435.13945,88,Steven A. Kannenberg; Jessica S. Guo; K. Novick; W. Anderegg; Xue Feng; Daniel Kennedy; A. Konings; J. Martínez‐Vilalta; A. Matheny
exclude,0.03,Chemical Feedback From Decreasing Carbon Monoxide Emissions,,2017,10.1002/2017gl074987,85,B. Gaubert; H. Worden; A. Arellano; L. Emmons; S. Tilmes; J. Barré; S. M. Alonso; F. Vitt; Jeffrey L. Anderson; F. Alkemade; S. Houweling; D. Edwards
exclude,0.03,The vertical distribution of ozone instantaneous radiative forcing from satellite and chemistry climate models,,2011,10.1029/2010jd014243,85,A. Aghedo; K. Bowman; H. Worden; S. Kulawik; D. Shindell; J. Lamarque; G. Faluvegi; M. Parrington; Dylan B. A. Jones; S. Rast
exclude,0.03,Nadir measurements of carbon monoxide distributions by the Tropospheric Emission Spectrometer instrument onboard the Aura Spacecraft: Overview of analysis approach and examples of initial results,,2006,10.1029/2006gl027000,84,C. Rinsland; M. Luo; J. Logan; R. Beer; H. Worden; S. Kulawik; D. Rider; G. Osterman; M. Gunson; A. Eldering; A. Goldman; M. Shephard; S. Clough; C. Rodgers; M. Lampel; L. Chiou
exclude,0.03,Intraseasonal variations of the tropical total ozone and their connection to the Madden‐Julian Oscillation,,2007,10.1029/2007gl029451,83,B. Tian; Yuk L. Yung; D. Waliser; T. Tyranowski; L. Kuai; E. Fetzer; F. Irion
exclude,0.03,An analysis of the sensitivity of sap flux to soil and plant variables assessed for an Australian woodland using a soil-plant-atmosphere model.,Functional Plant Biology,2008,10.1071/fp08114,82,M. Zeppel; C. Macinnis-Ng; A. Palmer; Daniel Taylor; Rhys Whitley; S. Fuentes; I. Yunusa; Mat Williams; D. Eamus
exclude,0.03,Tight coupling between leaf area index and foliage N content in arctic plant communities,Oecologia,2004,10.1007/s00442-004-1733-x,80,M. Wijk; Mat Williams; G. Shaver
exclude,0.03,Observing carbon cycle–climate feedbacks from space,Proceedings of the National Academy of Sciences of the United States of America,2018,10.1073/pnas.1716613115,78,P. Sellers; D. Schimel; B. Moore; Junjie Liu; A. Eldering
exclude,0.03,Large global-scale vegetation sensitivity to daily rainfall variability,Nature,2024,10.1038/s41586-024-08232-z,77,A. Feldman; A. Konings; P. Gentine; Mitra Cattry; Lixin Wang; W. Smith; J. Biederman; A. Chatterjee; Joanna Joiner; B. Poulter
exclude,0.03,The carbon balance of European croplands: A cross-site comparison of simulation models,,2010,10.1016/j.agee.2010.08.004,77,M. Wattenbach; O. Sus; N. Vuichard; S. Lehuger; P. Gottschalk; Longhui Li; A. Leip; Mat Williams; E. Tomelleri; W. Kutsch; N. Buchmann; W. Eugster; Dominique Dietiker; M. Aubinet; E. Ceschia; P. Béziat; T. Grünwald; A. Hastings; B. Osborne; P. Ciais; P. Cellier; Pete Smith
exclude,0.03,Impact of model errors in convective transport on CO source estimates inferred from MOPITT CO retrievals,,2013,10.1002/jgrd.50216,76,Zhe Jiang; Dylan B. A. Jones; H. Worden; M. Deeter; D. Henze; J. Worden; K. Bowman; C. Brenninkmeijer; T. Schuck
exclude,0.03,Evaluating climatic and soil water controls on evapotranspiration at two Amazonian rainforest sites,,2008,10.1016/j.agrformet.2007.12.001,71,R. Fisher; Mat Williams; M. Ruivo; A. C. L. Costa; P. Meir
exclude,0.03,Balance of Emission and Dynamical Controls on Ozone During the Korea‐United States Air Quality Campaign From Multiconstituent Satellite Data Assimilation,Journal of Geophysical Research - Atmospheres,2019,10.1029/2018jd028912,70,K. Miyazaki; T. Sekiya; D. Fu; K. Bowman; S. Kulawik; K. Sudo; T. Walker; Y. Kanaya; M. Takigawa; K. Ogochi; H. Eskes; K. Boersma; A. Thompson; B. Gaubert; J. Barré; L. Emmons
exclude,0.03,Chinese Regulations Are Working—Why Is Surface Ozone Over Industrialized Areas Still High? Applying Lessons From Northeast US Air Quality Evolution,Geophysical Research Letters,2021,10.1029/2021gl092816,67,Xiaokang Chen; Zhe Jiang; Yanan Shen; Rui Li; Yunfei Fu; Jane Liu; Han Han; H. Liao; Xugeng Cheng; Dylan B. A. Jones; H. Worden; G. G. Abad
exclude,0.03,Towards a Harmonized Long‐Term Spaceborne Record of Far‐Red Solar‐Induced Fluorescence,Journal of Geophysical Research - Biogeosciences,2019,10.1029/2019jg005289,63,N. Parazoo; C. Frankenberg; P. Köhler; J. Joiner; Y. Yoshida; T. Magney; Ying Sun; V. Yadav
exclude,0.03,Carbon Stocks in an African Woodland Landscape: Spatial Distributions and Scales of Variation,Ecosystems,2012,10.1007/s10021-012-9547-x,63,Emily Woollen; C. Ryan; Mat Williams
exclude,0.03,Evaluation of MOPITT retrievals of lower‐tropospheric carbon monoxide over the United States,,2012,10.1029/2012jd017553,63,M. Deeter; H. Worden; D. Edwards; J. Gille; A. Andrews
exclude,0.03,Seasonal bryophyte productivity in the sub‐Arctic: a comparison with vascular plants,,2012,10.1111/j.1365-2435.2011.01954.x,61,L. Street; P. Stoy; M. Sommerkorn; Benjamin J. Fletcher; V. Sloan; T. Hill; Mat Williams
exclude,0.03,Towards accurate methane point-source quantification from high-resolution 2-D plume imagery,,2019,10.5194/amt-12-6667-2019,61,Siraput Jongaramrungruang; C. Frankenberg; G. Matheou; A. Thorpe; D. Thompson; L. Kuai; R. Duren
exclude,0.03,A phenomenological model for the flow resistance over submerged vegetation,,2012,10.1029/2011wr011000,59,A. Konings; G. Katul; S. Thompson
exclude,0.03,Predictability of fossil fuel CO2 from air quality emissions,Nature Communications,2023,10.1038/s41467-023-37264-8,56,K. Miyazaki; K. Bowman
exclude,0.03,Ozone production in boreal fire smoke plumes using observations from the Tropospheric Emission Spectrometer and the Ozone Monitoring Instrument,,2009,10.1029/2008jd010108,55,S. Verma; J. Worden; B. Pierce; Dylan B. A. Jones; J. Al-Saadi; F. Boersma; K. Bowman; A. Eldering; B. Fisher; Line Jourdain; S. Kulawik; H. Worden
exclude,0.03,Toward “optimal” integration of terrestrial biosphere models,,2015,10.1002/2015gl064002,54,C. Schwalm; D. Huntzinger; J. Fisher; A. Michalak; K. Bowman; P. Ciais; R. Cook; B. El-Masri; D. Hayes; Maoyi Huang; A. Ito; A. Jain; A. King; H. Lei; Junjie Liu; Chaoqun Lu; J. Mao; S. Peng; B. Poulter; D. Ricciuto; K. Schaefer; Xiaoying Shi; B. Tao; H. Tian; Weile Wang; Yaxing Wei; Jia Yang; N. Zeng
exclude,0.03,Rutin attenuates inflammation by downregulating AGE-RAGE signaling pathway in psoriasis: Network pharmacology analysis and experimental evidence.,International Immunopharmacology,2023,10.1016/j.intimp.2023.111033,54,Ming-xia Wang; Xiaoxuan Ma; Chun-jie Gao; Yue Luo; Xiao-ya Fei; Qi Zheng; Xin Ma; L. Kuai; Bin Li; Ruiping Wang; Jiankun Song
exclude,0.03,Construction of non-diagonal background error covariance matrices for global chemical data assimilation,,2010,10.5194/gmd-4-299-2011,54,Kumaresh Singh; M. Jardak; Adrian Sandu; K. Bowman; Meemong Lee; Dylan B. A. Jones
exclude,0.03,Assessing the magnitude of CO2 flux uncertainty in atmospheric CO2 records using products from NASA's Carbon Monitoring Flux Pilot Project,,2015,10.1002/2014jd022411,52,L. Ott; S. Pawson; G. Collatz; W. Gregg; D. Menemenlis; H. Brix; C. Rousseaux; K. Bowman; Junjie Liu; A. Eldering; M. Gunson; S. Kawa
exclude,0.03,Satellite‐based estimates of reduced CO and CO2 emissions due to traffic restrictions during the 2008 Beijing Olympics,,2012,10.1029/2012gl052395,52,H. Worden; Yafang Cheng; G. Pfister; G. Carmichael; Qiang Zhang; D. Streets; M. Deeter; D. Edwards; J. Gille; J. Worden
exclude,0.03,Multi-dimensional sensitivity analysis and ecological implications of a nutrient uptake model,Plant and Soil,1996,10.1007/bf00015315,51,Mat Williams; R. Yanai
exclude,0.03,Drought sensitivity of patterned vegetation determined by rainfall‐land surface feedbacks,,2011,10.1029/2011jg001748,50,A. Konings; S. Dekker; M. Rietkerk; G. Katul
exclude,0.03,AGU Advances Authors’ Response to Peer Review Comments on Satellite constraints on the latitudinal distribution and temperature sensitivity of wetland methane emissions,,2021,,49,Shuang Ma; J. Worden; A. Bloom; Yuzhong Zhang; B. Poulter; D. Cusworth; Yi Yin; S. Pandey; J. Maasakkers; Xiao Lu; Lu; Shen; J. Sheng; C. Frankenberg; C. Miller; D. Jacob
exclude,0.03,Impacts of experimentally imposed drought on leaf respiration and morphology in an Amazon rain forest,,2010,10.1111/j.1365-2435.2009.01683.x,47,D. Metcalfe; R. Lobo-do-Vale; M. Chaves; J. Marôco; L. Aragão; Y. Malhi; A. C. L. Costa; A. P. Braga; P. Gonçalves; J. D. Athaydes; Mauricio da Costa; S. Almeida; C. Campbell; V. Hurry; Mat Williams; P. Meir
exclude,0.03,Role of keratinocytes and immune cells in the anti-inflammatory effects of Tripterygium wilfordii Hook. f. in a murine model of psoriasis.,Phytomedicine,2020,10.1016/j.phymed.2020.153299,46,Y. Ru; Hong-jin Li; Ruoxi Zhang; Ying Luo; Jiankun Song; L. Kuai; Meng Xing; Seokgyeong Hong; Xiaoying Sun; Xiao-jie Ding; Yi Lu; Liu Liu; Chen Na; Yaqiong Zhou; Bin Li; Xin Li
exclude,0.03,Supplemental Information for: Patterns of plant rehydration and growth following pulses of soil moisture availability,,2020,,45,A. Feldman; D. Gianotti; A. Konings; P. Gentine; D. Entekhabi
exclude,0.03,M2 macrophage-polarized anti-inflammatory microneedle patch for accelerating biofilm-infected diabetic wound healing via modulating the insulin pathway,Journal of Nanobiotechnology,2024,10.1186/s12951-024-02731-x,45,Yushan Yang; Limin Fan; Jingsi Jiang; Jiuyuan Sun; Liangyi Xue; Xiaoyi Ma; L. Kuai; Bin Li; Yongyong Li
exclude,0.03,TES atmospheric profile retrieval characterization: an orbit of simulated observations,IEEE Transactions on Geoscience and Remote Sensing,2006,10.1109/tgrs.2006.871207,44,S. Kulawik; H. Worden; G. Osterman; M. Luo; R. Beer; D. Kinnison; K. Bowman; J. Worden; A. Eldering; M. Lampel; T. Steck; C. Rodgers
exclude,0.03,Measurements of SO2 profiles in volcanic plumes from the NASA Tropospheric Emission Spectrometer (TES),,2008,10.1029/2008gl035566,43,C. Clerbaux; P. Coheur; L. Clarisse; J. Hadji-Lazaro; D. Hurtmans; S. Turquety; K. Bowman; H. Worden; S. Carn
exclude,0.03,Promoting Connectivity of Network-Like Structures by Enforcing Region Separation,IEEE Transactions on Pattern Analysis and Machine Intelligence,2020,10.1109/tpami.2021.3074366,39,Doruk Öner; M. Koziński; Leonardo Citraro; N. Dadap; A. Konings; P. Fua
exclude,0.03,A three-dimensional model of forest development and competition,,1996,10.1016/0304-3800(95)00123-9,39,Mat Williams
exclude,0.03,Isentropic transport and the seasonal cycle amplitude of CO2,,2016,10.1002/2016jd025109,38,E. Barnes; N. Parazoo; C. Orbe; A. Denning
exclude,0.03,The rainfall‐no rainfall transition in a coupled land‐convective atmosphere system,,2010,10.1029/2010gl043967,38,A. Konings; G. Katul; A. Porporato
exclude,0.03,Empirically Derived Sensitivity of Vegetation to Climate across Global Gradients of Temperature and Precipitation,,2017,10.1175/jcli-d-16-0829.1,38,G. R. Quetin; A. Swann
exclude,0.03,Applying a SPA model to examine the impact of climate change on GPP of open woodlands and the potential for woody thickening,,2011,10.1002/eco.138,37,C. Macinnis-Ng; M. Zeppel; Mat Williams; D. Eamus
exclude,0.03,Comparison of Tropospheric Emission Spectrometer nadir water vapor retrievals with in situ measurements,,2008,10.1029/2007jd008822,37,M. Shephard; R. Herman; B. Fisher; K. Cady-Pereira; S. Clough; V. Payne; D. Whiteman; J. Comer; H. Vömel; L. Miloshevich; R. Forno; M. Adam; G. Osterman; A. Eldering; J. Worden; L. Brown; H. Worden; S. Kulawik; D. Rider; A. Goldman; R. Beer; K. Bowman; C. Rodgers; M. Luo; C. Rinsland; M. Lampel; M. Gunson
exclude,0.03,"Impact of atmospheric water vapor on the thermal infrared remote sensing of volcanic sulfur dioxide emissions: A case study from the Pu'u ‘O’ vent of Kilauea Volcano, Hawaii",,2000,10.1029/2000jb900172,36,V. Realmuto; H. Worden
exclude,0.03,The BIOMASS mission — An ESA Earth Explorer candidate to measure the BIOMASS of the earth's forests,IEEE International Geoscience and Remote Sensing Symposium,2010,10.1109/igarss.2010.5648979,35,K. Scipal; M. Arcioni; J. Chave; J. Dall; F. Fois; T. Toan; Chung-Chi Lin; K. Papathanassiou; S. Quegan; F. Rocca; S. Saatchi; H. Shugart; L. Ulander; Mat Williams
exclude,0.03,Source‐receptor relationships of column‐average CO2 and implications for the impact of observations on flux inversions,,2015,10.1002/2014jd022914,34,Junjie Liu; K. Bowman; D. Henze
exclude,0.03,Data assimilation of soil water flow via ensemble Kalman filter: Infusing soil moisture data at different scales,,2017,10.1016/j.jhydrol.2017.10.078,34,Peng Zhu; Liangsheng Shi; Yan Zhu; Qiuru Zhang; Kai Huang; Mat Williams
exclude,0.03,Evaluating the effect of drier and warmer conditions on water use by Quercus pyrenaica,,2009,10.1016/j.foreco.2009.07.038,34,V. Hernandez-Santana; J. Martínez‐Vilalta; J. Martínez-Fernández; Mat Williams
exclude,0.03,Formononetin attenuates psoriasiform inflammation by regulating interferon signaling pathway.,Phytomedicine,2024,10.1016/j.phymed.2024.155412,33,Haotian Xu; Qi Zheng; Zong-guang Tai; Wen-cheng Jiang; Shaoqiong Xie; Yue Luo; Xiao-ya Fei; Ying Luo; Xin Ma; L. Kuai; Ruiping Wang*; Bin Li; Jiankun Song; Quan-gang Zhu
exclude,0.03,Transcriptional profiling and circRNA-miRNA-mRNA network analysis identify the biomarkers in Sheng-ji Hua-yu formula treated diabetic wound healing.,Journal of Ethnopharmacology,2020,10.1016/j.jep.2020.113643,33,Yan-Wei Xiang; L. Kuai; Y. Ru; Jingsi Jiang; Xin Li; Fulun Li; Qilong Chen; Bin Li
exclude,0.03,Association Between Psoriasis and Dementia: Current Evidence,Frontiers in Aging Neuroscience,2020,10.3389/fnagi.2020.570992,30,Liu Liu; Siting Chen*; Hong-jin Li; Y. Qiang; Xiaoying Sun; Yaqiong Zhou; Meng Xing; Ying Luo; Y. Ru; Xiao-jie Ding; L. Kuai; Bin Li; Xin Li
exclude,0.03,Conditioning Stochastic Rainfall Replicates on Remote Sensing Data,IEEE Transactions on Geoscience and Remote Sensing,2009,10.1109/tgrs.2009.2016413,28,R. Wójcik; D. McLaughlin; A. Konings; D. Entekhabi
exclude,0.03,A Revised Assessment of Species Redundancy and Ecosystem Reliability,,1999,10.1046/j.1523-1739.1999.013002440.x,28,E. Rastetter; L. Gough; A. Hartley; D. Herbert; K. Nadelhoffer; Mat Williams
exclude,0.03,Uncovering the Mechanism of Jueyin Granules in the Treatment of Psoriasis Using Network Pharmacology.,Journal of Ethnopharmacology,2020,10.1016/j.jep.2020.113214,28,L. Kuai; Jiankun Song; Ruoxi Zhang; Meng Xing; Ying Luo; Y. Ru; Xiao-jie Ding; Liu Liu; Yi Lu; Xiaoying Sun; H. Nian; Xin Li; Bin Li
exclude,0.03,A global comparison of carbon monoxide profiles and column amounts from Tropospheric Emission Spectrometer (TES) and Measurements of Pollution in the Troposphere (MOPITT),,2009,10.1029/2009jd012242,28,S. Ho; D. Edwards; J. Gille; M. Luo; G. Osterman; S. Kulawik; H. Worden
exclude,0.03,"Genetic relationship between hydrocarbon system evolution and Carlin-type gold mineralization: Insights from ReOs pyrobitumen and pyrite geochronology in the Nanpanjiang Basin, South China",,2021,10.1016/j.chemgeo.2020.119953,26,Xiangying Ge; David Selby; Junjie Liu; You-zhi Chen; G. Cheng; Chuanbo Shen
exclude,0.03,Clinical-mediated discovery of pyroptosis in CD8+ T cell and NK cell reveals melanoma heterogeneity by single-cell and bulk sequence,Cell Death and Disease,2023,10.1038/s41419-023-06068-5,26,Ying Zhang; Yun Bai; Xiao-Xuan Ma; Jiankun Song; Yue Luo; Xiao-ya Fei; Y. Ru; Ying Luo; Jing-Si Jiang; Zhan Zhang; Dan-Zhou Yang; Tingting Xue; Hui-Ping Zhang; Tai-yi Liu; Yan-Wei Xiang; L. Kuai; Y. Liu; Bin Li
exclude,0.03,Supplement to: Sixteen years of MOPITT satellite data strongly constrain Amazon CO fire emissions,,2022,,26,S. Naus; L. Domingues; M. Krol; I. Luijkx; L. Gatti; B. John; Miller; E. Gloor; S. Basu; Caio S. C. Correia; Gerbrand Koren; H. Worden; J. Flemming; G. Pétron; W. Peters
exclude,0.03,Seasonal CO2 amplitude in northern high latitudes,Nature Reviews Earth & Environment,2024,10.1038/s43017-024-00600-7,25,Zhihua Liu; B. Rogers; G. Keppel-Aleks; M. Helbig; Ashley P. Ballantyne; John S. Kimball; A. Chatterjee; Adrianna Foster; Aleya Kaushik; Anna‐Maria Virkkala; Arden Burrell; Christopher Schwalm; Colm Sweeney; E. Schuur; Jacqueline Dean; Jennifer D. Watts; Jinhyuk E. Kim; Jonathan A. Wang; Lei Hu; Lisa R. Welp; L. Berner; M. Mauritz; Michelle C. Mack; N. Parazoo; N. Madani; R. Keeling; R. Commane; S. Goetz; Shilong Piao; S. Natali; Wenjuan Wang; Wolfgang Buermann; X. Walker; Xin Lin; Xuhui Wang; Yuming Jin; Kailiang Yu; Yangjian Zhang
exclude,0.03,Fire needle therapy for moderate-severe acne: A PRISMA systematic review and meta-analysis of randomized controlled trials.,Complementary Therapies in Medicine,2019,10.1016/j.ctim.2019.04.009,25,Meng Xing; X. Yan; Xiaoying Sun; Shoumei Wang; Min Zhou; Bo Zhu; L. Kuai; Liu Liu; Ying Luo; Xin Li; Bin Li
exclude,0.03,Calycosin enhances treg differentiation for alleviating skin inflammation in atopic dermatitis.,Journal of Ethnopharmacology,2024,10.1016/j.jep.2024.117883,24,Xin Ma; Guoshu Deng; Na Tian; Hao Wang; Hang Zhao; L. Kuai; Ying Luo; Chun-jie Gao; Xiao-jie Ding; Bin Li; Bin Li
exclude,0.03,"Assessing the Phenology of Southern Tropical Africa: A Comparison of Hemispherical Photography, Scatterometry, and Optical/NIR Remote Sensing",IEEE Transactions on Geoscience and Remote Sensing,2014,10.1109/tgrs.2013.2242081,23,C. Ryan; Mat Williams; T. Hill; J. Grace; I. Woodhouse
exclude,0.03,Nonstationary Synchronization of Equatorial QBO with SAO in Observations and a Model,,2009,10.1175/2008jas2857.1,23,L. Kuai; R. Shia; Xun Jiang; K. Tung; Y. Yung
exclude,0.03,Long non‐coding RNAs in diabetic wound healing: Current research and clinical relevance,International Wound Journal,2021,10.1111/iwj.13655,22,L. Kuai; Jing-Si Jiang; Wei Li; Bin Li; Shuang-Yi Yin
exclude,0.03,Implementation and Evaluation of an Array of Chemical Solvers in a Global Chemical Transport Model,,2009,10.5194/gmdd-2-185-2009,22,Paul R. Eller; Kumaresh Singh; Adrian Sandu; K. Bowman; D. Henze; Meemong Lee
exclude,0.03,Implementation and evaluation of an array of chemical solvers in the Global Chemical Transport Model GEOS-Chem,Geoscientific Model Development,2009,10.5194/gmd-2-89-2009,21,Paul R. Eller; Kumaresh Singh; Adrian Sandu; K. Bowman; D. Henze; Meemong Lee
exclude,0.03,Theory and the future of land-climate science,Nature Geoscience,2024,10.1038/s41561-024-01553-8,20,M. P. Byrne; G. Hegerl; Jack Scheff; Ori Adam; Alexis Berg; M. Biasutti; Simona Bordoni; Aiguo Dai; R. Geen; M. Henry; Spencer A. Hill; Cathy Hohenegger; V. Humphrey; M. Joshi; A. Konings; M. Laguë; F. H. Lambert; F. Lehner; J. Mankin; K. McColl; K. McKinnon; A. Pendergrass; M. Pietschnig; Luca Schmidt; A. Schurer; E. Scott; David Sexton; S. Sherwood; Lucas R. Vargas Zeppetello; Yi Zhang
exclude,0.03,Forest biomass and the science of inventory from space,,2012,10.1038/nclimate1759,20,S. Saatchi; L. Ulander; Mat Williams; S. Quegan; T. Letoan; H. Shugart; J. Chave
exclude,0.03,"The role and therapeutic strategies for tissue‐resident memory T cells, central memory T cells, and effector memory T cells in psoriasis",Immunology,2024,10.1111/imm.13843,20,Guoshu Deng; Yulin Zhang; Jiankun Song; Ying Zhang; Qi Zheng; Yue Luo; Xiao-ya Fei; Yang Yang; L. Kuai; Bin Li; Ying Luo
exclude,0.03,The worldwide COVID-19 lockdown impacts on global secondary inorganic aerosols and radiative budget,Science Advances,2023,10.1126/sciadv.adh2688,18,T. Sekiya; K. Miyazaki; H. Eskes; K. Bowman; K. Sudo; Y. Kanaya; M. Takigawa
exclude,0.03,Incorporating dead material in ecosystem assessments and projections,Nature Climate Change,2022,10.1038/s41558-022-01565-5,18,K. Barnhill; J. Roberts; I. Myers-Smith; Mat Williams; Kyle G. Dexter; C. Ryan; U. Wolfram; S. Hennige
exclude,0.03,Modeling feedbacks between a boreal forest and the planetary boundary layer,,2008,10.1029/2007jd009412,18,T. Hill; Mat Williams; J. Moncrieff
exclude,0.03,Specific study on forest greenhouse gas budget,,2004,,18,R. Brumme; K. Butterbach‐Bahl; J. Grace; A. Lehtonen; S. Lettens; J. Liski; Maurizio Mencuccini; R. Milne; G. Nabuurs; M. Olsson; K. Schadauer; K. Troeltzsch; N. V. Camp; W. Vries; Mat Williams; S. Zaehle
exclude,0.03,Further evaluation of the Re-Os systematics of crude oil: Implications for Re-Os geochronology of petroleum systems,Chemical Geology,2019,10.1016/j.chemgeo.2019.03.004,18,Junjie Liu; David Selby; Honggang Zhou; M. Pujol
exclude,0.03,Patient-driven discovery of CCN1 to rescue cutaneous wound healing in diabetes via the intracellular EIF3A/CCN1/ATG7 signaling by nanoparticle-enabled delivery.,Biomaterials,2022,10.1016/j.biomaterials.2022.121698,18,Jing-Si Jiang; J. Zang; Y. Ru; Ying Luo; Jiankun Song; Yue Luo; Xiao-ya Fei; Zhan Zhang; Ying Zhang; Dan-Zhou Yang; Mi Zhou; Qilong Chen; Yunpeng Bai; Yongyong Li; L. Kuai; Bin Li
exclude,0.03,Life quality among psoriasis patients based on Dermatology Life Quality Index evaluation and its association with psoriasis severity in China: a cross-sectional study,Annals medicus,2023,10.1080/07853890.2023.2231847,17,Yiran Chen; Lei Wei; Yu-Qiang Song; Rui Zhang; L. Kuai; Bin Li; Ruiping Wang
exclude,0.03,Scaling-up ecological understanding with remote sensing and causal inference.,Trends in Ecology & Evolution,2024,10.1016/j.tree.2024.09.006,17,Elisa Van Cleemput; Peter B. Adler; K. Suding; A. Rebelo; B. Poulter; L. Dee
exclude,0.03,Thermal decomposition and interaction mechanism of HFC-134a/HFC-32 mixture in Organic Rankine Cycle,Journal of Environmental Chemical Engineering,2022,10.1016/j.jece.2022.108947,16,M. Si; L. Kuai; Erguang Huo; Lize Li; Mengna Bai
exclude,0.03,Classification and biomarker gene selection of pyroptosis-related gene expression in psoriasis using a random forest algorithm,Frontiers in Genetics,2022,10.3389/fgene.2022.850108,16,Jiankun Song; Ying Zhang; Xiao-ya Fei; Yi-ran Chen; Ying Luo; Jing-Si Jiang; Y. Ru; Yan-Wei Xiang; Bin Li; Yue Luo; L. Kuai
exclude,0.03,Airships: A New Horizon for Science,,2014,,15,Sarah H. Miller; R. Fesen; L. Hillenbrand; J. Rhodes; G. Baird; Geoffrey Blake; J. Booth; David E. Carlile; R. Duren; Frederick G. Edworthy; B. Freeze; R. Friedl; P. Goldsmith; Jeffery L. Hall; S. Hoffman; Scott E. Hovarter; R. Jensen-Clem; Ross M. Jones; J. Kauffmann; A. Kiessling; O. King; N. Konidaris; T. Lachenmeier; S. Lord; J. Neu; G. R. Quetin; A. Ram; S. Sander; M. Simard; Mike Smith; Steve Smith; S. Smoot; S. Susca; A. Swann; E. Young; T. Zambrano
exclude,0.03,Fu-Huang ointment ameliorates impaired wound healing associated with diabetes through PI3K-AKT signalling pathway activation,Comput. Biol. Medicine,2023,10.1016/j.compbiomed.2023.106660,15,Ke-shen Qu; Y. Ru; Dan Yang; L. Kuai; Ying Luo; Ping-An Zhang; Meng Xing; Hua-fa Que
exclude,0.03,"Prognostic Nomogram for Liver Metastatic Colon Cancer Based on Histological Type, Tumor Differentiation, and Tumor Deposit: A TRIPOD Compliant Large-Scale Survival Study",Frontiers in Oncology,2021,10.3389/fonc.2021.604882,15,L. Kuai; Ying Zhang; Ying Luo; Wei Li; Xiaodong Li; Hui-Ping Zhang; Tai-yi Liu; Shuang-Yi Yin; Bin Li
exclude,0.03,Impacts of climate timescale on the stability of trait-environment relationships.,New Phytologist,2023,10.1111/nph.19416,14,C. Famiglietti; M. Worden; L. Anderegg; A. Konings
exclude,0.03,The role of neutrophils in diabetic ulcers and targeting therapeutic strategies.,International Immunopharmacology,2023,10.1016/j.intimp.2023.110861,14,Xiaoxuan Ma; Qing-Kai Liu; L. Kuai; Xin Ma; Yue Luo; Ying Luo; Jiankun Song; Xiao-ya Fei; Jing-Si Jiang; Ming-xia Wang; Fang Shen; Y. Ru; Bin Li
exclude,0.03,"Comparison of upper tropospheric carbon monoxide from MOPITT, ACE‐FTS, and HIPPO‐QCLS",,2014,10.1002/2014jd022397,14,S. Martínez-Alonso; M. Deeter; H. Worden; J. Gille; L. Emmons; L. Pan; Mijeong Park; G. Manney; P. Bernath; C. Boone; K. Walker; F. Kolonjari; S. Wofsy; J. Pittman; B. Daube
exclude,0.03,Role of Local Air‐Sea Interaction in Fire Activity Over Equatorial Asia,Geophysical Research Letters,2019,10.1029/2019gl085943,13,Jin‐Soo Kim; Sujong Jeong; J. Kug; Mat Williams
exclude,0.03,Thermodynamics of an idealized hydrologic cycle,,2012,10.1029/2011wr011264,12,A. Konings; Xue Feng; A. Molini; Stefano Manzoni; G. Vico; A. Porporato
exclude,0.03,Tight coupling between leaf area index and foliage N content in arctic plant 1 communities 2 3,,2004,,12,M. Wijk; Mat Williams; G. Shaver
exclude,0.03,"Topical application of Artemisia annua L. essential oil ameliorates 2,4-dintrochlorobenzene-induced atopic dermatitis in mice.",Journal of Ethnopharmacology,2024,10.1016/j.jep.2024.118439,12,Zhi Huang; Bin Fan; W. Mao; L. Kuai; Jun Feng; Yuqi Wang; Mi Zhou; Xiao Miao
exclude,0.03,Liquiritin exerts psoriasis therapy and prevention by regulating the YY1/RBP3 axis.,Phytomedicine,2024,10.1016/j.phymed.2024.155951,12,Guoshu Deng; Yulin Zhang; Jiankun Song; Xiaoxuan Ma; Yue Luo; Xiao-ya Fei; Jingsi Jiang; Y. Ru; Zong-guang Tai; Quan-gang Zhu; Xin Ma; L. Kuai; Bin Li; Ying Zhang; Ying Luo
exclude,0.03,Global Analysis of Ecosystem Evapotranspiration Response to Precipitation Deficits,,2017,10.1002/2017jd027817,11,B. He; Haiyan Wang; Lanlan Guo; Junjie Liu
exclude,0.03,A method for independent validation of surface fluxes from atmospheric inversion: Application to CO2,,2016,10.1002/2016gl067828,11,Junjie Liu; K. Bowman
exclude,0.03,Shengjihuayu formula ameliorates the oxidative injury in human keratinocytes via blocking JNK/c-Jun/MMPs signaling pathway.,Journal of Ethnopharmacology,2024,10.1016/j.jep.2024.117938,11,Lu Sun; Hao Yin; Yu-ting Li; Yunxiao Qiao; Jie Wang; Qingyi He; Zhen Xiao; L. Kuai; Yan-Wei Xiang
exclude,0.03,PDL1 triggered by binding eIF3I contributes to the amelioration of diabetes-associated wound healing defects by regulating IRS4.,Journal of Investigative Dermatology,2021,10.1016/j.jid.2021.06.028,11,L. Kuai; Yan-Wei Xiang; Qilong Chen; Y. Ru; Shuang-Yi Yin; Wei Li; Jing-Si Jiang; Ying Luo; Jiankun Song; B. Lu; Yue Luo; Bin Li
exclude,0.03,A behavioral change-based approach to energy efficiency in a manufacturing plant,,2018,10.1007/s12053-017-9581-9,11,K. Mahapatra; R. Alm; Ramona Hallgren; L. Bischoff; Nil Tuglu; L. Kuai; Yexin Yang; Ibrahim Umoru
exclude,0.03,A link between tropical intraseasonal variability and Arctic stratospheric ozone,,2013,10.1002/jgrd.50391,11,King‐Fai Li; B. Tian; K. Tung; L. Kuai; J. Worden; Y. Yung; B. L. Slawski
exclude,0.03,Modulation of the Period of the Quasi-Biennial Oscillation by the Solar Cycle,,2009,10.1175/2009jas2958.1,11,L. Kuai; R. Shia; Xun Jiang; K. Tung; Y. Yung
exclude,0.03,Instantaneous longwave radiative impact of ozone: an application on IASI/MetOp observations,,2015,10.5194/acp-15-12971-2015,11,Stamatia Doniki; D. Hurtmans; L. Clarisse; C. Clerbaux; H. Worden; K. Bowman; P. Coheur
exclude,0.03,Characterization of precipitation product errors across the US using multiplicative Triple Collocation,,2015,10.5194/hessd-12-2527-2015,10,S. H. Alemohammad; K. McColl; A. Konings; D. Entekhabi; A. Sto; Elen
exclude,0.03,Precipitation gradients drive high tree species turnover in the woodlands of eastern and southern Africa,Ecography,2023,10.1111/ecog.06720,10,Robert W. Davies; C. Ryan; R. Harrison; Kyle G. Dexter; A. Ahrends; M. te Beest; Lorena Benitez; T. Brade; J. Carreiras; D. Druce; A. Fayolle; M. Finckh; J. L. Godlee; Francisco M. Gonclaves; I. Grundy; T. Hoche; R. Holdo; S. Makungwa; Iain M. McNicol; P. Mograbi; A. Muchawona; Aristidies Muhate; Jonathan Muledi; R. Pritchard; Rasmus Revermann; N. Ribeiro; A. Siampale; A. Carla Staver; S. Syampungani; Mat Williams; A. Swemmer; D. Edwards
exclude,0.03,The Identification of the Biomarkers of Sheng-Ji Hua-Yu Formula Treated Diabetic Wound Healing Using Modular Pharmacology,Frontiers in Pharmacology,2021,10.3389/fphar.2021.726158,10,Jing-Si Jiang; Ying Zhang; Ying Luo; Y. Ru; Yue Luo; Xiao-ya Fei; Jiankun Song; Xiao-jie Ding; Zhan Zhang; Dan Yang; Shuang-Yi Yin; Hui-Ping Zhang; Tai-yi Liu; Bin Li; L. Kuai
exclude,0.03,CARDAMOM 2001-2010 global carbon Model-Data Fusion (MDF) analysis,,2015,10.7488/ds/316,9,A. Bloom; Mat Williams
exclude,0.03,"CMS: Modeled Net Ecosystem Exchange at 3-hourly Time Steps, 2004-2010",,2016,10.3334/ornldaac/1315,9,J. Fisher; M. Sikka; D. Huntzinger; C. Schwalm; Junjie Liu; Yaxing Wei; R. Cook; A. Michalak; K. Schaefer; A. Jacobson; Arain; P. Ciais; B. El-Masri; D. Hayes; Maoyi Huang; Suo Huang; A. Ito; A. Jain; H. Lei; Chaoqun Lu; F. Maignan; J. Mao; N. Parazoo; C. Peng; S. Peng; B. Poulter; D. Ricciuto; H. Tian; Xiaoying Shi; Weile Wang; N. Zeng; F. Zhao; Qiu'an Zhu
exclude,0.03,Multi-temporal microwave retrievals of Soil Moisture and vegetation parameters from SMAP,IEEE International Geoscience and Remote Sensing Symposium,2016,10.1109/igarss.2016.7729054,9,M. Piles; D. Entekhabi; A. Konings; K. McColl; N. Das; T. Jagdhuber
exclude,0.03,Therapeutic effects of the Qingre-Qushi recipe on atopic dermatitis through the regulation of gut microbiota and skin inflammation,Heliyon,2024,10.1016/j.heliyon.2024.e26063,9,Fang Shen; Chun-jie Gao; Ming-xia Wang; Xiao-jie Ding; Hang Zhao; Mi Zhou; Jingyi Mao; L. Kuai; Bin Li; Dongming Wang; Huimin Zhang; Xin Ma
exclude,0.03,Exploring the role of autophagy in psoriasis pathogenesis: Insights into sustained inflammation and dysfunctional keratinocyte differentiation.,International Immunopharmacology,2024,10.1016/j.intimp.2024.112244,9,Xinxin Wu; Jiankun Song; Ying Zhang; L. Kuai; Changya Liu; Xin Ma; Bin Li; Zhan Zhang; Ying Luo
exclude,0.03,Tobacco smoking negatively influences the achievement of greater than three-quarters reduction in psoriasis area and severity index after eight weeks of treatment among patients with psoriasis: Findings from a prospective study,Tobacco Induced Diseases,2024,10.18332/tid/184143,8,Y. Qiang; L. Kuai; Shuo Liu; Quanruo Xu; Lingzi Shenfan*; Rui Zhang; Zhongzhi Gao; Xiangjin Gao; Bin Li; Ruiping Wang*
exclude,0.03,Accurate network pharmacology and novel ingredients formula of herbal targeting estrogen signaling for psoriasis intervention.,Journal of Ethnopharmacology,2024,10.1016/j.jep.2024.118099,8,Xinxin Wu; Sheng Hu; Ning Jia; Caiyun Zhang; Changya Liu; Jiankun Song; L. Kuai; Wencheng Jiang; Bin Li; Qilong Chen
exclude,0.03,Quyu Shengji Formula Facilitates Diabetic Wound Healing via Inhibiting the Expression of Prostaglandin Transporter,Evidence-Based Complementary and Alternative Medicine,2021,10.1155/2021/8849935,8,Yi Lu; Xiao-jie Ding; Fei Qi; Y. Ru; L. Kuai; Siting Chen*; Yingyao Yang; Xin Li; Fulun Li; Bin Li; Min Zhou; Kan Ze
exclude,0.03,Topographic controls on the leaf area index of a Fennoscandian tundra ecosystem,,2008,,7,L. Spadavecchia; Mat Williams; R. Bell; P. Stoy; B. Huntley; M. Wijk
exclude,0.03,Tobacco smoking was positively associated with metabolic syndrome among patients with psoriasis in Shanghai: A cross-sectional study,Tobacco Induced Diseases,2022,10.18332/tid/144228,7,Lei Wei*; Siting Chen*; Y. Qiang; L. Kuai; Min Zhou; Ying Luo; Yue Luo; Jiankun Song; Xiao-ya Fei; Rui Zhang; Ning Yu; Wencheng Jiang; Xin Li; Ruiping Wang*; Bin Li
exclude,0.03,Physically-based retrieval of SMAP active-passive measurements covariation and vegetation structure parameters,IEEE International Geoscience and Remote Sensing Symposium,2016,10.1109/igarss.2016.7729796,6,T. Jagdhuber; D. Entekhabi; A. Konings; K. McColl; S. H. Alemohammad; N. Das; C. Montzka; M. Piles
exclude,0.03,From gut to skin: exploring the potential of natural products targeting microorganisms for atopic dermatitis treatment.,Food & Function,2023,10.1039/d3fo02455e,6,Hang Zhao; Xin Ma; Jiankun Song; Jing-Si Jiang; Xiao-ya Fei; Yue Luo; Y. Ru; Ying Luo; Chunjie Gao; L. Kuai; Bin Li
exclude,0.03,Characterisation of key biomarkers in diabetic ulcers via systems bioinformatics,International Wound Journal,2022,10.1111/iwj.13900,6,Zhan Zhang; Ying Zhang; Dan-Zhou Yang; Yue Luo; Ying Luo; Y. Ru; Jiankun Song; Xiao-ya Fei; Yiran Chen; Bin Li; Jing-Si Jiang; L. Kuai
exclude,0.03,"Global High-Resolution Estimates of SIF from Fused SCIAMACHY and GOME-2, 2002-2018",,2021,10.3334/ornldaac/1864,5,J. Wen; P. Koehler; G. Duveiller; N. Parazoo; T. Magney; G. Hooker; L. Yu; C. Chang; Ying Sun
exclude,0.03,Mechanistic Processes Controlling Persistent Changes of Forest Canopy Structure After 2005 Amazon Drought,,2017,10.1002/2017jg003966,5,M. Shi; Junjie Liu; Maosheng Zhao; Yifan Yu; S. Saatchi
exclude,0.03,Gene set enrichment analysis and ingenuity pathway analysis to identify biomarkers in Sheng-ji Hua-yu formula treated diabetic ulcers.,Journal of Ethnopharmacology,2021,10.1016/j.jep.2021.114845,5,Y. Ru; Ying Zhang; Yan-Wei Xiang; Ying Luo; Yue Luo; Jing-Si Jiang; Jiankun Song; Xiaojun Fei; Dan-Zhou Yang; Zhan Zhang; Hui-Ping Zhang; Tai-yi Liu; Shuang-Yi Yin; Bin Li; L. Kuai
exclude,0.03,Remote sensing applications for prescribed burn research,International journal of wildland fire,2024,10.1071/wf23130,5,Anna LoPresti; Meghan T. Hayden; K. Siegel; B. Poulter; E. N. Stavros; L. Dee
exclude,0.03,A fifteen year record of CO emissions constrained by MOPITT CO 1 observations 2,,2016,,5,Zhe Jiang; J. Worden; H. Worden; M. Deeter; Dylan B. A. Jones; A. Arellano; D. Henze
exclude,0.03,Carbon monoxide distributions from the IASI/MetOP mission: evaluation with other space-borne sensors,,2009,,5,M. George; C. Clerbaux; D. Hurtmans; S. Turquety; P. Coheur; M. Pommier; J. Hadji-Lazaro; D. Edwards; H. Worden; M. Luo; C. Rinsland; Wallace Mc Millan
exclude,0.03,Temporally variable parameters simulate asymmetrical interannual variation of aboveground and belowground carbon pools in an alpine meadow,,2021,10.1016/j.agrformet.2021.108480,4,Qian Xu; Honglin He; X. Ren; Li Zhang; Li Lin; Fa-wei Zhang; G. Cao; Mat Williams; R. Ge; Zhong’en Niu; Yan Lv
exclude,0.03,Understanding and parameterizing the soil-water-atmosphere transfer through vegetation,,2005,,4,J. Grace; Mat Williams
exclude,0.03,"International Conference on Computational Science , ICCS 2012 Information Theoretic Metrics to Characterize Observations in Variational Data Assimilation",,2013,,4,Kumaresh Singh; Adrian Sandu; M. Jardak; Meemong Lee; K. Bowman
exclude,0.03,Measurement of Pollution in the Troposphere Algorithm Theoretical Basis Document: Retrieval of Carbon Monoxide Profiles and Column Amounts from MOPITT Observed Radiances (Level 1 to Level 2),,2017,,4,G. Francis; M. Deeter; S. Martínez-Alonso; J. Gille; D. Edwards; D. Mao; H. Worden; D. Ziskin
exclude,0.03,Solar Induced Fluorescence as an Application Ready Early Warning Indicator of Flash Drought,Geophysical Research Letters,2025,10.1029/2025gl119408,3,N. Parazoo; Brian Fuchs
exclude,0.03,A data-driven and physics-based single-pass retrieval of active-passive microwave covariation and vegetation parameters for the SMAP mission,,2016,,3,T. Jagdhuber; N. Das; D. Entekhabi; M. Baur; M. Link; M. Piles; R. Akbar; A. Konings; K. McColl; S. H. Alemohammad; C. Montzka; H. Kunstmann
exclude,0.03,Recent progress on the research of Re–Os geochronology and Re–Os elemental and isotopic systematics in petroleum systems,,2020,10.1016/j.jnggs.2020.11.003,3,Yanming Sai; Keyu Jin; M. Luo; H. Tian; Jie Li; Junjie Liu
exclude,0.03,Quantifying the Observability of CO2 Flux Uncertainty in Atmospheric CO2 Records Using Products from Nasa's Carbon Monitoring Flux Pilot Project,,2014,,3,L. Ott; S. Pawson; J. Collatz; G. Watson; D. Menemenlis; H. Brix; C. Rousseaux; K. Bowman; Junjie Liu; A. Eldering; M. Gunson; S. Kawa
exclude,0.03,The covariati n of Northern Hemisphere summertime CO2 with surface temperature at boreal latitudes,,2013,10.5194/acpd-13-10263-2013,2,D. Wunch; P. Wennberg; J. Messerschmidt; N. Parazoo; G. Toon; N. Deutscher; G. Keppel‐Aleks; C. Roehl; J. Randerson; T. Warneke; J. Notholt
exclude,0.03,SMAP Multi-Temporal vegetation optical depth retrieval as an indicator of crop yield trends and crop composition,IEEE International Geoscience and Remote Sensing Symposium,2017,10.1109/igarss.2017.8127967,2,D. Chaparro; M. Vall-llossera; Adriano Camps; M. Piles; A. Konings; D. Entekhabi
exclude,0.03,The Multi-Temporal Dual Channel Algorithm: First Microwave Retrievals of Soil Moisture and Vegetation Parameters from SMAP,,2016,,2,M. Piles; D. Entekhabi; A. Konings; K. McColl; N. Das; T. Jagdhuber
exclude,0.03,Prim-O-glucosylcimifugin mitigates atopic dermatitis by inhibiting Th2 differentiation through LCK phosphorylation modulation.,Journal of Integrative Medicine,2025,10.1016/j.joim.2025.03.005,2,Hang Zhao; Xin Ma; Hao Wang; Xiao-jie Ding; L. Kuai; Jiankun Song; Zhan Zhang; Dan Yang; Chun-jie Gao; Bin Li; Mi Zhou
exclude,0.03,Machine Learning-Driven discovery of immunogenic cell Death-Related biomarkers and molecular classification for diabetic ulcers.,Gene,2024,10.1016/j.gene.2024.148928,2,Yunjia Cai; Shiqi Li; Hang Zhao; Miao Li; Ying Zhang; Y. Ru; Ying Luo; Yue Luo; Xiao-ya Fei; Fang Shen; Jiankun Song; Xin Ma; Jing-Si Jiang; L. Kuai; Xiao-Xuan Ma; Bin Li
exclude,0.03,"Metabolism‐related biomarkers, molecular classification, and immune infiltration in diabetic ulcers with validation",International Wound Journal,2023,10.1111/iwj.14223,2,Xiao-Xuan Ma; Ying Zhang; Jing-Si Jiang; Y. Ru; Ying Luo; Yue Luo; Xiao-ya Fei; Jiankun Song; Xin Ma; Bin Li; Yilun Tan; L. Kuai
exclude,0.03,Interpreting Space-Based Trends in Carbon Monoxide,,2016,10.5194/acp-2016-87,2,S. Strode; H. Worden; M. Damon; A. Douglass; B. Duncan; L. Emmons; J. Lamarque; M. Manyin; L. Oman; José M. Rodríguez; S. Strahan; S. Tilmes
exclude,0.03,Sensitivity of inferred regional CO source estimates to the vertical structure in CO as observed by MOPITT,,2014,10.5194/acpd-14-22939-2014,2,Zhe Jiang; Dylan B. A. Jones; H. Worden; D. Henze
exclude,0.03,Averaging kernel prediction from atmospheric and surface state parameters based on multiple regression with MOPITT CO and TES-OMI O 3 multispectral observations,,2013,10.5194/amtd-6-2751-2013,2,H. Worden; D. Edwards; M. Deeter; D. Fu; S. Kulawik; J. Worden; A. Arellano
exclude,0.03,The biogeophysical impacts of land cover change on climate extremes in the Arctic and Boreal regions,Environmental Research Letters,2025,10.1088/1748-9326/adeba0,1,Shuai Li; Di Yang; Yaqian He; N. Parazoo; Wei Liu
exclude,0.03,Title The covariation of Northern Hemisphere summertime CO 2 with surface temperature in boreal regions Permalink,,2013,,1,D. Wunch; P. Wennberg; J. Messerschmidt; N. Parazoo; G. Toon; N. Deutscher; G. Keppel‐Aleks; C. Roehl; J. Randerson; T. Warneke; J. Notholt
exclude,0.03,"Corrigendum to ""A regional high-resolution carbon flux inversion of North America for 2004"" published in Biogeosciences, 7, 1625-1644, 2010",,2010,10.5194/bg-7-2245-2010,1,A. Schuh; A. Denning; K. Corbin; I. Baker; M. Uliasz; N. Parazoo; A. Andrews; D. Worthy
exclude,0.03,Estimation of CO2 Fluxes at Regional Scale using the Coupled MLEF-PCTM Model,,2006,,1,R. Lokupitiya; D. Zupanski; A. Denning; S. Kawa; N. Parazoo
exclude,0.03,"Supplementary material to ""Global ecosystem-scale plant hydraulic traits retrieved using
model-data fusion""",,2020,10.5194/hess-2020-649-supplement,1,Yanlan Liu; N. Holtzman; A. Konings
exclude,0.03,Using Remotely Sensed Soil Moisture to Estimate Fire Risk in Tropical Peatlands,,2017,,1,N. Dadap; A. Cobb; A. Hoyt; C. Harvey; A. Konings
exclude,0.03,Monitoring the Phenology of Global Agroecosystems Using SMAP Multi-temporal Vegetation Optical Depth Retrievals,,2016,,1,M. Piles; D. Entekhabi; A. Konings; R. Akbar; T. Jagdhuber; D. Chaparro; N. Das
exclude,0.03,Characterizing vegetation and soil parameters across different biomes using polarimetric P-band SAR measurements,IEEE International Geoscience and Remote Sensing Symposium,2016,10.1109/igarss.2016.7730491,1,S. H. Alemohammad; A. Konings; T. Jagdhuber; D. Entekhabi
exclude,0.03,Retrieving Vegetation Parameters and Soil Reflection Coefficients with P-band SAR Polarimetry,,2015,,1,S. H. Alemohammad; A. Konings; T. Jagdhuber; D. Entekhabi
exclude,0.03,"A webmapping platform for publishing, sharing, and managing EO-derived data for forest protection",Remote Sensing,2016,10.1117/12.2242030,1,K. Viergever; Pedro R. Andrade; Manoel Cardoso; Miguel Castillo; J. Exbrayat; Sarah Middlemiss; D. Milodowski; E. Mitchard; J. Ometto; Veronique Morel; R. Tipper; Mat Williams
exclude,0.03,Impacts of Vegetation on the Decoupling between Air and Soil Temperatures across the Arctic,,2016,,1,Heather Kropp; M. Loranty; S. Natali; A. Kholodov; Benjamin W. Abbott; J. Abermann; E. Blanc‐Betes; D. Blok; G. Blume‐Werry; J. Boike; Charlie Cahoon; C. Christiansen; E. Euskirchen; G. Frost; M. Goeckede; L. Gough; J. Hjorth; T. T. Hoje; B. Jones; T. Jorgenson; I. Juszak; S. Kokelj; M. Lund; P. Lafleur; S. Mamet; M. Mauritz; A. Michelsen; I. Myers-Smith; J. O’Donnell; D. Olefeldt; G. Phoenix; A. Rocha; B. Sannel; G. Schaepman‐Strub; O. Sonnentag; K. Tape; Torn; L. Vaughn; M. Sorensen; Mat Williams; C. Wilson
exclude,0.03,Carbon cycling of European croplands,,2013,,1,A. Revill; O. Sus; B. Barrett; Mat Williams
exclude,0.03,Estimating the Spatial Exchange of Carbon through the Assimilation of Earth Observation Derived Products using an Ensemble Kalman Filter,IEEE International Geoscience and Remote Sensing Symposium,2008,10.1109/igarss.2008.4779532,1,M. D. Kauwe; T. Quaife; Philip Lewis; M. Disney; Mat Williams
exclude,0.03,Quantifying the Magnitude and Uncertainty of Wetland CH4 Emissions Through the 21st Century Using Satellite Data and Climate Model Analyses,,2010,,1,A. A. Bloom; P. Palmer; D. Reay; A. Fraser; C. Frankenberg
exclude,0.03,Improved Regional CO 2 Flux Estimates from OCO-2 v9 Retrievals,,2019,,1,S. Crowell; D. Baker; A. Jacobson; S. Basu; Junjie Liu; A. Schuh; F. Chevallier; F. Deng; Liang Feng; A. Chatterjee
exclude,0.03,3.4 Assimilating specific humidity observations with Local Ensemble Transform Kalman Filter,,2006,,1,Junjie Liu; E. Kalnay
exclude,0.03,Mapping and quantification of medium-scale ammonia plumes from HyTES observations on the high-altitude ER-2 flights,Remote Sensing of Environment,2026,10.1016/j.rse.2026.115400,1,L. Kuai; Olga V. Kalashnikova; Huikyo Lee; K. Cady-Pereira; Glynn Hulley; William C. Porter; Frank Werner; Francesca M Hopkins; Vivienne H. Payne; K. W. Bowman
exclude,0.03,RNA Sequencing Analysis Reveals the Potential Therapeutic Mechanisms of Huzhang Tongfeng Granule in MSU-induced Acute Gouty Arthritis Mouse Model,Pharmacological Research - Modern Chinese Medicine,2023,10.1016/j.prmcm.2023.100217,1,Siting Chen*; Lei Wei; Dan Yang; L. Kuai; Ying Luo; Ruiping Wang; Yan-Wei Xiang; Bin Li; Wanchun Wang; Min Zhou; Jiankun Song
exclude,0.03,Identification of the Potential Mechanisms of Huzhang Tongfeng Granules Against Acute Gouty Arthritis Through Network Pharmacology and in Vivo Analysis,Social Science Research Network,2022,10.2139/ssrn.4093996,1,Mi Zhou; Ying Zhang; Zhan Zhang; Xiao-jie Ding; Yue Luo; Xiao-ya Fei; Jiankun Song; Dan-Zhou Yang; Siting Chen*; Bin Li; L. Kuai
exclude,0.03,Intraseasonal variations of the tropical total O3 and its connection to the MJO,,2006,,1,Y. Yung; B. Tian; D. Waliser; T. Tyranowski; L. Kuai
exclude,0.03,Methane and Nitrous Oxide Budgets for Australasia: A Regional Assessment of Natural and Anthropogenic Sources and Sinks,Global Biogeochemical Cycles,2025,10.1029/2024gb008484,1,Yohanna Villalobos; J. Canadell; Elizabeth D. Keller; Peter R. Briggs; P. Ford; I. Harman; Timothy W. Hilton; A. Hogikyan; R. Lauerwald; D. Maher; Adrien Martinez; N. Pan; B. Poulter; L. Resplandy; J. Rosentreter; M. Saunois; H. Tian; J. Yeo; Zhen Zhang
exclude,0.03,Large discrepancy between observations and simulations: Implications for urban air quality in China,,2022,,1,Xiaokang Chen; Min Wang; Zhe Jiang; Yuqiang Zhang; Li Zhou; Jane Liu; H. Liao; H. Worden; Tai-Long He; Dylan Jones; Dongyang Chen; Q. Tan; Yanan Shen
exclude,0.03,Observations of atmospheric composition in fire plumes over the Western United States in summertime from the Cross-Track Infrared Sounder,,2019,,1,V. Payne; S. Kulawik; E. Fischer; K. Bowman; H. Worden; G. Francis; K. Cady-Pereira; F. Flocke; J. Lindaas; I. Pollack; T. Campos
exclude,0.03,Linking the variability of atmospheric carbon monoxide to climate modes in the Southern Hemisphere,,2017,,1,R. Buchholz; S. Monks; D. Hammerling; H. Worden; M. Deeter; L. Emmons; D. Edwards
exclude,0.03,Emissions in Canada using ECCC Surface and GOSAT Satellite,,2021,,0,Sabour Baray; D. Jacob; J. Maasakkers; J. Sheng; M. Sulprizio; Dylan B. A. Jones; A. Bloom; R. McLaren
exclude,0.03,Recent advances and ongoing developments of the CARbon DAta MOdel framework (CARDAMOM),,2018,,0,J. Exbrayat; A. Bloom; T. Smallman; Mat Williams
exclude,0.03,Role of Climate Variability and Land Use on Fire Emissions of Carbon gasses in the 21rst Century,,2018,,0,J. Worden; A. Bloom; D. Schimel; K. Bowman; Junjie Liu; S. Saatchi
exclude,0.03,Contribution of tropical wetland and biomass burning emissions to the methane growth rate: new insights from lower tropospheric partial column retrievals,,2017,,0,Yi Yin; J. Worden; A. Bloom; C. Frankenberg
exclude,0.03,Impact of the 2015 El Niño on the Indonesian carbon balance: implications for carbon mitigation,,2016,,0,K. Bowman; J. Liu; A. Bloom; N. Parazoo; M. Lee; T. Walker; D. Menemenlis; Z. Jiang; M. Gierach; K. Gurney
exclude,0.03,Quantifying lower tropospheric methane concentrations using near-IR and thermal IR satellite measurements: comparison to the GEOS-Chem model,,2015,10.5194/amtd-8-3851-2015,0,J. Worden; A. Turner; A. Bloom; S. Kulawik; Junjie Liu; Meemong Lee; R. Weidner; K. Bowman; C. Frankenberg; R. Parker; V. Payne
exclude,0.03,OCO-2 observations of Africa fire CO 2 emissions,,2015,,0,A. Bloom; J. Worden; A. Eldering; H. Worden; J. Liu; Z. Jiang; M. Lee; K. Bowman
exclude,0.03,Waking Before the Snow Melts: Detecting the Spring Transition in Evergreen Needleleaf Forests,Bulletin of the Ecological Society of America,2024,10.1002/bes2.2185,0,Z. Pierrat; T. S. Magney; A. Maguire; Logan Brissette; Russell Doughty; D. Bowling; Barry A Logan; N. Parazoo; C. Frankenberg; Jochen Stutz
exclude,0.03,"Supplementary material to ""A Model for Urban Biogenic CO2 Fluxes: Solar-Induced
Fluorescence for Modeling Urban biogenic Fluxes (SMUrF v1)""",,2020,10.5194/gmd-2020-301-supplement,0,Dien Wu; John C. Lin; H. Duarte; V. Yadav; N. Parazoo; T. Oda; E. Kort
exclude,0.03,"High-Resolution Urban Vegetation Classification for Biospheric CO 2 Flux Quantification in Los Angeles, California",,2019,,0,R. W. Coleman; E. N. Stavros; V. Yadav; K. Verhulst; N. Parazoo
exclude,0.03,SIF Comparisons of TROPOMI Data with GOME-2 over Tropical Regions,,2018,,0,Y. Yoshida; J. Joiner; P. Köhler; C. Frankenberg; L. Guanter; N. Parazoo
exclude,0.03,Lawrence Berkeley National Laboratory Recent Work Title Assessing fossil fuel CO 2 emissions in California using atmospheric observations and models,,2018,,0,H. Graven; M. Fischer; T. Lueker; S. Jeong; T. Guilderson; R. Keeling; R. Bambha; K. Brophy; Callahan; X. Cui; C. Frankenberg; K. Gurney; B. LaFranchi; S. Lehman; H. Michelsen; J. Miller; S. Newman; W. Paplawsky; N. Parazoo; C. Sloop; S. Walker
exclude,0.03,Year-round Regional CO2 Fluxes from Boreal and Tundra Ecosystems in Alaska,,2016,,0,R. Commane; J. Lindaas; J. Benmergui; K. Luus; R. Chang; B. Daube; E. Euskirchen; J. Henderson; A. Karion; John B. Miller; Scot M. Miller; N. Parazoo; J. Randerson; C. Sweeney; P. Tans; K. Thoning; S. Veraverbeke; C. Miller; S. Wofsy
exclude,0.03,A Pilot Study to Evaluate California's Fossil Fuel CO 2 Emissions Using Atmospheric Observations,,2016,,0,H. Graven; M. Fischer; T. Lueker; T. Guilderson; K. Brophy; R. Keeling; T. Arnold; R. Bambha; W. Callahan; J. Campbell; X. Cui; C. Frankenberg; Y. Hsu; L. Iraci; Seongeun Jeong; Jooil Kim; B. LaFranchi; S. Lehman; A. Manning; H. Michelsen; John B. Miller; S. Newman; B. Paplawsky; N. Parazoo; C. Sloop; S. Walker; M. Whelan; D. Wunch
exclude,0.03,"CARVE: Monthly Atmospheric CO2 Concentrations (2009-2013) and Modeled Fluxes, Alaska",,2016,10.3334/ornldaac/1325,0,N. Parazoo; R. Commane; S. Wofsy; C. Koven; C. Sweeney; D. Lawrence; J. Lindaas; R. Chang; C. Miller
exclude,0.03,Comparing observations of fossil fuel-derived CO 2 in California with predictions from bottom-up inventories,,2015,,0,H. Graven; T. Lueker; M. Fischer; T. Guilderson; R. Keeling; K. Brophy; T. Arnold; R. Bambha; W. Callahan; J. Campbell; C. Frankenberg; Y. Hsu; L. Iraci; Seongeun Jeong; J. Kim; B. LaFranchi; S. Lehman; A. Manning; H. Michelsen; J. Miller; S. Newman; N. Parazoo; C. Sloop; S. Walker; M. Whelan; D. Wunch
exclude,0.03,Can terrestrial biosphere models capture the response of atmospheric CO2 growth rate to ENSO,,2014,,0,Yuanyuan Fang; A. Michalak; C. Schwalm; D. Huntzinger; Y. Wei; R. Cook; K. Schaefer; A. Jacobson; P. Ciais; J. Fisher; D. Hayes; Maoyi Huang; A. Ito; A. Jain; H. Lei; Chaoqun Lu; F. Maignan; J. Mao; N. Parazoo; S. Peng; B. Poulter; D. Ricciuto; Xiaoying Shi; H. Tian; N. Zeng; F. Zhao; Weile Wang
exclude,0.03,"Moist synoptic transport of carbon dioxide along midlatitude storm tracks, transport uncertainty, and implications for carbon dioxide flux estimation",,2011,,0,N. Parazoo
exclude,0.03,A comprehensive carbon dioxide analysis system for estimating CO2 emissions,,2010,,0,A. Denning; N. Parazoo; R. Lokupitiya; D. Baker
exclude,0.03,Vegetation Phenology as a Constraint on Global Surface-Atmosphere Exchange,,2010,,0,K. Hemes; I. Baker; N. Parazoo; R. Stöckli; A. Denning
exclude,0.03,A machine learning approach to produce a continuous solar-induced chlorophyll ﬂuorescence dataset for understanding Ocean productivity,,,,0,N. Madani; N. Parazoo; M. Manizza; Abhishek Chatterjee; D. Carroll; D. Menemenlis; V. L. Fouest; Atsushi Matsuoka; Kelly M. Luis; Camila Serra‐Pompei; C. E. Miller; C. Pompei
exclude,0.03,Water availability has stronger effects on West Nile virus dynamics in water-limited regions,bioRxiv,2026,10.64898/2026.05.29.728787,0,S. Sambado; Andrew J. MacDonald; A. Konings; E. Mordecai
exclude,0.03,Lightning-Caused Wildfires are 80 Percent More Likely Under Dry Vegetation,EOS,2023,10.1029/2023eo235021,0,K. Rao; N. Diffenbaugh; A. Konings; A. P. Williams; M. Yebra; C. Bryant
exclude,0.03,Impacts of 2015-2016 El Nino on Seasonal and Diurnal Canopy Water Content of the Amazon Rainforest,,2019,,0,S. Saatchi; Yifan Yu; Liang Xu; Yan Yang; A. Konings; O. Binks; P. Meir
exclude,0.03,Interactive comment on “Estimating time-dependent vegetation biases in the SMAP soil moisture product” by Simon Zwieback et al,,2018,,0,A. Konings
exclude,0.03,Effects of Land Use Change on Soil Moisture Dynamics in Tropical Peatlands,,2018,,0,G. Rodriguez; N. Dadap; A. Hoyt; A. Konings
exclude,0.03,Evapotranspiration in the Congo Basin determined by a remotely sensed water balance,,2018,10.7490/f1000research.1117534.1,0,Michael W. Burnett; G. R. Quetin; A. Konings
exclude,0.03,Influence of plant hydraulics on evapotranspiration across climate and land cover types,,2018,,0,Yanlan Liu; A. Konings; X. Feng; Mukesh Kumar
exclude,0.03,Vegetation optical depth measured by microwave radiometry as an indicator of tree mortality risk,,2017,,0,K. Rao; W. Anderegg; A. Sala; J. Martínez‐Vilalta; A. Konings
exclude,0.03,Using observations to evaluate biosphere-atmosphere interactions in models,,2017,,0,Julia K Green; A. Konings; S. H. Alemohammad; P. Gentine
exclude,0.03,Validation of Large-Scale Geophysical Estimates Using In Situ Measurements with Representativeness Error,,2015,,0,A. Konings; A. Gruber; K. McColl; S. H. Alemohammad; D. Entekhabi
exclude,0.03,Global Evaporation Estimates from SMAP Passive Microwave Soil Moisture Retrievals Using Conditional Sampling.,,2015,,0,M. Vreugdenhil; D. Entekhabi; A. Konings; G. Salvucci; P. Hogan
exclude,0.03,"Supplementary material to ""Satellite soil moisture data assimilation impacts on modeling weather variables and ozone in the southeastern US – Part 2: Sensitivity to dry deposition parameterizations""",,2022,10.5194/acp-2021-1068-supplement,0,Min Huang; J. Crawford; G. Carmichael; K. Bowman; Sujay V. Kumar; C. Sweeney
exclude,0.03,"Supplementary material to ""An updated tropospheric chemistry reanalysis and emission estimates, TCR-2, for 2005–2018""",,2020,10.5194/essd-2020-30-supplement,0,K. Miyazaki; K. Bowman; T. Sekiya; H. Eskes; F. Boersma; H. Worden; N. Livesey; V. Payne; K. Sudo; Y. Kanaya; M. Takigawa; K. Ogochi
exclude,0.03,"Supplementary material to ""Satellite soil moisture data assimilation impacts on modeling weather and ozone in the southeastern US – part I: an overview""",,2020,10.5194/acp-2020-499-supplement,0,Min Huang; J. Crawford; J. Digangi; G. Carmichael; K. Bowman; Sujay V. Kumar; X. Zhan
exclude,0.03,Attributing Methane and Ozone Radiative Forcing to Changes in Precursor Emissions: Constraints on Atmospheric Oxidation from Multiple Satellite Instruments and Adjoint Sensitivity Analysis,,2015,,0,T. Walker; K. Bowman; J. Liu; Z. Jiang; L. Lamsal; A. Turner
exclude,0.03,Empirically Derived Sensitivity of Vegetation to Climate Across the Globe,,2015,,0,G. R. Quetin
exclude,0.03,"Resolving scale-variance in the carbon dynamics of fragmented, mixed-use landscapes estimated using Model-Data Fusion",,2022,,0,D. Milodowski; T. Smallman; Mat Williams
exclude,0.03,Interactive comment on “Landsat NIR band and ELM-FATES sensitivity to forest disturbances and regrowth in the Central Amazon” by Robinson I. Negrón-Juárez et al,,2020,,0,Mat Williams
exclude,0.03,Carbon economics of LAI drive photosynthesis patterns across an Amazonian precipitation gradient,,2017,,0,Sophie Flack; Mat Williams; P. Meir; Y. Malhi
exclude,0.03,"This is the peer reviewed version of the following article: Macinnis-Ng Catriona et al. 2011, 'Applying a SPA model to examine the impact of climate change on GPP of open woodlands and the potential for woody thickening', Wiley",,2014,,0,C. Macinnis-Ng; M. Zeppel; Mat Williams; D. Eamus
exclude,0.03,Quantifying carbon stocks for REDD+ implementation in Kilwa District,,2014,,0,Iain M. McNicol; Mat Williams; C. Ryan
exclude,0.03,"‘Forests, instruments and ideas’ – a tribute to John Grace's career",,2013,10.1080/17550874.2013.781245,0,P. Meir; Maurizio Mencuccini; Mat Williams; F. Magnani
exclude,0.03,Radar backscatter and forest biomass,,2012,,0,Mat Williams; S. Quegan; T. Letoan; H. Shugart
exclude,0.03,Measuring and Modelling the Carbon Balance of Pinus palustris Savannas,,2011,,0,J. Wright; Mat Williams; R. Mitchell; G. Starr; J. McGee; A. Whelan
exclude,0.03,"Using model-data fusion to characterise confidence in 1 parameterizations , analyses and forecasts of terrestrial C dynamics 2 3",,2010,,0,A. Fox; Mat Williams; A. Richardson; D. Cameron; 4. JeffreyH.; Gove; T. Quaife; D. Ricciuto; M. Reichstein; E. Tomelleri; 5. Cathy; Trudinger; M. Wijk
exclude,0.03,Modelling productivity in a mixed C3 and C4 Australian savanna using a soil-plant-atmosphere model,,2010,,0,C. Macinnis‐Ng; Rhys Whitley; L. Hutley; J. Beringer; M. Zeppel; Mat Williams; B. Medlyn; D. Eamus
exclude,0.03,Corrigendum to: An analysis of the sensitivity of sap flux to soil and plant variables assessed for an Australian woodland using a soil-plant-atmosphere model.,Functional Plant Biology,2009,10.1071/fp08114_co,0,M. Zeppel; C. Macinnis-Ng; A. Palmer; Daniel Taylor; Rhys Whitley; S. Fuentes; I. Yunusa; Mat Williams; D. Eamus
exclude,0.03,Author ' s personal copy Assimilating canopy reflectance data into an ecosystem model with an Ensemble Kalman Filter,,2008,,0,T. Quaife; Philip Lewis; M. D. Kauwe; Mat Williams; B. Law; M. Disney; P. Bowyer
exclude,0.03,Meso-Scale Variability of Soils and Forest Canopy Properties is Connected to Geomorphologic Features in Eastern Amazonia,2006 IEEE International Symposium on Geoscience and Remote Sensing,2006,10.1109/igarss.2006.177,0,Y. Shimabukuro; L. Aragão; Mat Williams
exclude,0.03,Geo-spatial data integration for mapping landscape units in the Tapajós region,,2005,,0,L. Aragão; Y. Shimabukuro; F. Espírito-Santo; Mat Williams
exclude,0.03,Structural and physiological changes with forest stand age: A modeling approach.,,2004,,0,A. Julian; K. George; T. Pypker; K. Bible; J. Kerrigan; Mat Williams; J. Bond
exclude,0.03,Investigating the potential impacts of global change on plant-canopy processes,,1997,,0,Mat Williams; B. Edward
exclude,0.03,Titan’s mid-latitude surface region from Cassini/VIMS data: Implications on the composition,,2017,,0,A. Solomonidou; A. Coustenis; Rosaly M. C. Lopes; M. Malaska; S. Rodriguez; P. Drossart; C. Elachi; B. Schmitt; S. Philippe; M. Janssen; M. Hirtzig; S. Wall; K. Lawrence; N. Altobelli; E. Bratsolis; J. Radebaugh; K. Stephan; Robert H. Brown; S. Mouélic; A. L. Gall; E. Villanueva; A. A. Bloom; O. Witasse; C. Matsoukas; A. Schoenfeld
exclude,0.03,Satellite Based Estimation of Global Biogenic Methane Emissions,,2011,,0,A. A. Bloom
exclude,0.03,Interactive comment on “ Carbon Monitoring System Flux Net Biosphere Exchange 2020 ( CMS-Flux NBE 2020 ) ” by Junjie,,2020,,0,Junjie Liu
exclude,0.03,Integrated Understanding of Global Carbon and Other Biogeochemical Cycles and Their Feedbacks in CMIP6 I Posters,,2019,,0,F. Hoffman; Junjie Liu; C. Koven; J. Russell
exclude,0.03,How much can atmospheric data tell us about the North American land sink,,2018,,0,S. Feng; T. Lauvaux; K. Keller; M. Butler; K. Davis; A. Schuh; A. Jacobson; S. Basu; D. Baker; Junjie Liu; C. Williams; Yu Zhou; Liza I. Díaz-Isaac; T. Oda; K. Gurney; A. Andrews
exclude,0.03,Interpreting OCO-2 Constrained CO2 Surface Flux Estimates Through the Lens of Atmospheric Transport Uncertainty.,,2017,,0,A. Schuh; A. Jacobson; S. Basu; B. Weir; D. Baker; K. Bowman; F. Chevallier; S. Crowell; F. Deng; S. Denning; Liang Feng; Junjie Liu
exclude,0.03,The interaction of the flux errors and transport errors in modeled atmospheric carbon dioxide concentrations,,2017,,0,S. Feng; T. Lauvaux; M. Butler; K. Keller; K. Davis; A. Jacobson; A. Schuh; S. Basu; Junjie Liu; D. Baker; S. Crowell; Yu Zhou; C. Williams
exclude,0.03,Diver Down: Remote Sensing of Carbon Climate Feedbacks,,2016,,0,D. Schimel; A. Chatterjee; D. Baker; S. Basu; A. Denning; A. Schuh; S. Crowell; A. Jacobson; K. Bowman; Junjie Liu; C. O’Dell
exclude,0.03,Contribution of Lower Troposphere Dynamics to Uncertainty of Satellite-Derived Surface CO 2 Fluxes,,2016,,0,T. Lauvaux; M. Butler; Junjie Liu; K. Davis; K. Bowman; S. Feng; C. Sweeney; A. Andrews; P. Wennberg
exclude,0.03,A case study of reliability ensemble averaging for terrestrial biosphere simulators,,2013,,0,C. Schwalm; D. Huntzinger; J. Fisher; Junjie Liu; K. Bowman; G. Block; M. Sikka
exclude,0.03,Evaluating the Impact of AIRS Mid-Troposphere CO2 on the Tropical Surface CO2 Flux Estimation,,2012,,0,Junjie Liu; K. Bowman; D. Henze; E. Olsen
exclude,0.03,Germacrone promotes diabetic ulcer healing via Hedgehog pathway activation.,International Immunopharmacology,2026,10.1016/j.intimp.2026.117100,0,Yunxi Cai; Qing-Kai Liu; Qiu-Yang Huang; L. Kuai; Ying Luo; Jiankun Song; Ying Zhang; Haotian Xu; Ruiping Wang; Y. Ru; Dan Yang; Bin Li; Xiao-Xuan Ma; Zhan Zhang
exclude,0.03,Cell-Type-Resolved Acetylation Regulator Atlas Defines Immune Endotypes and Druggable Vulnerabilities in Psoriasis,Biomedicines,2026,10.3390/biomedicines14040804,0,Mengji Xie; Xiaoxuan Ma; Ying Zhang; L. Kuai; Ying Luo; Jiankun Song; Xiao-jie Ding; Y. Ru; Yue Luo; Xiao-ya Fei; Seokgyeong Hong; Guoshu Deng; Yonghua Su; Ruiping Wang*; Bin Li; Yanwei Xiang; Miao Li; Mi Zhou
exclude,0.03,Synthesis of N-Doped Hierarchical Porous Carbon and its Adsorption Capacity for Acid Orange 74,,2021,10.11901/1005.3093.2020.427,0,Moxin Yu; L. Kuai; Liang Wang; Chen Zhang; Xiaoting Wang; Qihou Chen
exclude,0.03,Gene Set Enrichment Analysis and Ingenuity Pathway Analysis to verify the impact on Wnt Signaling Pathway in Taodan Granules Treated Psoriasis,,2021,10.21203/rs.3.rs-764083/v1,0,Ying Luo; Ying Zhang; Shuang-Yi Yin; Yue Luo; Xiao-jie Ding; Y. Ru; Meng Xing; Fei Xiaoya; Jiankun Song; Hui-Ping Zhang; Tai-yi Liu; Li Bin; L. Kuai
exclude,0.03,Corrigendum to “Absorption coefficient (ABSCO) tables for the Orbiting Carbon Observatories: Version 5.1” [J. Quant. Spectrosc. Radiat. Transf. 255 (2020) 107217],,2020,10.1016/j.jqsrt.2020.107333,0,V. Payne; B. Drouin; F. Oyafuso; L. Kuai; B. Fisher; K. Sung; D. Nemchick; T. Crawford; M. Smyth; D. Crisp; E. Adkins; J. Hodges; D. Long; E. Mlawer; A. Merrelli; E. Lunny; C. O’Dell
exclude,0.03,The Improvement of the Air Quality due to Traffic Halting in Los Angeles and Potential Health Care Risk during the COVID-19 Outbreak.,,2020,,0,Jiani Yang; Yuan Wang; Joseph P. Pinto; L. Kuai; King‐Fai Li; S. Sander; Y. Yung
exclude,0.03,A31N-03: Lower-Tropospheric CO2 from Near-Infrared ACOS-GOSAT Observations,,2016,,0,S. Kulawik; C. O’Dell; V. Payne; L. Kuai; H. Worden; C. Sweeney; S. Biraud; L. Iraci; E. Yates; Tomoak Tanaka
exclude,0.03,"Improved Ozone and Carbon Monoxide Profile Retrievals Using Multispectral Measurements from NASA ""A Train"", NPP, and TROPOMI Satellites",,2015,,0,D. Fu; K. Bowman; S. Kulawik; K. Miyazaki; J. Worden; H. Worden; N. Livesey; V. Payne; M. Luo; V. Natraj; P. Veefkind; I. Aben; J. Landgraf; L. Flynn; Y. Han; X. Liu; L. Strow; L. Kuai
exclude,0.03,Pressure Line Broadening and Feasibility of CO_2 Profile Retrieval using Near Infrared Observations of an Absorption Line,,2013,,0,R. Shia; L. Kuai; M. Line; J. Trauger; Y. Yung
exclude,0.03,Estimates of boundary layer CO2 by combining TCCON and TES data,,2012,,0,L. Kuai; J. Worden; S. Kulawik; K. Bowman; C. Frankenberg; E. Olsen; D. Wunch; R. Shia; B. Connor; C. Miller; Y. Yung
exclude,0.03,I: Retrieval of Atmospheric Carbon Dioxide from High-Resolution Spectra. II: Interannual Variability of the Stratospheric Quasi-Biennual Oscillation,,2011,10.7907/6821-e823.,0,L. Kuai
exclude,0.03,Source Attribution of Near-surface Ozone in the Western US: Improved Estimates by TF HTAP2 Multi-model Experiment and Multi-scale Chemical Data Assimilation,,2014,,0,Min Huang; K. Bowman; G. Carmichael; Meemong Lee; R. Park; D. Henze; T. Chai; J. Flemming; M. Lin; A. Weinheimer; A. Wisthaler; D. Jaffe
exclude,0.03,Characterizing information content in a high dimensional variational inversion system of trace gas fluxes,,2013,,0,N. Bousserez; D. Henze; W. A. Perkins; F. Deng; Dylan B. A. Jones; Meemong Lee; J. Liu; K. Bowman
exclude,0.03,Decadal-Scale Vegetation Change Driven by Salinity at Leading Edge of Rising Sea Level,Ecosystems,2019,10.1007/s10021-019-00382-w,0,P. Taillie; C. Moorman; B. Poulter; M. Ardón; R. Emanuel
exclude,0.03,Airborne Emission Spectrometer,Fourier Transform Spectroscopy,2022,10.1364/fts.1997.ftud.3,0,D. Rider; R. Beer; H. Worden
exclude,0.03,Developing Multi-scale Modeling Over Australia for the 2019/2020 Extreme Wildfire Season,,2021,10.1002/essoar.10509677.2,0,R. Buchholz; Wenfu Tang; L. Emmons; S. Tilmes; P. Callaghan; H. Worden; D. Jo
exclude,0.03,Measurements of Pollution in the Troposphere (MOPITT) Observations from EOS/Terra,Handbook of Air Quality and Climate Change,2021,10.1007/978-981-15-2527-8_61-1,0,J. Drummond; H. Worden
exclude,0.03,Lightning NO<sub>x</sub> emissions over the USA constrained by TES ozone observations and the GEOS-Chem model,,2021,,0,L. Jourdain; S. Kulawik; H. Worden; K. Pickering; J. Worden; M. A.; Thompson
exclude,0.03,"Perspectives on atmospheric carbon monoxide, an attempt to disentangle errors from chemistry and emissions using multiple satellites and assimilation frameworks",,2019,,0,B. Gaubert; M. Trudeau; S. Basu; A. Gambacorta; K. Raeder; L. Emmons; S. Tilmes; H. Worden
exclude,0.03,Carbon Monoxide ( CO ) retrievals over urban regions 1 2,,2019,,0,Wenfu Tang; H. Worden; M. Deeter; D. Edwards; K. Louisa; Emmons; S. Martínez-Alonso; B. Gaubert; R. Buchholz; S. Glenn; Diskin; R. Dickerson; Y. Kondo
exclude,0.03,Terra Trends: A Global Slowdown in Decreasing Atmospheric CO and the Regional Interpretation Using AOD,,2019,10.1002/essoar.10501638.1,0,R. Buchholz; H. Worden; Mijeong Park; M. Deeter; D. Edwards; G. Francis; B. Gaubert; S. Martínez-Alonso; Wenfu Tang; M. Chin; R. Levy
exclude,0.03,"Supplementary material to ""Validation of MOPITT Carbon Monoxide (CO) retrievals over urban regions""",,2019,10.5194/amt-2019-419-supplement,0,Wenfu Tang; H. Worden; M. Deeter; D. Edwards; L. Emmons; S. Martínez-Alonso; B. Gaubert; R. Buchholz; G. Diskin; R. Dickerson; Yutaka Kondo
exclude,0.03,"Carbon monoxide budget during KORUS-AQ, first joint assimilation of NUCAPS CrIS and MOPITT CO retrievals",,2018,,0,B. Gaubert; K. Raeder; A. Gambacorta; L. Emmons; N. Collins; Jeffrey L. Anderson; S. Tilmes; W. Tang; A. Arellano; H. Worden; D. Edwards; K. Miyazaki; R. Buchholz
exclude,0.03,Lawrence Berkeley National Laboratory Recent Work Title Chemical Feedback From Decreasing Carbon Monoxide Emissions Permalink,,2018,,0,B. Gaubert; H. Worden; A. Arellano; L. Emmons; S. Tilmes; J. Barré; S. M. Alonso; F. Vitt; J. Anderson; F. Alkemade; S. Houweling; D. Edwards
exclude,0.03,"Supplementary material to ""Satellite Data Reveals a Common Combustion Emission Pathway for Major Cities in China""",,2018,10.5194/acp-2018-1121-supplement,0,Wenfu Tang; A. Arellano; B. Gaubert; K. Miyazaki; H. Worden
exclude,0.03,"Diagnostics of tropospheric oxidants using global modeling, data assimilation and aircraft observations",,2018,,0,B. Gaubert; A. Arellano; W. Tang; L. Emmons; K. Miyazaki; H. Worden; S. Tilmes; F. Vitt; K. Raeder; N. Collins; Jeffrey L. Anderson; D. Edwards
exclude,0.03,Regional Anomalies of MOPITT Satellite-measured Carbon Monoxide,,2017,10.5065/d61n7zx4,0,R. Buchholz; H. Worden
exclude,0.03,Tropospheric ozone observations – How well can we assess tropospheric ozone changes?,,2017,,0,D. Tarasick; J. Ziemke; Meiyun Lin; Junhua Liu; M. Schultz; C. Vigoroux; T. Leblanc; Xiuying Liu; M. Granados-Muñoz; J. Stähelin; H. Worden; W. Osman; J. Hannigan; I. Petropavlovskikh; G. Dufour; O. García; O. Cooper; J. Cuesta; G. Ancellet; Thouret; A. Thompson; T. Wallington; P. Zanis; G. Foret; M. Steinbacher; I. Galbally
exclude,0.03,Are the CCMI Emission Trends Consistent with MOPITT CO Observations,,2016,,0,S. Strode; H. Worden; S. Strahan
exclude,0.03,Ozone instantaneous longwave radiative effect from IASI and TES observations,,2016,,0,Stamatia Doniki; D. Hurtmans; L. Clarisse; C. Clerbaux; P. Coheur; H. Worden; K. Bowman; J. Lamarque; Andrew J. Conley; D. Shindell; Faluvegi Greg
exclude,0.03,1 Interpreting Space-Based Trends in Carbon Monoxide 1 with Multiple Models 2 3,,2016,,0,S. Strode; H. Worden; M. Damon; A. Douglass; N. Bryan; Duncan; L. Emmons; J. Lamarque; M. Manyin; D. Luke; Oman; José M. Rodríguez; S. Strahan; S. Tilmes
exclude,0.03,Changing distributions of carbon monoxide (CO) from climate and land use driven fire patterns,,2016,,0,H. Worden
exclude,0.03,Interpreting Space-Based Trends in Carbon Monoxide 1 2,,2016,,0,S. Strode; H. Worden; M. Damon; A. Douglass; Duncan; L. Emmons; J. Lamarque; M. Manyin; Oman; José M. Rodríguez; S. Strahan; S. Tilmes
exclude,0.03,Toward a Multi-Decadal Record of Satellite CO from MOPITT to Suomi NPP/CrIS: Overview and Initial Results,,2016,,0,G. Francis; K. Cady-Pereira; H. Worden; M. Shephard; D. Fu
exclude,0.03,Distribution and time evolution of the ozone instantaneous longwave radiative effect from IASI and TES observations: Towards a new climate-relevant record.,,2015,,0,Stamatia Doniki; D. Hurtmans; L. Clarisse; C. Clerbaux; P. Coheur; H. Worden; K. Bowman
exclude,0.03,Limiting Factors for Satellite-Based Retrievals of Surface-Level Carbon Monoxide,,2015,,0,S. Martínez-Alonso; M. Deeter; H. Worden; J. Barré
exclude,0.03,Longwave radiative effect due to ozone (O3) estimated from IASI observations,,2014,,0,Stamatia Doniki; D. Hurtmans; L. Clarisse; C. Clerbaux; P. Coheur; H. Worden; K. Bowman
exclude,0.03,The atmospheric composition geostationary satellite constellation for air quality and climate science: Evaluating performance with Observation System Simulation Experiments,,2014,,0,D. Edwards; J. Barré; H. Worden; A. Arellano; B. Gaubert; Jeffrey L. Anderson; A. Mizzi; W. Lahoz
exclude,0.03,Benchmarking climate model top-of-atmosphere radiance in the 9.6 micron ozone band compared to TES and IASI observations,,2014,,0,H. Worden; K. Bowman; Andrew J. Conley; J. Lamarque; D. Shindell; C. Clerbaux; P. Coheur; Stamatia Doniki
exclude,0.03,"Constraining CO Emissions Using MOPITT, TES, and OMI Satellite Retrievals",,2014,,0,M. Keller; Dylan B. A. Jones; Z. Jiang; D. Henze; H. Worden
exclude,0.03,Space-based measurements of boundary-layer carbon monoxide,,2011,10.1117/2.1201011.003431,0,M. Deeter; H. Worden; D. Edwards; J. Gille
exclude,0.03,Interactive comment on “ Reviewing the development of a ground-based FTIR water vapour profile analysis ” by M . Schneider and F .,,2009,,0,F. Hase; H. Worden
exclude,0.03,Satellite Measurements of Vertically-Resolved Instantaneous Radiative Forcing from Tropospheric Ozone,,2008,,0,H. Worden; K. Bowman; A. Eldering; S. Kulawik
exclude,0.03,Quantifying variability in tropospheric ozone and carbon monoxide over the Southeastern United States in 2004-2005 using TES nadir measurements,,2005,,0,G. Osterman; K. Bowman; J. Worden; S. Kulawik; H. Worden; M. Luo; D. Rider; A. Eldering; R. Herman; B. Fisher; M. Gunson; R. Beer
exclude,0.03,Tropospheric Emission Spectrometer for the EOS Aura Satellite,,2001,,0,R. Beer; H. Worden
exclude,0.0,The Role of Millimeter-Wave Technologies in 5G/6G Wireless Communications,IEEE Journal of Microwaves,2021,10.1109/jmw.2020.3035541,787,W. Hong; Zhihao Jiang; Chao Yu; Debin Hou; Haiming Wang; Chong Guo; Yun Hu; L. Kuai; Yingrui Yu; Zhengbo Jiang; Zhe Chen; Jixin Chen; Zhiqiang Yu; Jianfeng Zhai; Nianzu Zhang; Ling Tian; Fan Wu; Guangqi Yang; Z. Hao; J. Zhou
exclude,0.0,Extensive global wetland loss over the past three centuries,Nature,2023,10.1038/s41586-022-05572-6,774,Etienne Fluet‐Chouinard; B. Stocker; Zhen Zhang; A. Malhotra; J. Melton; B. Poulter; J. Kaplan; K. K. Goldewijk; S. Siebert; T. Minayeva; G. Hugelius; H. Joosten; A. Barthelmes; C. Prigent; F. Aires; A. Hoyt; N. Davidson; C. Finlayson; B. Lehner; R. B. Jackson; P. McIntyre
exclude,0.0,The global distribution and dynamics of surface soil moisture,,2017,10.1038/ngeo2868,486,K. McColl; S. H. Alemohammad; R. Akbar; A. Konings; S. Yueh; D. Entekhabi
exclude,0.0,Extended triple collocation: Estimating errors and correlation coefficients with respect to an unknown target,,2014,10.1002/2014gl061322,369,K. McColl; J. Vogelzang; A. Konings; D. Entekhabi; M. Piles; A. Stoffelen
exclude,0.0,Microenvironment‐Based Diabetic Foot Ulcer Nanomedicine,Advancement of science,2022,10.1002/advs.202203308,362,Fang Huang; Xiangyu Lu; Yan Yang; Yushan Yang; Yongyong Li; L. Kuai; Bin Li; Haiqing Dong; Jianlin Shi
exclude,0.0,Indonesian fire activity and smoke pollution in 2015 show persistent nonlinear sensitivity to El Niño-induced drought,Proceedings of the National Academy of Sciences of the United States of America,2016,10.1073/pnas.1524888113,361,R. Field; G. R. van der Werf; T. Fanin; E. Fetzer; R. Fuller; H. Jethva; R. Levy; N. Livesey; M. Luo; O. Torres; H. Worden
exclude,0.0,Large-Scale Controls of Methanogenesis Inferred from Methane and Gravity Spaceborne Data,Science,2010,10.1126/science.1175176,358,A. A. Bloom; P. Palmer; A. Fraser; D. Reay; C. Frankenberg
exclude,0.0,Global variations in ecosystem‐scale isohydricity,Global Change Biology,2017,10.1111/gcb.13389,319,A. Konings; P. Gentine
exclude,0.0,TransCom model simulations of hourly atmospheric CO2: Analysis of synoptic‐scale variations for the period 2002–2003,,2008,10.1029/2007gb003081,316,P. Patra; R. Law; W. Peters; C. Rödenbeck; M. Takigawa; C. Aulagnier; I. Baker; D. Bergmann; P. Bousquet; J. Brandt; L. Bruhwiler; P. Cameron-smith; J. Christensen; F. Delage; A. Denning; S. Fan; C. Geels; S. Houweling; R. Imasu; U. Karstens; S. Kawa; J. Kleist; M. Krol; Shian‐Jiann Lin; R. Lokupitiya; T. Maki; Shamil Maksyutov; Y. Niwa; R. Onishi; N. Parazoo; G. Pieterse; L. Rivier; M. Satoh; S. Serrar; S. Taguchi; R. Vautard; A. Vermeulen; Z. Zhu
exclude,0.0,Tropospheric emission spectrometer: retrieval method and error analysis,IEEE Transactions on Geoscience and Remote Sensing,2006,10.1109/tgrs.2006.871234,306,K. Bowman; C. Rodgers; S. Kulawik; J. Worden; E. Sarkissian; G. Osterman; T. Steck; M. Lou; A. Eldering; M. Shephard; H. Worden; M. Lampel; S. Clough; P. Brown; C. Rinsland; M. Gunson; R. Beer
exclude,0.0,Soil hydrology in the Earth system,Nature Reviews Earth & Environment,2022,10.1038/s43017-022-00324-6,298,H. Vereecken; W. Amelung; S. L. Bauke; H. Bogena; N. Brüggemann; C. Montzka; J. Vanderborght; M. Bechtold; G. Blöschl; A. Carminati; M. Javaux; A. Konings; Jürgen Kusche; I. Neuweiler; D. Or; S. Steele‐Dunne; A. Verhoef; M. Young; Yonggen Zhang
exclude,0.0,Rapid increases in tropospheric ozone production and export from China,,2015,10.1038/ngeo2493,295,W. Verstraeten; J. Neu; Jason E Williams; K. Bowman; John R. Worden; K. Boersma
exclude,0.0,Correlations between foliar δ15N and nitrogen concentrations may indicate plant-mycorrhizal interactions,Oecologia,2000,10.1007/pl00008856,295,E. Hobbie; S. Macko; Mat Williams
exclude,0.0,Evapotranspiration frequently increases during droughts,Nature Climate Change,2022,10.1038/s41558-022-01505-3,230,Meng Zhao; G. A; Yanlan Liu; A. Konings
exclude,0.0,Hydrological consequences of Eucalyptus afforestation in the Argentine Pampas,,2005,10.1029/2004wr003761,220,V. Engel; E. Jobbágy; M. Stieglitz; Mat Williams; R. B. Jackson
exclude,0.0,Gridded National Inventory of U.S. Methane Emissions.,Environmental Science and Technology,2016,10.1021/acs.est.6b02878,209,J. Maasakkers; D. Jacob; M. Sulprizio; A. Turner; M. Weitz; T. Wirth; C. Hight; M. DeFigueiredo; M. Desai; R. Schmeltz; L. Hockstad; A. Bloom; K. Bowman; Seongeun Jeong; M. Fischer
exclude,0.0,Comparisons of Tropospheric Emission Spectrometer (TES) ozone profiles to ozonesondes: Methods and initial results,,2007,10.1029/2006jd007258,201,H. Worden; J. Logan; J. Worden; R. Beer; K. Bowman; S. Clough; A. Eldering; B. Fisher; M. Gunson; R. Herman; S. Kulawik; M. Lampel; M. Luo; I. Megretskaia; G. Osterman; M. Shephard
exclude,0.0,Functional convergence in regulation of net CO2 flux in heterogeneous tundra landscapes in Alaska and Sweden,,2007,10.1111/j.1365-2745.2007.01259.x,192,G. R. Shaver; L. Street; E. Rastetter; M. Wijk; Mat Williams
exclude,0.0,Validation of Tropospheric Emission Spectrometer (TES) nadir ozone profiles,,2008,10.1029/2007jd008819,191,R. Nassar; J. Logan; H. Worden; I. Megretskaia
exclude,0.0,Predicted errors of tropospheric emission spectrometer nadir retrievals from spectral window selection,,2004,10.1029/2004jd004522,187,J. Worden; S. Kulawik; M. Shephard; S. Clough; H. Worden; K. Bowman; A. Goldman
exclude,0.0,Image processing software for imaging spectrometry data analysis,,1988,10.1016/0034-4257(88)90012-0,163,A. Mazer; Miki Martin; Meemong Lee; J. Solomon
exclude,0.0,"The MOPITT version 4 CO product: Algorithm enhancements, validation, and long‐term stability",,2010,10.1029/2009jd013005,144,M. Deeter; D. Edwards; J. Gille; L. Emmons; G. Francis; S. Ho; D. Mao; D. Masters; H. Worden; J. Drummond; P. Novelli
exclude,0.0,"What do you mean, ‘megafire’?",Global Ecology and Biogeography,2022,10.1111/geb.13499,139,G. Linley; C. Jolly; T. Doherty; William L. Geary; Dolors Armenteras; C. Belcher; Rebecca Bliege Bird; Andrea Duane; Michael‐Shawn Fletcher; M. Giorgis; A. Haslem; G. Jones; L. Kelly; Calvin K. F. Lee; R. Nolan; C. Parr; J. Pausas; J. Price; A. Regos; E. Ritchie; J. Ruffault; G. Williamson; Qianhan Wu; D. Nimmo; B. Poulter
exclude,0.0,Measured and modeled CO and NOy in DISCOVER-AQ: An evaluation of emissions and chemistry over the eastern US,,2014,10.1016/j.atmosenv.2014.07.004,134,Daniel C. Anderson; C. Loughner; G. Diskin; A. Weinheimer; T. Canty; R. Salawitch; H. Worden; A. Fried; T. Mikoviny; A. Wisthaler; R. Dickerson
exclude,0.0,Effects of the 2006 El Niño on tropospheric composition as revealed by data from the Tropospheric Emission Spectrometer (TES),,2008,10.1029/2007gl031698,127,J. Logan; I. Megretskaia; R. Nassar; L. Murray; Lin Zhang; K. Bowman; H. Worden; M. Luo
exclude,0.0,Single-atom catalysts-based catalytic ROS clearance for efficient psoriasis treatment and relapse prevention via restoring ESR1,Nature Communications,2023,10.1038/s41467-023-42477-y,125,Xiangyu Lu; L. Kuai; Fang Huang; Jingsi Jiang; Jiankun Song; Yiqiong Liu; Si Chen; Lijie Mao; Wei Peng; Ying Luo; Yongyong Li; Haiqing Dong; Bin Li; Jianlin Shi
exclude,0.0,Observed vertical distribution of tropospheric ozone during the Asian summertime monsoon,,2009,10.1029/2008jd010560,121,J. Worden; Dylan B. A. Jones; Jane Liu; M. Parrington; K. Bowman; I. Stajner; R. Beer; J. Jiang; V. Thouret; S. Kulawik; Juilin Li; S. Verma; H. Worden
exclude,0.0,Multiscale digital Arabidopsis predicts individual organ and whole-organism growth,Proceedings of the National Academy of Sciences of the United States of America,2014,10.1073/pnas.1410238111,117,Yin Hoon Chew; B. Wenden; A. Flis; Virginie Mengin; Jasper Taylor; C. Davey; C. Tindal; H. Thomas; H. Ougham; P. de Reffye; M. Stitt; Mat Williams; R. Muetzelfeldt; K. Halliday; A. Millar
exclude,0.0,Moisture pulse-reserve in the soil-plant continuum observed across biomes,Nature Plants,2018,10.1038/s41477-018-0304-9,114,A. Feldman; Daniel J. Short Gianotti; A. Konings; K. McColl; R. Akbar; G. Salvucci; D. Entekhabi
exclude,0.0,Estimating observation impact without adjoint model in an ensemble Kalman filter,,2008,10.1002/qj.280,108,Junjie Liu; E. Kalnay
exclude,0.0,Improved tropospheric ozone profile retrievals using OMI and TES radiances,,2007,10.1029/2006gl027806,101,J. Worden; Xiong Liu; K. Bowman; K. Chance; R. Beer; A. Eldering; M. Gunson; H. Worden
exclude,0.0,"Meteorological and hydrological conditions driving the formation and disappearance of black blooms, an ecological disaster phenomena of eutrophication and algal blooms.",Science of the Total Environment,2016,10.1016/j.scitotenv.2016.06.244,96,Yunlin Zhang; Kun Shi; Junjie Liu; Jianming Deng; B. Qin; G. Zhu; Yongqiang Zhou
exclude,0.0,Capturing time and vertical variability of tropospheric ozone: A study using TES nadir retrievals,,2002,10.1029/2002jd002150,95,K. Bowman; T. Steck; H. Worden; J. Worden; S. Clough; C. Rodgers
exclude,0.0,Toward anthropogenic combustion emission constraints from space‐based analysis of urban CO2/CO sensitivity,,2013,10.1002/grl.50954,86,Sam J. Silva; A. Arellano; H. Worden
exclude,0.0,Climate change impact of wind energy availability in the Eastern Mediterranean using the regional climate model PRECIS,,2008,10.5194/nhess-8-1249-2008,83,A. Bloom; V. Kotroni; K. Lagouvardos
exclude,0.0,Forward model and Jacobians for Tropospheric Emission Spectrometer retrievals,IEEE Transactions on Geoscience and Remote Sensing,2006,10.1109/tgrs.2005.860986,83,S. Clough; M. Shephard; J. Worden; P. Brown; H. Worden; M. Luo; C. Rodgers; C. Rinsland; A. Goldman; L. Brown; S. Kulawik; A. Eldering; M. Lampel; G. Osterman; R. Beer; K. Bowman; K. Cady-Pereira; E. Mlawer
exclude,0.0,Can spatio-temporal geostatistical methods improve high resolution regionalisation of meteorological variables?,,2009,10.1016/j.agrformet.2009.01.008,82,L. Spadavecchia; Mat Williams
exclude,0.0,"Arctic canopy photosynthetic efficiency enhanced under diffuse light, linked to a reduction in the fraction of the canopy in deep shade.",New Phytologist,2014,10.1111/nph.12750,81,Mat Williams; E. Rastetter; L. van der Pol; G. Shaver
exclude,0.0,Mean velocity profile in a sheared and thermally stratified atmospheric boundary layer.,Physical Review Letters,2011,10.1103/physrevlett.107.268502,79,G. Katul; A. Konings; A. Porporato
exclude,0.0,Tundra photosynthesis captured by satellite‐observed solar‐induced chlorophyll fluorescence,,2017,10.1002/2016gl070842,78,K. Luus; R. Commane; N. Parazoo; J. Benmergui; E. Euskirchen; C. Frankenberg; Joanna Joiner; J. Lindaas; C. E. Miller; W. Oechel; D. Zona; S. Wofsy; John C. Lin
exclude,0.0,CFD simulations of the flow field of a laboratory-simulated tornado for parameter sensitivity studies and comparison with field measurements,,2008,10.12989/was.2008.11.2.075,78,L. Kuai; F. Haan; W. Gallus; P. Sarkar
exclude,0.0,How Many Parameters Can Be Maximally Estimated From a Set of Measurements?,IEEE Geoscience and Remote Sensing Letters,2015,10.1109/lgrs.2014.2381641,77,A. Konings; K. McColl; M. Piles; D. Entekhabi
exclude,0.0,"Validation of Tropospheric Emission Spectrometer (TES) measurements of the total, stratospheric, and tropospheric column abundance of ozone",,2008,10.1029/2007jd008801,77,G. Osterman; S. Kulawik; H. Worden; N. Richards; B. Fisher; A. Eldering; M. Shephard; L. Froidevaux; G. Labow; M. Luo; R. Herman; K. Bowman; A. Thompson
exclude,0.0,Electroacupuncture treatment for pancreatic cancer pain: a randomized controlled trial.,Pancreatology : official journal of the International Association of Pancreatology (IAP) ... [et al.],2013,10.1016/j.pan.2013.10.007,73,Hao Chen; Tang Liu; L. Kuai; Ji Zhu; Caiqian Wu; Lu-ming Liu
exclude,0.0,Toward a chemical reanalysis in a coupled chemistry‐climate model: An evaluation of MOPITT CO assimilation and its impact on tropospheric composition,,2016,10.1002/2016jd024863,71,B. Gaubert; A. Arellano; J. Barré; H. Worden; L. Emmons; S. Tilmes; R. Buchholz; F. Vitt; K. Raeder; N. Collins; Jeffrey L. Anderson; C. Wiedinmyer; S. M. Alonso; D. Edwards; M. Andreae; J. Hannigan; C. Petri; K. Strong; N. Jones
exclude,0.0,Melanogenesis and the Targeted Therapy of Melanoma,Biomolecules,2022,10.3390/biom12121874,70,Can Li; L. Kuai; Rutao Cui; X. Miao
exclude,0.0,Multi-spectral sensitivity studies for the retrieval of tropospheric and lowermost tropospheric ozone from simulated clear-sky GEO-CAPE measurements,,2011,10.1016/j.atmosenv.2011.09.014,70,V. Natraj; Xiong Liu; S. Kulawik; K. Chance; R. Chatfield; D. Edwards; A. Eldering; G. Francis; T. Kurosu; K. Pickering; R. Spurr; H. Worden
exclude,0.0,Airborne Infrared Spectroscopy of 1994 Western Wildfires,,1997,10.1029/96jd02982,70,H. Worden; R. Beer; C. Rinsland
exclude,0.0,Landscape pattern and spatial variability of leaf area index in Eastern Amazonia,,2005,10.1016/j.foreco.2005.02.062,69,L. Aragão; Y. Shimabukuro; F. D. E. Santo; Mat Williams
exclude,0.0,MOPITT multispectral CO retrievals: Origins and effects of geophysical radiance errors,,2011,10.1029/2011jd015703,69,M. Deeter; H. Worden; J. Gille; D. Edwards; D. Mao; J. Drummond
exclude,0.0,Aboveground Woody Biomass Product Validation Good Practices Protocol,,2021,10.5067/doc/ceoswgcv/lpv/agb.001,68,L. Duncanson; J. Armston; M. Disney; V. Avitabile; N. Barbier; K. Calders; Sarah Carter; J. Chave; M. Herold; N. Macbean; R. McRoberts; D. Minor; K. Paul; M. Méchain; S. Roxburgh; Mat Williams; C. Albinet; T. Baker; H. Bartholomeus; Jean‐François Bastin; D. Coomes; T. W. Crowther; S. Davies; S. Bruin; M. D. Kauwe; G. Domke; R. Dubayah; M. Falkowski; L. Fatoyinbo; S. Goetz; P. Jantz; I. Jonckheere; T. Jucker; H. Kay; J. Kellner; N. Labrière; Richard Lucas; E. Mitchard; F. Morsdorf; E. Næsset; T. Park; O. Phillips; P. Ploton; S. Quegan; S. Saatchi; C. Schaaf; D. Shchepashchenko; K. Scipal; A. Stovall; C. Thiel; M. Wulder; F. Camacho; J. Nickeson; M. Román; H. Margolis
exclude,0.0,An augmented Arabidopsis phenology model reveals seasonal temperature control of flowering time.,New Phytologist,2012,10.1111/j.1469-8137.2012.04069.x,66,Yin Hoon Chew; A. Wilczek; Mat Williams; S. Welch; J. Schmitt; K. Halliday
exclude,0.0,SMAP radar receiver measures land surface freeze/thaw state through capture of forward-scattered L-band signals,,2017,10.1016/j.rse.2017.06.020,65,C. Chew; S. Lowe; N. Parazoo; Stephan Esterhuizen; S. Oveisgharan; E. Podest; C. Zuffada; A. Freedman
exclude,0.0,How resilient are African woodlands to disturbance from shifting cultivation?,Ecological Applications,2015,10.1890/14-2165.1,65,Iain M. McNicol; C. Ryan; Mat Williams
exclude,0.0,Requirement for Autophagy in the Long-term Persistence but not Initial Formation of Memory B cells,Journal of Immunology,2015,10.4049/jimmunol.1403001,64,Min Chen; Srikanth Kodali; Albert Jang; L. Kuai; Jin Wang
exclude,0.0,Human activities now fuel two-thirds of global methane emissions,Environmental Research Letters,2024,10.1088/1748-9326/ad6463,64,R. Jackson; M. Saunois; A. Martinez; J. Canadell; X. Yu; M. Li; B. Poulter; P. Raymond; P. Regnier; P. Ciais; S. Davis; P. Patra
exclude,0.0,Spatial validation of the collection 4 MODIS LAI product in eastern Amazonia,IEEE Transactions on Geoscience and Remote Sensing,2005,10.1109/tgrs.2005.856632,57,L. Aragão; Y. Shimabukuro; F. Espírito-Santo; Mat Williams
exclude,0.0,Improved analysis‐error covariance matrix for high‐dimensional variational inversions: application to source estimation using a 3D atmospheric transport model,,2015,10.1002/qj.2495,54,N. Bousserez; D. Henze; A. Perkins; K. W. Bowman; Meemong Lee; Junjie Liu; Feng Deng; Dylan B. A. Jones
exclude,0.0,Physical exchanges at the air-sea interface UK-SOLAS Field Measurements,,2009,10.1175/2008bams2578.1,53,I. Brooks; M. Yelland; R. Upstill‐Goddard; P. Nightingale; S. Archer; E. D’Asaro; R. Beale; C. Beatty; B. Blomquist; A. Bloom; B. Brooks; John Cluderay; D. Coles; J. Dacey; M. DeGrandpre; J. Dixon; W. Drennan; Joseph Gabriele; Laura Goldson; N. Hardman-Mountford; M. Hill; M. Horn; P. Hsueh; B. Huebert; G. Leeuw; T. Leighton; M. Liddicoat; J. Lingard; C. McNeil; J. McQuaid; B. Moat; G. Moore; C. Neill; S. Norris; S. O'Doherty; R. Pascal; J. Prytherch; Mike Rebozo; E. Sahlée; M. Salter; U. Schuster; I. Skjelvan; H. Slagter; Michael H. Smith; Paul Smith; M. Srokosz; J. Stephens; P. Taylor; M. Telszewski; R. Walsh; B. Ward; D. Woolf; D. Young; H. Zemmelink
exclude,0.0,Moist synoptic transport of CO2 along the mid‐latitude storm track,,2011,10.1029/2011gl047238,53,N. Parazoo; A. Denning; J. Berry; A. Wolf; D. Randall; S. Kawa; O. Pauluis; S. Doney
exclude,0.0,Unsteady overland flow on flat surfaces induced by spatial permeability contrasts,,2011,10.1016/j.advwatres.2011.05.012,51,S. Thompson; G. Katul; A. Konings; L. Ridolfi
exclude,0.0,Triple collocation for binary and categorical variables: Application to validating landscape freeze/thaw retrievals,,2016,10.1016/j.rse.2016.01.010,49,K. McColl; A. Roy; C. Derksen; A. Konings; Seyed Hamed Alemohammed; D. Entekhabi
exclude,0.0,"El Niño, the 2006 Indonesian peat fires, and the distribution of atmospheric methane",,2013,10.1002/grl.50937,49,J. Worden; Zhe Jiang; Dylan B. A. Jones; M. Alvarado; K. Bowman; C. Frankenberg; E. Kort; S. Kulawik; Meemong Lee; Junjie Liu; V. Payne; K. Wecht; H. Worden
exclude,0.0,Sensitivity of outgoing longwave radiative flux to the global vertical distribution of ozone characterized by instantaneous radiative kernels from Aura-TES,,2011,10.1029/2010jd015101,48,H. Worden; K. Bowman; S. Kulawik; A. Aghedo
exclude,0.0,A N260 Band 64 Channel Millimeter Wave Full-Digital Multi-Beam Array for 5G Massive MIMO Applications,IEEE Access,2020,10.1109/access.2020.2978070,47,L. Kuai; Jixin Chen; Z. Jiang; Chao Yu; Chong Guo; Yingrui Yu; Houxing Zhou; W. Hong
exclude,0.0,Tropospheric Emission Spectrometer nadir spectral radiance comparisons,,2008,10.1029/2007jd008856,45,M. Shephard; H. Worden; K. Cady-Pereira; M. Lampel; M. Luo; K. Bowman; E. Sarkissian; R. Beer; D. Rider; D. Tobin; H. Revercomb; B. Fisher; D. Tremblay; S. Clough; G. Osterman; M. Gunson
exclude,0.0,NIX-Mediated Mitophagy Promotes Effector Memory Formation in Antigen-Specific CD8+ T Cells,Cell Reports,2019,10.1016/j.celrep.2019.10.032,44,Shubhranshu S Gupta; R. Sharp; C. Hofferek; L. Kuai; G. Dorn; Jin Wang; Min Chen
exclude,0.0,CO2 transport uncertainties from the uncertainties in meteorological fields,,2011,10.1029/2011gl047213,43,Junjie Liu; I. Fung; E. Kalnay; Ji-Sun Kang
exclude,0.0,Detecting regional patterns of changing CO2 flux in Alaska,Proceedings of the National Academy of Sciences of the United States of America,2016,10.1073/pnas.1601085113,42,N. Parazoo; R. Commane; S. Wofsy; C. Koven; C. Sweeney; D. Lawrence; J. Lindaas; R. Chang; C. Miller
exclude,0.0,Simultaneous state-parameter estimation supports the evaluation of data assimilation performance and measurement design for soil-water-atmosphere-plant system,,2017,10.1016/j.jhydrol.2017.10.061,42,Shun Hu; Liangsheng Shi; Y. Zha; Mat Williams; Lin Lin
exclude,0.0,Analysis sensitivity calculation in an ensemble Kalman filter,,2009,10.1002/qj.511,41,Junjie Liu; E. Kalnay; T. Miyoshi; C. Cardinali
exclude,0.0,"NACP MsTMIP: Global 0.5-degree Model Outputs in Standard Format, Version 1.0",,2016,10.3334/ornldaac/1225,40,D. Huntzinger; C. Schwalm; Yaxing Wei; R. Cook; A. Michalak; K. Schaefer; A. Jacobson; Arain; P. Ciais; J. Fisher; D. Hayes; Maoyi Huang; Suo Huang; A. Ito; A. Jain; H. Lei; Chaoqun Lu; F. Maignan; J. Mao; N. Parazoo; C. Peng; S. Peng; B. Poulter; D. Ricciuto; H. Tian; Xiaoying Shi; Weile Wang; Ning-xin Zeng; F. Zhao; Qiu'an Zhu; Jia Yang; B. Tao
exclude,0.0,Sheng-ji Hua-yu formula promotes diabetic wound healing of re-epithelization via Activin/Follistatin regulation,BMC Complementary and Alternative Medicine,2018,10.1186/s12906-017-2074-8,39,L. Kuai; Jing-ting Zhang; Yu Deng; Shun Xu; Xun-zhe Xu; Min-feng Wu; Dongjie Guo; Yu Chen; R. Wu; Xingchang Zhao; H. Nian; Bin Li; Fulun Li
exclude,0.0,CMS: Global 0.5-deg Wetland Methane Emissions and Uncertainty (WetCHARTs v1.0),,2017,10.3334/ornldaac/1502,38,A. Bloom; K. Bowman; Meemong Lee; A. Turner; R. Schroeder; J. Worden; R. Weidner; K. McDonald; D. Jacob
exclude,0.0,Chinese Herbal Medicine for Psoriasis: Evidence From 11 High-Quality Randomized Controlled Trials,Frontiers in Pharmacology,2021,10.3389/fphar.2020.599433,38,Yue Luo; Jia-le Chen; L. Kuai; Ying Zhang; Xiao-jie Ding; Ying Luo; Y. Ru; Meng Xing; Hong-jin Li; Xiaoying Sun; Bin Li; Xin Li
exclude,0.0,Vertically constrained CO2 retrievals from TCCON measurements,,2012,10.1016/j.jqsrt.2012.04.024,38,L. Kuai; D. Wunch; R. Shia; B. Connor; C. Miller; Y. Yung
exclude,0.0,A data assimilation method for using low‐resolution Earth observation data in heterogeneous ecosystems,,2011,10.1029/2010jd015268,36,T. Hill; T. Quaife; Mat Williams
exclude,0.0,The Spectral Nature of Titan's Major Geomorphological Units: Constraints on Surface Composition,,2018,10.1002/2017je005477,36,A. Solomonidou; A. Coustenis; Rosaly M. C. Lopes; M. Malaska; S. Rodriguez; P. Drossart; C. Elachi; B. Schmitt; S. Philippe; M. Janssen; M. Hirtzig; S. Wall; C. Sotin; K. Lawrence; N. Altobelli; E. Bratsolis; J. Radebaugh; K. Stephan; Robert H. Brown; S. Mouélic; A. L. Gall; E. Villanueva; J. Brossier; A. A. Bloom; O. Witasse; Christos Matsoukas; A. Schoenfeld
exclude,0.0,Imaging borrelly : DS1/Comet Borrelly,,2004,,36,L. Soderblom; D. Boice; D. Britt; Robert H. Brown; B. Buratti; R. Kirk; Meemong Lee; R. Nelson; J. Oberst; B. Sandel; S. Stern; N. Thomas; R. Yelle
exclude,0.0,Image Processing Software For Imaging Spectrometry,Optics & Photonics,1987,10.1117/12.942293,36,A. Mazer; Miki Martin; Meemong Lee; J. Solomon
exclude,0.0,Arginine-Nanoenzyme with Timely Angiogenesis for Promoting Diabetic Wound Healing.,ACS Applied Materials and Interfaces,2024,10.1021/acsami.3c13072,35,Yan Yang; Yushan Yang; Jingsi Jiang; Zongzhou Wu; Jiuyuan Sun; Hui Zhi; Shiyu Chen; L. Kuai; Bin Li; Haiqing Dong
exclude,0.0,Processing arctic eddy-flux data using a simple carbon-exchange model embedded in the ensemble Kalman filter.,Ecological Applications,2009,10.1890/09-0876.1,34,E. Rastetter; Mat Williams; K. Griffin; B. Kwiatkowski; G. Tomasky; M. Potosnak; P. Stoy; G. Shaver; M. Stieglitz; J. Hobbie; G. Kling
exclude,0.0,Adverse Events Associated With Anti-IL-23 Agents: Clinical Evidence and Possible Mechanisms,Frontiers in Immunology,2021,10.3389/fimmu.2021.670398,33,Y. Ru; Xiao-jie Ding; Ying Luo; Hong-jin Li; Xiaoying Sun; Min Zhou; Yaqiong Zhou; L. Kuai; Meng Xing; Liu Liu; Yue Luo; Jiankun Song; Jia-le Chen; Bin Li; Xin Li
exclude,0.0,A qualitative systematic review of trust in technology,Journal of Information and Technology,2024,10.1177/02683962241254392,32,S. Schuetz; L. Kuai; Mary C. Lacity; Zach Steelman
exclude,0.0,Assessing the impacts of assimilating IASI and MOPITT CO retrievals using CESM‐CAM‐chem and DART,,2015,10.1002/2015jd023467,32,J. Barré; B. Gaubert; A. Arellano; H. Worden; D. Edwards; M. Deeter; Jeffrey L. Anderson; K. Raeder; N. Collins; S. Tilmes; G. Francis; C. Clerbaux; L. Emmons; G. Pfister; P. Coheur; D. Hurtmans
exclude,0.0,Atmospheric Chemistry and Physics Co 2 Flux Estimation Errors Associated with Moist Atmospheric Processes,,,,31,N. Parazoo; A. Denning; S. Kawa; S. Pawson; R. Lokupitiya
exclude,0.0,"TES level 1 algorithms: interferogram processing, geolocation, radiometric, and spectral calibration",IEEE Transactions on Geoscience and Remote Sensing,2006,10.1109/tgrs.2005.863717,31,H. Worden; R. Beer; K. Bowman; B. Fisher; M. Luo; D. Rider; E. Sarkissian; D. Tremblay; J. Zong
exclude,0.0,Analysis of hadronic transitions in Υ(3S) decays,,1994,10.1103/physrevd.49.40,31,F. Butler; X. Fu; G. Kalbfleisch; M. Lambrecht; W. Ross; P. Skubic; J. Snow; P. Wang; M. Wood; Daniela Bortoletto; D. Brown; J. Fast; R. McIlwain; T. Miao; D. Miller; M. Modesitt; S. Schaffner; E. Shibata; I. Shipsey; Pu Wang; M. Battle; J. Ernst; H. Kroha; S. Roberts; K. Sparks; E. Thorndike; C. Wang; J. Dominick; S. Sanghera; T. Skwarnicki; R. Stroynowski; M. Artuso; D. He; M. Goldberg; N. Horwitz; R. Kennett; G. Moneti; F. Muheim; Y. Mukhin; S. Playfer; Y. Rozen; S. Stone; M. Thulasidas; G. Vasseur; G. Zhu; J. Bartelt; S. Csorna; Z. Egyed; V. Jain; P. Sheldon; D. Akerib; B. Barish; M. Chandha; S. Chan; D. Cowen; G. Eigen; J. Miller; C. O'grady; J. Urheim; A. Weinstein; D. Acosta; M. Athanas; G. Masek; H. Paar; M. Sivertz; A. Bean; J. Gronberg; R. Kutschke; S. Menary; R. Morrison; S. Nakanishi; H. Nelson; T. Nelson; J. Richman; A. Ryd; H. Tajima; D. Schmidt; D. Sperka; M. Witherell; M. Procario; S. Yang; R. Balest; K. Cho; M. Daoudi; W. Ford; Daniel Johnson; K. Lingel; M. Lohner; P. Rankin; J. Smith; J. Alexander; C. Bebek; K. Berkelman; D. Besson; T. Browder; D. Cassel; H. Cho; D. Coffman; P. Drell; R. Ehrlich; R. Galik; M. Garcia-Sciveres; B. Geiser; B. Gittelman; S. Gray; D. Hartill; B. Heltsley; C. Jones; S. L. Jones; J. Kandaswamy; N. Katayama; P. Kim; D. Kreinick; G. S. Ludwig; J. Masui; J. Mevissen; N. Mistry; C. Ng; E. Nordberg; M. Ogg; M. Ogg; J. Patterson; D. Peterson; D. Riley; S. Salman; M. Sapper; H. Worden; F. Würthwein; P. Avery; A. Freyberger; J. Rodríguez; R. Stephens; J. Yelton; D. Cinabro; S. Henderson; K. Kinoshita; T. Liu; M. Saulnier; F. Shen; Richard K. Wilson; H. Yamamoto; B. Ong; M. Selen; A. Sadoff; R. Ammar; S. Ball; P. Baringer; D. Coppage; N. Copty; R. Davis; N. Hancock; M. Kelly; N. Kwak; H. Lam; Y. Kubota; M. Lattery; J. Nelson; S. Patton; D. Perticone; R. Poling; V. Savinov; S. Schrenk; Ruifang Wang; M. Alam; I. J. Kim; B. Nemati; J. O’Neill; H. Severini; C. Sun; M. Zoeller; G. Crawford; C. M. Daubenmier; R. Fulton; D. Fujino; K. Gan; K. Honscheid; H. Kagan; R. Kass; Janice C. Lee; R. Malchow; F. Morrow; Y. Skovpen; M. Sung; C. White; J. Whitmore; P. Wilson
exclude,0.0,IT’s a matter of trust: Literature reviews and analyses of human trust in information technology,Journal of Information and Technology,2024,10.1177/02683962231226397,30,Mary C. Lacity; S. Schuetz; L. Kuai; Zach Steelman
exclude,0.0,A numerical and experimental investigation of non-linear deformation behaviours in light-frame timber walls,Engineering structures,2022,10.1016/j.engstruct.2021.113599,30,L. Kuai; S. Ormarsson; J. Vessby; Rajan Maharjan
exclude,0.0,Mapping the world’s inland surface waters: an update to the Global Lakes and Wetlands Database (GLWD v2),,,,30,Bernhard Lehner; Mira Anand; Etienne Fluet‐Chouinard; F. Tan; F. Aires; G. Allen; Philippe Bousquet; J. Canadell; Nick Davidson; C. M. Finlayson; T. Gumbricht; L. Hilarides; G. Hugelius; Robert B. Jackson; M. Korver; Peter B. McIntyre; Szabolcs Nagy; D. Olefeldt; T. Pavelsky; Jean-François Pekel; B. Poulter; Catherine Prigent; Jida Wang; Thomas A. Worthington; Dai Yamazaki; Michele Thieme
exclude,0.0,Effect of Radiative Transfer Uncertainty on L-Band Radiometric Soil Moisture Retrieval,IEEE Transactions on Geoscience and Remote Sensing,2011,10.1109/tgrs.2011.2105495,29,A. Konings; D. Entekhabi; S. Chan; E. Njoku
exclude,0.0,TMT-based proteomics analysis reveals the protective effect of Jueyin granules on imiquimod-induced psoriasis mouse model by causing autophagy.,Phytomedicine,2021,10.1016/j.phymed.2021.153846,29,Jiankun Song; Jing-Si Jiang; L. Kuai; Yue Luo; Meng Xing; Ying Luo; Y. Ru; Xiaoying Sun; Huiping Zhang; Tai-yi Liu; Xin Li; Bin Li
exclude,0.0,Comparison between the Local Ensemble Transform Kalman Filter (LETKF) and 4D‐Var in atmospheric CO2 flux inversion with the Goddard Earth Observing System‐Chem model and the observation impact diagnostics from the LETKF,,2016,10.1002/2016jd025100,28,Junjie Liu; K. Bowman; Meemong Lee
exclude,0.0,Upscaling Tundra CO2 Exchange from Chamber to Eddy Covariance Tower,,2013,10.1657/1938-4246-45.2.275,28,P. Stoy; Mat Williams; Jonathan G. Evans; A. Prieto-Blanco; M. Disney; T. Hill; H. Ward; T. Wade; L. Street
exclude,0.0,Correction of ‘Estimating observation impact without adjoint model in an ensemble Kalman filter’,,2010,10.1002/qj.658,28,Hong Li; Junjie Liu; E. Kalnay
exclude,0.0,Information content of MOPITT CO profile retrievals: Temporal and geographical variability,,2015,10.1002/2015jd024024,28,M. Deeter; D. Edwards; J. Gille; H. Worden
exclude,0.0,Remote‐sensing constraints on South America fire traits by Bayesian fusion of atmospheric and surface data,,2015,10.1002/2014gl062584,27,A. A. Bloom; J. Worden; Zhe Jiang; H. Worden; T. Kurosu; C. Frankenberg; D. Schimel
exclude,0.0,"Rhenium–osmium geochronology and oil–source correlation of the Duvernay petroleum system, Western Canada sedimentary basin: Implications for the application of the rhenium–osmium geochronometer to petroleum systems",American Association of Petroleum Geologists Bulletin,2018,10.1306/12081717105,26,Junjie Liu; David Selby; M. Obermajer; A. Mort
exclude,0.0,Impact of Southern California anthropogenic emissions on ozone pollution in the mountain states: Model analysis and observational evidence from space,,2013,10.1002/2013jd020205,25,Min Huang; K. Bowman; G. Carmichael; R. Bradley Pierce; H. Worden; M. Luo; O. Cooper; I. Pollack; T. Ryerson; S. S. Brown
exclude,0.0,Fire regimes and variability in aboveground woody biomass in miombo woodland,,2014,10.1002/2013jg002505,25,M. Saito; S. Luyssaert; B. Poulter; Mat Williams; P. Ciais; V. Bellassen; C. Ryan; C. Yue; P. Cadule; P. Peylin
exclude,0.0,An update on the role of long non-coding RNAs in psoriasis,Chinese Medical Journal,2020,10.1097/cm9.0000000000001243,25,Jiankun Song; Shuang-Yi Yin; Wei Li; Xiaodong Li; Yue Luo; Ying Luo; Meng Xing; Bin Li; L. Kuai
exclude,0.0,[Electrical acupoint stimulation increases athletes' rapid strength].,Zhongguo zhen jiu = Chinese acupuncture & moxibustion,2006,,24,Hua-yuan Yang; Tang-yi Liu; L. Kuai; Ming Gao
exclude,0.0,The effects of megafaunal burrows on radiotracer profiles and organic composition in deep-sea sediments: preliminary results from two sites in the bathyal north-east Atlantic,,2005,10.1016/j.dsr.2004.09.006,23,D. Hughes; L. Brown; G. Cook; G. Cowie; J. Gage; E. Good; H. Kennedy; A. B. Mackenzie; S. Papadimitriou; G. Shimmield; J. Thomson; Mat Williams
exclude,0.0,Instrument line-shape modeling and correction for off-axis detectors in fourier-transform spectrometry.,Applied Optics,2000,10.1364/ao.39.003765,23,K. Bowman; H. Worden; R. Beer
exclude,0.0,"Inventory and projections of UK emissions by sources and removals by sinks due to land use, land use change and forestry. Annual Report July 2008",,2007,,22,Kirstie E. Dyson; A. Thomson; D. Mobbs; R. Milne; U. Skiba; A. Clark; P. Levy; S. Jones; M. Billett; K. Dinsmore; M. Oijen; N. Ostle; B. Foeried; Pete Smith; R. Matthews; E. Mackie; P. Bellamy; M. Rivas-Casado; C. Jordan; A. Higgins; R. Tomlinson; J. Grace; P. Parrish; Mat Williams; R. Clement; J. Moncrieff; A. Manning
exclude,0.0,An approach for psoriasis of microneedle patch simultaneously targeting multiple inflammatory cytokines and relapse related T cells.,Biomaterials,2025,10.1016/j.biomaterials.2025.123120,22,Li Huang; Ying Luo; L. Kuai; Xiaoyou Zhang; Ying Zhang; Zichen Yang; Xiao-ya Fei; Jiuyuan Sun; Yue Luo; Yuge Zhao; Ting-ting Xue; Weimin Yin; Jiao Chang; Yongyong Li; Bin Li; Yan Li
exclude,0.0,Epigenetics in psoriasis: perspective of DNA methylation,Zeitschrift für Induktive Abstammungs- und Vererbungslehre,2021,10.1007/s00438-021-01804-y,22,Ying Luo; Ke-shen Qu; L. Kuai; Y. Ru; Keke Huang; X. Yan; Meng Xing
exclude,0.0,Channel selection using information content analysis: A case study of CO2 retrieval from near infrared measurements,,2010,10.1016/j.jqsrt.2010.02.011,22,L. Kuai; V. Natraj; R. Shia; C. Miller; Y. Yung
exclude,0.0,Spatial variation of altitudinal belts as dividing index between warm temperate and subtropical zones in the Qinling-Daba Mountains,Journal of Geographical Science,2020,10.1007/s11442-020-1747-2,20,Fang Zhao; Junjie Liu; Wen-bo Zhu; Bai-ping Zhang; Lianqi Zhu
exclude,0.0,Effectiveness and safety of acupuncture for postoperative ileus following gastrointestinal surgery: A systematic review and meta-analysis,PLoS ONE,2022,10.1371/journal.pone.0271580,20,Zi Ye; Xuqiang Wei; Shouquan Feng; Qunhao Gu; Jing Li; L. Kuai; Yue Luo; Ziqi Xi; Ke Wang; Jia Zhou
exclude,0.0,A Practical Method to Estimate Information Content in the Context of 4D-Var Data Assimilation,SIAM/ASA J. Uncertain. Quantification,2011,10.1137/120884523,20,Kumaresh Singh; Adrian Sandu; M. Jardak; K. Bowman; Meemong Lee
exclude,0.0,Prevalence of Tobacco Smoking and Its Association With Disease Severity Among Patients With Psoriasis in China: A Cross-Sectional Study,Frontiers in Medicine,2022,10.3389/fmed.2022.883458,19,Lei Wei; Siting Chen*; Zhan Zhang; L. Kuai; Rui Zhang; Ning Yu; Yuling Shi; Bin Li; Ruiping Wang
exclude,0.0,Efficacy and Safety of Fire Needle Therapy for Nodular Prurigo: A Quantitative Study,Evidence-Based Complementary and Alternative Medicine,2019,10.1155/2019/8797056,19,Yue Luo; L. Kuai; Ningjing Song; Xiao-jie Ding; Xiaoying Sun; Ying Luo; Y. Ru; Seokgyeong Hong; Meng Xing; Min Zhou; Bin Li; Xin Li
exclude,0.0,A Matrix‐Matched Reference Material for Validating Petroleum Re‐Os Measurements,,2018,10.1111/ggr.12193,18,Junjie Liu; David Selby
exclude,0.0,Impacts of MOPITT cloud detection revisions on observation frequency and mapping of highly polluted scenes,,2021,10.1016/j.rse.2021.112516,18,M. Deeter; D. Mao; S. Martínez-Alonso; H. Worden; M. Andreae; H. Schlager
exclude,0.0,A joint data record of tropospheric ozone from Aura-TES and MetOp-IASI,,2015,10.5194/acp-16-10229-2016,18,H. Oetjen; V. Payne; J. Neu; S. Kulawik; D. Edwards; A. Eldering; H. Worden; J. Worden
exclude,0.0,Measurement of the cross section for γγ→pp¯,,1994,10.1103/physrevd.50.5484,18,M. Artuso; D. He; M. Goldberg; N. Horwitz; R. Kennett; G. Moneti; F. Muheim; Y. Mukhin; S. Playfer; Y. Rozen; S. Stone; M. Thulasidas; G. Vasseur; G. Zhu; J. Bartelt; S. Csorna; Z. Egyed; V. Jain; P. Sheldon; D. Akerib; B. Barish; M. Chadha; S. Chan; D. Cowen; G. Eigen; J. Miller; C. O'grady; J. Urheim; A. Weinstein; D. Acosta; M. Athanas; G. Masek; H. Paar; M. Sivertz; A. Bean; J. Gronberg; R. Kutschke; S. Menary; R. Morrison; S. Nakanishi; H. Nelson; T. Nelson; J. Richman; A. Ryd; H. Tajima; D. Schmidt; D. Sperka; M. Witherell; M. Procario; S. Yang; R. Balest; K. Cho; M. Daoudi; W. T. Ford; D. Johnson; K. Lingel; M. Lohner; P. Rankin; J. Smith; J. Alexander; C. Bebek; K. Berkelman; D. Besson; T. Browder; D. Cassel; H. Cho; D. Coffman; P. Drell; R. Ehrlich; R. Galik; M. Garcia-Sciveres; B. Geiser; B. Gittelman; S. Gray; D. Hartill; B. Heltsley; C. Jones; S. L. Jones; J. Kandaswamy; N. Katayama; P. Kim; D. Kreinick; G. S. Ludwig; J. Masui; J. Mevissen; N. Mistry; C. Ng; E. Nordberg; M. Ogg; J. Patterson; D. Peterson; D. Riley; S. Salman; M. Sapper; H. Worden; F. Würthwein; P. Avery; A. Freyberger; J. Rodríguez; R. Stephens; J. Yelton; D. Cinabro; S. Henderson; K. Kinoshita; T. Liu; M. Saulnier; F. Shen; Richard K. Wilson; H. Yamamoto; B. Ong; M. Selen; A. Sadoff; R. Ammar; S. Ball; P. Baringer; D. Coppage; N. Copty; R. Davis; N. Hancock; M. Kelly; N. Kwak; H. Lam; Y. Kubota; M. Lattery; J. Nelson; S. Patton; D. Perticone; R. Poling; V. Savinov; S. Schrenk; R. Wang; M. Alam; I. J. Kim; B. Nemati; J. O’Neill; H. Severini; C. Sun; M. Zoeller; G. Crawford; C. M. Daubenmier; R. Fulton; D. Fujino; K. Gan; K. Honscheid; H. Kagan; R. Kass; J. U. Lee; R. Malchow; F. Morrow; Y. Skovpen; M. Sung; C. White; J. Whitmore; P. Wilson; F. Butler; X. Fu; G. Kalbfleisch; M. Lambrecht; W. Ross; P. Skubic; J. Snow; Pei Wang; M. Wood; D. Bortoletto; D. Brown; J. Fast; R. McIlwain; T. Miao; D. Miller; M. Modesitt; S. Schaffner; E. Shibata; I. Shipsey; P. Wang; M. Battle; J. Ernst; H. Kroha; S. Roberts; K. Sparks; E. Thorndike; C. Wang; J. Dominick; S. Sanghera; V. Shelkov; T. Skwarnicki; R. Stroynowski; I. Volobouev; P. Zadorozhny
exclude,0.0,Smoking relapse reasons among current smokers with previous cessation experience in Shanghai: A cross-sectional study,Tobacco Induced Diseases,2023,10.18332/tid/167963,17,Ruiping Wang*; Lingzi Shenfan*; Yu Song; Qingliang Wang*; Rui Zhang; L. Kuai; Bin Li
exclude,0.0,Transcriptomic Analysis of the Mechanisms for Alleviating Psoriatic Dermatitis Using Taodan Granules in an Imiquimod-Induced Psoriasis-like Mouse Model,Frontiers in Pharmacology,2021,10.3389/fphar.2021.632414,17,L. Kuai; Ying Luo; Ke-shen Qu; Y. Ru; Yue Luo; Xiao-jie Ding; Meng Xing; Liu Liu; Xiaoying Sun; Xin Li; Bin Li
exclude,0.0,Continental-scale Atmospheric Impacts of the 2020 Western U.S. Wildfires,Atmospheric Environment,2022,10.1016/j.atmosenv.2022.119436,17,I. Alborés; R. Buchholz; I. Ortega; L. Emmons; J. Hannigan; F. Lacey; G. Pfister; W. Tang; H. Worden
exclude,0.0,First Measurement of [Γ(Ds(+) → μ(+)ν] / [Γ(Ds(+) → φπ(+)],,1994,10.1103/physrevd.49.5690,17,D. Acosta; M. Athanas; G. Masek; H. Paar; A. Bean; J. Gronberg; R. Kutschke; S. Menary; R. Morrison; S. Nakanishi; H. Nelson; T. Nelson; J. Richman; A. Ryd; H. Tajima; D. Schmidt; D. Sperka; M. Witherell; M. Procario; S. Yang; R. Balest; K. Cho; M. Daoudi; W. Ford; Daniel Johnson; K. Lingel; M. Lohner; P. Rankin; J. Smith; J. Alexander; C. Bebek; K. Berkelman; D. Besson; T. Browder; D. Cassel; H. Cho; D. Coffman; P. Drell; R. Ehrlich; R. Galik; M. Garcia-Sciveres; B. Geiser; B. Gittelman; S. Gray; D. Hartill; B. Heltsley; C. Jones; S. L. Jones; J. Kandaswamy; N. Katayama; P. Kim; D. Kreinick; G. S. Ludwig; J. Masui; J. Mevissen; N. Mistry; C. Ng; E. Nordberg; M. Ogg; M. Ogg; J. Patterson; D. Peterson; D. Riley; S. Salman; M. Sapper; H. Worden; F. Würthwein; P. Avery; A. Freyberger; J. Rodríguez; R. Stephens; J. Yelton; D. Cinabro; S. Henderson; K. Kinoshita; T. Liu; M. Saulnier; F. Shen; Richard K. Wilson; H. Yamamoto; B. Ong; M. Selen; A. Sadoff; R. Ammar; S. Ball; P. Baringer; D. Coppage; N. Copty; R. Davis; N. Hancock; M. Kelly; N. Kwak; H. Lam; Y. Kubota; M. Lattery; J. Nelson; S. Patton; D. Perticone; R. Poling; V. Savinov; S. Schrenk; Ruifang Wang; M. Alam; I. J. Kim; B. Nemati; J. O’Neill; H. Severini; C. Sun; M. Zoeller; G. Crawford; C. M. Daubenmier; R. Fulton; D. Fujino; K. Gan; K. Honscheid; H. Kagan; R. Kass; Janice C. Lee; R. Malchow; F. Morrow; Y. Skovpen; M. Sung; C. White; J. Whitmore; P. Wilson; F. Butler; X. Fu; G. Kalbfleisch; M. Lambrecht; W. Ross; P. Skubic; J. Snow; P. Wang; M. Wood; Daniela Bortoletto; D. Brown; J. Fast; R. McIlwain; T. Miao; D. Miller; M. Modesitt; S. Schaffner; E. Shibata; I. Shipsey; Pu Wang; M. Battle; J. Ernst; H. Kroha; S. Roberts; K. Sparks; E. Thorndike; C. Wang; J. Dominick; S. Sanghera; V. Shelkov; T. Skwarnicki; R. Stroynowski; I. Volobouev; P. Zadorozhny; M. Artuso; D. He; M. Goldberg; N. Horwitz; R. Kennett; G. Moneti; F. Muheim; Y. Mukhin; S. Playfer; Y. Rozen; S. Stone; M. Thulasidas; G. Vasseur; G. Zhu; J. Bartelt; S. Csorna; Z. Egyed; V. Jain; P. Sheldon; D. Akerib; B. Barish; M. Chadha; S. Chan; D. Cowen; G. Eigen; J. Miller; C. O'grady; J. Urheim; A. Weinstein
exclude,0.0,"Global Monthly GPP from an Improved Light Use Efficiency Model, 1982-2016",,2020,10.3334/ornldaac/1789,16,N. Madani; N. Parazoo
exclude,0.0,Cyr61 Promotes Inflammation of a Gouty Arthritis Model in Rats,Mediators of Inflammation,2020,10.1155/2020/8298615,16,Min Zhou; Kan Ze; L. Hua; Liu Liu; L. Kuai; Ming Zhang; Bin Li; Yifei Wang; Xin Li
exclude,0.0,Role of Acupoint Area Collagen Fibers in Anti-Inflammation of Acupuncture Lifting and Thrusting Manipulation,Evidence-Based Complementary and Alternative Medicine,2017,10.1155/2017/2813437,16,Fan Wang; Guang-wei Cui; L. Kuai; Jian-min Xu; Ting-ting Zhang; Huai-jin Cheng; Hong-sheng Dong; Gui-Rong Dong
exclude,0.0,Current and future methane emissions from boreal-Arctic wetlands and lakes,Nature Climate Change,2025,10.1038/s41558-025-02413-y,16,M. Kuhn; D. Olefeldt; K. Arndt; D. Bastviken; L. Bruhwiler; P. Crill; T. DelSontro; Etienne Fluet‐Chouinard; G. Grosse; Mikael Hovemyr; G. Hugelius; S. MacIntyre; Avni Malhotra; A. D. McGuire; Youmi Oh; B. Poulter; C. Treat; M. Turetsky; R. Varner; K. W. Walter Anthony; Jennifer D. Watts; Zhen Zhang
exclude,0.0,"Global GOSAT, OCO-2 and OCO-3 Solar Induced Chlorophyll 1 Fluorescence Datasets 2",,2021,,15,R. Doughty; T. Kurosu; N. Parazoo; P. Köhler; Yujie Wang; 3. Ying; Sun; C. Frankenberg
exclude,0.0,"METTL14 promotes IL‐6‐induced viability, glycolysis and inflammation in HaCaT cells via the m6A modification of TRIM27",Journal of Cellular and Molecular Medicine,2023,10.1111/jcmm.18085,15,Yiran Chen; Yanwei Xiang; X. Miao; L. Kuai; Xiao-jie Ding; Tian Ma; Bin Li; Bin Fan
exclude,0.0,Celastrol attenuates psoriasiform inflammation by targeting the IRF1/GSTM3 axis.,Journal of Investigative Dermatology,2022,10.1016/j.jid.2022.01.018,15,L. Kuai; Y. Ru; Quan-Gang Zhu; Shuang-Yi Yin; Yongyong Li; Mi Zhou; Ying Luo; Yue Luo; Jiankun Song; Xiao-ya Fei; Jing-Si Jiang; Congcong Zhu; Bin Li
exclude,0.0,[Classification and characters of physical parameters of lifting-thrusting and twirling manipulations of acupuncture].,Zhen ci yan jiu = Acupuncture research,2010,,15,Tang-yi Liu; Hua-yuan Yang; L. Kuai; Gao Ming
exclude,0.0,The Effect of Variable Soil Moisture Profiles on P-Band Backscatter,IEEE Transactions on Geoscience and Remote Sensing,2014,10.1109/tgrs.2013.2296035,14,A. Konings; D. Entekhabi; M. Moghaddam; S. Saatchi
exclude,0.0,Exchange of CO2 in Arctic tundra,,2018,,14,E. López‐Blanco; M. Lund; Mat Williams; M. Tamstorf; A. Westergaard‐Nielsen; J. Exbrayat; B. Hansen; T. Christensen
exclude,0.0,Time variable hydraulic parameters improve the performance of a mechanistic stand transpiration model. A case study of Mediterranean Scots pine sap flow data assimilation,,2014,10.1016/j.agrformet.2014.08.009,14,O. Sus; R. Poyatos; Josep Barba; N. Carvalhais; P. Llorens; Mat Williams; J. M. Vilalta
exclude,0.0,The Role of Lactate and Lactylation in the Dysregulation of Immune Responses in Psoriasis,Clinical reviews in allergy and immunology,2025,10.1007/s12016-025-09037-2,14,Xinxin Wu; Changya Liu; Caiyun Zhang; L. Kuai; Sheng Hu; Ning Jia; Jiankun Song; Wencheng Jiang; Qilong Chen; Bin Li
exclude,0.0,Retracing from Outcomes to Causes: NRF2-Driven GSTA4 Transcriptional Regulation Controls Chronic Inflammation and Oxidative Stress in Atopic Dermatitis Recurrence.,Journal of Investigative Dermatology,2024,10.1016/j.jid.2024.05.018,14,Xin Ma; Hang Zhao; Jianwei Song; Zhan Zhang; Chun-jie Gao; Ying Luo; Xiao-jie Ding; Ting-ting Xue; Ying Zhang; Meng-jie Zhang; Mi Zhou; Ruiping Wang*; L. Kuai; Bin Li
exclude,0.0,Nonlinear FE-analysis and testing of light-frame timber shear walls subjected to cyclic loading,Construction and Building Materials,2023,10.1016/j.conbuildmat.2022.129646,14,L. Kuai; S. Ormarsson; J. Vessby
exclude,0.0,"Clinical Feature, Lifestyle Behavior and Non-Communicable Diseases Comorbidities Among Psoriasis Patients in Shanghai: Gender Disparity Analysis Based on a Cross-Sectional Study","Clinical, Cosmetic and Investigational Dermatology",2022,10.2147/ccid.s393697,14,Q. Zheng; L. Kuai; Wencheng Jiang; Y. Qiang; Lei Wei; Siting Chen*; Bin Li; Ruiping Wang*
exclude,0.0,Surface Biology and Geology imaging spectrometer: A case study to optimize the mission design using intrinsic dimensionality,Remote Sensing of Environment,2023,10.1016/j.rse.2023.113534,14,K. Cawse-Nicholson; A. Raiho; D. Thompson; G. Hulley; C. Miller; K. Miner; B. Poulter; D. Schimel; F. Schneider; P. Townsend; S. Zareh
exclude,0.0,Tropospheric Emission Spectrometer (TES) Level 1B Algorithm Theoretical Basis Document,,2000,,14,K. Bowman; H. Worden
exclude,0.0,Production and decay of the Ds1 (2536),,1993,10.1016/0370-2693(93)91448-v,14,J. Alexander; C. Bebek; K. Berkelman; D. Besson; T. Browder; D. Cassel; H. Cho; D. Coffman; P. Drell; R. Ehrlich; R. Galik; M. Garcia-Sciveres; B. Geiser; B. Gittelman; S. Gray; D. Hartill; B. Heltsley; K. Honscheid; C. Jones; S. L. Jones; J. Kandaswamy; N. Katayama; P. Kim; D. Kreinick; G. S. Ludwig; J. Masui; J. Mevissen; N. Mistry; C. Ng; E. Nordberg; M. Ogg; C. O'grady; J. Patterson; D. Peterson; D. Riley; M. Sapper; M. Selen; H. Worden; M. Worris; F. Würthwein; P. Avery; A. Freyberger; J. Rodriguez; R. Stephens; J. Yelton; D. Cinabro; S. Henderson; K. Kinoshita; T. Liu; M. Saulnier; Richard K. Wilson; H. Yamamoto; A. Sadoff; R. Ammar; S. Ball; P. Baringer; D. Coppage; N. Copty; R. Davis; N. Hancock; M. Kelly; N. Kwak; H. Lam; Y. Kubota; M. Lattery; J. Nelson; S. Patton; D. Perticone; R. Poling; V. Savinov; S. Schrenk; R. Wang; M. Alam; I. J. Kim; B. Nemati; J. O’Neill; V. Romero; H. Severini; C. Sun; M. Zoeller; G. Crawford; R. Fulton; K. Gan; H. Kagan; R. Kass; Jongseo Lee; R. Malchow; F. Morrow; Y. Skovpen; M. Sung; C. White; J. Whitmore; P. Wilson; F. Butler; X. Fu; G. Kalbfleisch; M. Lambrecht; W. Ross; P. Skubic; J. Snow; P. Wang; M. Wood; D. Bortoletto; D. Brown; J. Dominick; R. McIlwain; T. Miao; D. Miller; M. Modesitt; S. Schaffner; E. Shibata; I. Shipsey; P. Wang; M. Battle; H. Kroha; S. Roberts; K. Sparks; E. Thorndike; C. Wang; S. Sanghera; T. Skwarnicki; R. Stroynowski; M. Artuso; M. Goldberg; N. Horwitz; R. Kennett; G. Moneti; F. Muheim; S. Playfer; Y. Rozen; P. Rubin; S. Stone; M. Thulasidas; G. Vasseur; G. Zhu; A. Barnes; J. Bartelt; S. Csorna; Z. Egyed; V. Jain; P. Sheldon; D. Akerib; B. Barish; M. Chadha; S. Chan; D. Cowen; G. Eigen; J. Miller; J. Urheim; A. Weinstein; D. Acosta; M. Athanas; G. Masek; B. Ong; H. Paar; M. Sivertz; A. Bean; J. Gronberg; R. Kutschke; S. Menary; R. Morrison; S. Nakanishi; H. Nelson; T. Nelson; J. Richman; H. Tajima; D. Schmidt; D. Sperka; M. Witherell; M. Procario; S. Yang; R. Ballest; K. Cho; M. Daoudi; W. Ford; D. Johnson; K. Lingel; M. Lohner; P. Rankin; J. Smith
exclude,0.0,Measurement of the absolute branching fraction for [ital D][sup 0][r arrow][ital K][sup [minus]][pi][sup +],,1993,10.1103/physrevlett.71.3070,14,D. Akerib; B. Barish; M. Chadha; S. Chan; D. Cowen; G. Eigen; J. Miller; C. O'grady; J. Urheim; A. Weinstein; D. Acosta; M. Athanas; G. Masek; H. Paar; A. Bean; J. Gronberg; R. Kutschke; S. Menary; R. Morrison; S. Nakanishi; H. Nelson; T. Nelson; J. Richman; A. Ryd; H. Tajima; D. Schmidt; D. Sperka; Witherell; M. Procario; S. Yang; R. Balest; K. Cho; M. Daoudi; W. Ford; D. Johnson; K. Lingel; M. Lohner; P. Rankin; J. Smith; J. Alexander; C. Bebek; K. Berkelman; D. Besson; T. Browder; D. Cassel; H. Cho; D. Coffman; P. Drell; R. Ehrlich; M. Garcia-Sciveres; B. Geiser; B. Gittelman; S. Gray; D. Hartill; B. Heltsley; C. Jones; S. L. Jones; J. Kandaswamy; N. Katayama; P. Kim; D. Kreinick; G. S. Ludwig; J. Masui; J. Mevissen; N. Mistry; C. Ng; E. Nordberg; M. Ogg; J. Patterson; D. Peterson; D. Riley; S. Salman; M. Sapper; H. Worden; F. Würthwein; P. Avery; Freyb
exclude,0.0,Lepton asymmetry measurements in B̄→D*l-ν̄l and implications for V-A and the form factors,,1993,10.1103/physrevd.47.791,14,S. Sanghera; T. Skwarnicki; R. Stroynowski; M. Artuso; M. Goldberg; N. Horwitz; R. Kennett; G. Moneti; F. Muheim; S. Playfer; Y. Rozen; P. Rubin; S. Stone; M. Thulasidas; W. Yao; G. Zhu; A. Barnes; J. Bartelt; S. Csorna; Z. Egyed; V. Jain; P. Sheldon; D. Akerib; B. Barish; M. Chadha; D. Cowen; G. Eigen; J. Miller; J. Urheim; A. Weinstein; D. Acosta; G. Masek; B. Ong; H. Paar; M. Sivertz; A. Bean; J. Gronberg; R. Kutschke; S. Menary; R. Morrison; H. Nelson; J. Richman; H. Tajima; D. Schmidt; D. Sperka; M. Witherell; M. Procario; M. Daoudi; W. Ford; D. Johnson; K. Lingel; M. Lohner; P. Rankin; J. Smith; J. Alexander; C. Bebek; K. Berkelman; D. Besson; T. Browder; D. Cassel; D. Coffman; P. Drell; R. Ehrlich; R. Galik; M. Garcia-Sciveres; B. Geiser; B. Gittelman; S. Gray; D. Hartill; B. Heltsley; K. Honscheid; C. Jones; J. Kandaswamy; N. Katayama; P. Kim; D. Kreinick; G. S. Ludwig; J. Masui; J. Mevissen; N. Mistry; C. Ng; E. Nordberg; C. O'grady; J. Patterson; D. Peterson; D. Riley; M. Sapper; M. Selen; H. Worden; M. Worris; F. Würthwein; P. Avery; A. Freyberger; J. Rodríguez; R. Stephens; J. Yelton; D. Cinabro; S. Henderson; K. Kinoshita; T. Liu; M. Saulnier; Richard K. Wilson; H. Yamamoto; A. Sadoff; R. Ammar; S. Ball; P. Baringer; D. Coppage; N. Copty; R. Davis; N. Hancock; M. Kelly; N. Kwak; H. Lam; Y. Kubota; M. Lattery; J. Nelson; S. Patton; D. Perticone; R. Poling; V. Savinov; S. Schrenk; R. Wang; M. Alam; I. J. Kim; B. Nemati; J. O’Neill; V. Romero; H. Severini; C. Sun; P. Wang; M. Zoeller; G. Crawford; R. Fulton; K. Gan; H. Kagan; R. Kass; J. U. Lee; R. Malchow; F. Morrow; M. Sung; C. White; J. Whitmore; P. Wilson; F. Butler; X. Fu; G. Kalbfleisch; M. Lambrecht; P. Skubic; J. Snow; Pei Wang; D. Bortoletto; D. Brown; J. Dominick; R. McIlwain; T. Miao; D. Miller; M. Modesitt; S. Schaffner; E. Shibata; I. Shipsey; M. Battle; J. Ernst; H. Kroha; S. Roberts; K. Sparks; E. Thorndike; C. Wang
exclude,0.0,Improving model prediction of soil N2O emissions through Bayesian calibration.,Science of the Total Environment,2018,10.1016/j.scitotenv.2017.12.202,13,V. Myrgiotis; Mat Williams; C. Topp; R. Rees
exclude,0.0,Qinzhuliangxue mixture alleviates psoriasis-like skin lesions via inhibiting the IL6/STAT3 axis.,Journal of Ethnopharmacology,2021,10.1016/j.jep.2021.114041,13,Ke-shen Qu; Ying Luo; X. Yan; L. Kuai; Y. Ru; Yue Luo; Jiankun Song; Wanquan Ji; Bin Li; Meng Xing
exclude,0.0,A New Therapy for Vitiligo Using Fire Needles: A Systematic Review of Evidence from 3618 Subjects,Evidence-Based Complementary and Alternative Medicine,2020,10.1155/2020/8492097,13,Ying Luo; W. Qian; T. Dai; Y. Ru; Xiaoying Sun; L. Kuai; Liu Liu; Meng Xing; Q. Zheng; Ying Zhang; Xi Chen; Huai-zhi Zhao; Bin Li; Xin Li
exclude,0.0,[Effects of manual acupuncture and electroacupuncture on mitochondria of skeletal muscle cells in rats of acute swimming exercise].,Zhongguo zhen jiu = Chinese acupuncture & moxibustion,2005,,13,Ming Gao; Hua-yuan Yang; Tang-yi Liu; L. Kuai
exclude,0.0,Deep Space 1 mission and observation of comet Borrelly,"The 2002 45th Midwest Symposium on Circuits and Systems, 2002. MWSCAS-2002.",2002,10.1109/mwscas.2002.1186874,13,Meemong Lee; R. Weidner; L. Soderblom
exclude,0.0,Original Version,,2021,,12,B. Byrne; J. Liu; M. Lee; Y. Yin; K. Bowman; K. Miyazaki; A. Norton; J. Joiner; D. Pollard; D. Griffith; V. Velazco; N. Deutscher; N. Jones; C. Paton‐Walsh
exclude,0.0,"Research on Hyperspectral Identification of Altered Minerals in Yemaquan West Gold Field, Xinjiang",Sustainability,2019,10.3390/su11020428,12,Ziwu Pan; Junjie Liu; Liqun Ma; Feng Chen; Guchang Zhu; Fen Qin; Hongliang Zhang; Jinting Huang; Yang Li; Juefan Wang
exclude,0.0,Univariate and Multivariate Assimilation of AIRS Humidity Retrievals with the Local Ensemble Transform Kalman Filter,,2009,10.1175/2009mwr2791.1,12,Junjie Liu; Hong Li; E. Kalnay; E. Kostelich; I. Szunyogh
exclude,0.0,Establishment of Mouse Models of Psoriasis with Blood Stasis Syndrome Complicated with Glucose and Lipid Metabolism Disorders,Evidence-Based Complementary and Alternative Medicine,2019,10.1155/2019/6419509,12,Ying Luo; Y. Ru; Huai-zhi Zhao; Liu Liu; Seokgyeong Hong; Xiaoying Sun; L. Kuai; Yi Lu; Meng Xing; Xi Chen; Jiankun Song; Yue Luo; Xiaoyan Fei; Yaqiong Zhou; Hong-jin Li; Bin Li; Xin Li
exclude,0.0,"Study of the decaysΛc+→Ξ0K+,Λc+→Σ+K+K−, andΛc+→Ξ−K+π+",,1993,10.1103/physrevlett.71.2391,12,P. Avery; A. Freyberger; J. Rodriguez; R. Stephens; J. Yelton; D. Cinabro; S. Henderson; K. Kinoshita; T. Liu; M. Saulnier; R. Wilson; H. Yamamoto; B. Ong; M. Selen; A. Sadoff; R. Ammar; S. Ball; P. Baringer; D. Coppage; N. Copty; R. Davis; N. Hancock; M. Kelly; N. Kwak; H. Lam; Y. Kubota; M. Lattery; J. Nelson; S. Patton; D. Perticone; R. Poling; V. Savinov; S. Schrenk; R. Wang; M. Alam; I. J. Kim; B. Nemati; J. O’Neill; V. Romero; H. Severini; C. Sun; M. Zoeller; G. Crawford; C. M. Daubenmier; R. Fulton; D. Fujino; K. Gan; K. Honscheid; H. Kagan; R. Kass; Jungmin Lee; R. Malchow; F. Morrow; Y. Skovpen; M. Sung; C. White; J. Whitmore; P. Wilson; F. Butler; X. Fu; G. Kalbfleisch; M. Lambrecht; W. Ross; P. Skubic; J. Snow; Pei Wang; M. Wood; D. Bortoletto; D. Brown; J. Fast; R. McIlwain; T. Miao; D. Miller; M. Modesitt; S. Schaffner; E. Shibata; I. Shipsey; P. Wang; M. Battle; J. Ernst; H. Kroha; S. Roberts; K. Sparks; E. Thorndike; C. Wang; J. Dominick; S. Sanghera; T. Skwarnicki; R. Stroynowski; M. Artuso; D. He; M. Goldberg; N. Horwitz; R. Kennett; G. Moneti; F. Muheim; Y. Mukhin; S. Playfer; Y. Rozen; S. Stone; M. Thulasidas; G. Vasseur; G. Zhu; J. Bartelt; S. Csorna; Z. Egyed; V. Jain; P. Sheldon; D. Akerib; B. Barish; M. Chadha; S. Chan; D. Cowen; G. Eigen; J. Miller; J. Urheim; A. Weinstein; D. Acosta; M. Athanas; G. Masek; H. Paar; M. Sivertz; A. Bean; J. Gronberg; R. Kutschke; S. Menary; R. Morrison; S. Nakanishi; H. Nelson; T. Nelson; J. Richman; A. Ryd; H. Tajima; D. Schmidt; D. Sperka; M. Witherell; M. Procario; S. Yang; R. Balest; K. Cho; M. Daoudi; W. Ford; D. Johnson; K. Lingel; M. Lohner; P. Rankin; J. Smith; J. Alexander; C. Bebek; K. Berkelman; D. Besson; T. Browder; D. Cassel; H. Cho; D. Coffman; P. Drell; R. Ehrlich; M. Garcia-Sciveres; B. Geiser; B. Gittelman; S. Gray; D. Hartill; B. Heltsley; C. Jones; S. L. Jones; J. Kandaswamy; N. Katayama; P. Kim; D. Kreinick; G. S. Ludwig; J. Masui; J. Mevissen; N. Mistry; C. Ng; E. Nordberg; M. Ogg; C. O'grady; J. Patterson; D. Peterson; D. Riley; S. Salman; M. Sapper; H. Worden; M. Worris; F. Würthwein
exclude,0.0,Inferring management and predicting sub-field scale C dynamics in UK grasslands using biogeochemical modelling and satellite-derived leaf area data,,2021,10.1016/j.agrformet.2021.108466,11,V. Myrgiotis; P. Harris; A. Revill; H. Sint; Mat Williams
exclude,0.0,Model evaluation in relation to soil N2O emissions: An algorithmic method which accounts for variability in measurements and possible time lags,Environmental Modelling & Software,2016,10.1016/j.envsoft.2016.07.002,11,V. Myrgiotis; Mat Williams; R. Rees; Kate E. Smith; R. Thorman; C. Topp
exclude,0.0,Global prevalence of mental health comorbidity in patients with acne: An analysis of trends from 1961 to 2023.,Clincal and Experimental Dermatology,2024,10.1093/ced/llae531,11,Yiran Chen; Su-Ling Sun; Han Yang; Xiao-ya Fei; Ying Zhang; Jiankun Song; Y. Ru; Hang Zhao; Ying Luo; L. Kuai; Yue Luo; Bin Li; Mengji Xie; Bin Fan; Xiao-jie Ding
exclude,0.0,Evolution of the Metaverse,MIS Q. Executive,2023,10.17705/2msqe.00079,11,Mary C. Lacity; J. Mullins; L. Kuai
exclude,0.0,Modular pharmacology-based approach to identify hub genes and kernel pathways of taodan granules treated psoriasis.,Journal of Ethnopharmacology,2021,10.1016/j.jep.2021.114485,11,Ying Zhang; Jiankun Song; Jing-Si Jiang; Shuang-Yi Yin; Yue Luo; Ying Luo; Xiao-jie Ding; Y. Ru; Liu Liu; Wei Li; L. Kuai; Bin Li
exclude,0.0,Efficacy and safety of Tripterygium wilfordii Hook. f. for oral lichen planus: Evidence from 18 randomized controlled trials,Phytotherapy Research,2020,10.1002/ptr.6672,11,Yue Luo; L. Kuai; Jia Chen; Xiaoying Sun; Liu Liu; Ying Luo; Y. Ru; Meng Xing; Xiao-jie Ding; Min Zhou; Bin Li; Xin Li
exclude,0.0,[Study on dose-effect relationship of electroacupuncture with different current intensities alleviating tibial cancer pain and inhibition of expression of spinal GFAP in rats].,Zhongguo zhen jiu = Chinese acupuncture & moxibustion,2012,,11,L. Kuai; Hao Chen; Ting-ting Zhang; Hua-yuan Yang
exclude,0.0,[Preliminary research on the standardization of acupuncture manipulation].,Zhongguo zhen jiu = Chinese acupuncture & moxibustion,2008,,11,Tang-yi Liu; L. Kuai; Hua-yuan Yang; Ming Gao
exclude,0.0,Towards the construction of a standard adjoint GEOS-Chem model,Spring Simulation Multiconference,2009,,11,Kumaresh Singh; Paul R. Eller; Adrian Sandu; D. Henze; K. Bowman; M. Kopacz; Meemong Lee
exclude,0.0,Measurement of two-photon production of the χc2,,1994,10.1103/physrevd.50.4265,11,J. Dominick; S. Sanghera; V. Shelkov; T. Skwarnicki; R. Stroynowski; I. Volobouev; P. Zadorozhny; M. Artuso; D. He; M. Goldberg; N. Horwitz; R. Kennett; G. Moneti; F. Muheim; Y. Mukhin; S. Playfer; Y. Rozen; S. Stone; M. Thulasidas; G. Vasseur; G. Zhu; J. Bartelt; S. Csorna; Z. Egyed; V. Jain; P. Sheldon; D. Akerib; B. Barish; M. Chadha; S. Chan; D. Cowen; G. Eigen; J. Miller; C. O'grady; J. Urheim; A. Weinstein; D. Acosta; M. Athanas; G. Masek; H. Paar; M. Sivertz; A. Bean; J. Gronberg; R. Kutschke; S. Menary; R. Morrison; S. Nakanishi; H. Nelson; T. Nelson; J. Richman; A. Ryd; H. Tajima; D. Schmidt; D. Sperka; M. Witherell; M. Procario; S. Yang; R. Balest; K. Cho; M. Daoudi; W. Ford; D. Johnson; K. Lingel; M. Lohner; P. Rankin; J. Smith; J. Alexander; C. Bebek; K. Berkelman; D. Besson; T. Browder; D. Cassel; H. Cho; D. Coffman; P. Drell; R. Ehrlich; R. Galik; M. Garcia-Sciveres; B. Geiser; B. Gittelman; S. Gray; D. Hartill; B. Heltsley; C. Jones; S. L. Jones; J. Kandaswamy; N. Katayama; P. Kim; D. Kreinick; G. S. Ludwig; J. Masui; J. Mevissen; N. Mistry; C. Ng; E. Nordberg; M. Ogg; J. Patterson; D. Peterson; D. Riley; S. Salman; M. Sapper; H. Worden; F. Würthwein; P. Avery; A. Freyberger; J. Rodriguez; R. Stephens; J. Yelton; D. Cinabro; S. Henderson; K. Kinoshita; T. Liu; M. Saulnier; F. Shen; R. Wilson; H. Yamamoto; B. Ong; M. Selen; A. Sadoff; R. Ammar; S. Ball; P. Baringer; D. Coppage; N. Copty; R. Davis; N. Hancock; M. Kelly; N. Kwak; H. Lam; Y. Kubota; M. Lattery; J. Nelson; S. Patton; D. Perticone; R. Poling; V. Savinov; S. Schrenk; R. Wang; M. Alam; I. J. Kim; B. Nemati; J. O’Neill; H. Severini; C. Sun; M. Zoeller; G. Crawford; M. Daubenmeir; R. Fulton; D. Fujino; K. Gan; K. Honscheid; H. Kagan; R. Kass; J. U. Lee; R. Malchow; F. Morrow; Y. Skovpen; M. Sung; C. White; J. Whitmore; P. Wilson; F. Butler; X. Fu; G. Kalbfleisch; M. Lambrecht; W. Ross; P. Skubic; J. Snow; Pei Wang; M. Wood; D. Bortoletto; D. Brown; J. Fast; R. McIlwain; T. Miao; D. Miller; M. Modesitt; S. Schaffner; E. Shibata; I. Shipsey; P. Wang; M. Battle; J. Ernst; H. Kroha; S. Roberts; K. Sparks; E. Thorndike; C. Wang
exclude,0.0,Measurement of the D→ππ branching fractions,,1993,10.1103/physrevlett.71.1973,11,M. Selen; A. Sadoff; R. Ammar; S. Ball; P. Baringer; D. Coppage; N. Copty; R. Davis; N. Hancock; M. Kelly; N. Kwak; H. Lam; Y. Kubota; M. Lattery; J. Nelson; S. Patton; D. Perticone; R. Poling; V. Savinov; S. Schrenk; R. Wang; M. Alam; I. J. Kim; B. Nemati; J. O’Neill; H. Severini; C. Sun; M. Zoeller; G. Crawford; C. M. Daubenmeir; R. Fulton; D. Fujino; K. Gan; K. Honscheid; H. Kagan; R. Kass; Jungmin Lee; R. Malchow; F. Morrow; Y. Skovpen; M. Sung; C. White; J. Whitmore; P. Wilson; F. Butler; X. Fu; G. Kalbfleisch; M. Lambrecht; W. Ross; P. Skubic; J. Snow; Pei Wang; M. Wood; Daniela Bortoletto; D. Brown; J. Fast; R. McIlwain; T. Miao; D. Miller; M. Modesitt; S. Schaffner; E. Shibata; I. Shipsey; Pu Wang; M. Battle; J. Ernst; H. Kroha; S. Roberts; K. Sparks; E. Thorndike; C. Wang; J. Dominick; S. Sanghera; T. Skwarnicki; R. Stroynowski; M. Artuso; D. He; M. Goldberg; N. Horwitz; R. Kennett; G. Moneti; F. Muheim; Y. Mukhin; S. Playfer; Y. Rozen; S. Stone; M. Thulasidas; G. Vasseur; G. Zhu; J. Bartelt; S. Csorna; Z. Egyed; V. Jain; P. Sheldon; D. Akerib; B. Barish; M. Chadha; S. Chan; D. Cowen; G. Eigen; J. Miller; C. O'grady; J. Urheim; A. Weinstein; D. Acosta; M. Athanas; G. Masek; B. Ong; H. Paar; M. Sivertz; A. Bean; J. Gronberg; R. Kutschke; S. Menary; R. Morrison; S. Nakanishi; H. Nelson; T. Nelson; J. Richman; A. Ryd; H. Tajima; D. Schmidt; D. Sperka; M. Witherell; M. Procario; S. Yang; R. Balest; K. Cho; M. Daoudi; W. Ford; D. Johnson; K. Lingel; M. Lohner; P. Rankin; J. Smith; J. Alexander; C. Bebek; K. Berkelman; D. Besson; T. Browder; D. Cassel; H. Cho; D. Coffman; P. Drell; R. Ehrlich; M. Garcia-Sciveres; B. Geiser; B. Gittelman; S. Gray; D. Hartill; B. Heltsley; C. Jones; S. L. Jones; J. Kandaswamy; N. Katayama; P. Kim; D. Kreinick; G. S. Ludwig; J. Masui; J. Mevissen; N. Mistry; C. Ng; E. Nordberg; M. Ogg; J. Patterson; D. Peterson; D. Riley; S. Salman; M. Sapper; H. Worden; F. Würthwein; P. Avery; A. Freyberger; J. Rodriguez; R. Stephens; J. Yelton; D. Cinabro; S. Henderson; K. Kinoshita; Tao Liu; M. Saulnier; F. Shen; R. Wilson; H. Yamamoto
exclude,0.0,Filtration of Bioaerosols Using Fibrous Air Filter Media,,2009,10.1080/10789669.2009.10390884,10,Junjie Liu; Ruiying Qi; Quanpeng Li; Guiyuan Han; Jian-cheng Qi
exclude,0.0,Sheng-ji Hua-yu ointment ameliorates cutaneous wound healing in diabetes via up-regulating CCN1.,Journal of Ethnopharmacology,2022,10.2139/ssrn.4243464,10,Dan-Zhou Yang; Yilun Tan; Ying Zhang; Jiankun Song; Yue Luo; Ying Luo; Xiao-ya Fei; Y. Ru; Bin Li; Jing-Si Jiang; L. Kuai
exclude,0.0,Fibrinogen-Like Protein 1 as a Novel Biomarker of Psoriasis Severity,Journal of Inflammation Research,2022,10.2147/jir.s378953,10,Xiaoying Sun; Liu Liu; Siting Chen*; Jiao Wang; X.‐c. Cai; Jiankun Song; Min Zhou; Dongjie Guo; L. Kuai; Xiao-jie Ding; Bin Li; Xin Li
exclude,0.0,Post-Translational Modifications in Atopic Dermatitis: Current Research and Clinical Relevance,Frontiers in Cell and Developmental Biology,2022,10.3389/fcell.2022.942838,10,Xin Ma; Y. Ru; Ying Luo; L. Kuai; Qilong Chen; Yun Bai; Y. Liu; Jia Chen; Yue Luo; Jiankun Song; Min Zhou; Bin Li
exclude,0.0,Design-based mission operation,IEEE Aerospace Conference. Proceedings,2001,10.1109/aero.2001.931421,10,Meemong Lee; R. Weidner; Wenwen Lu
exclude,0.0,PHYSICAL EXCHANGES AT THE AIR-SEA INTERFACE UK-SOLAS Field Measurements,,2017,,9,M. Yelland; R. Upstill‐Goddard; P. Nightingale; Steve Archer; E. D’Asaro; R. Beale; C. Beatty; B. Blomquist; A. Bloom; B. Brooks; John Cluderay; D. Coles; J. Dacey; M. DeGrandpre; J. Dixon; W. Drennan; Joseph Gabriele; Laura Goldson; N. Hardman-Mountford; K. Martin; Hill; M. Horn; P. Hsueh; B. Huebert; G. Leeuw; T. Leighton; M. Liddicoat; J. Lingard; C. McNeil; B. Moat; Gerald; Moore; C. Neill; S. Norris; S. O'Doherty; R. Pascal; J. Prytherch; Miké; Rebozo; E. Sahlée; Matt Salter; U. Schuster; H. Michael; Smith; Paul Smith; J. Stephens; P. Taylor
exclude,0.0,Evaluation of atmosphere-biosphere exchange estimations with TCCON measurements,,2012,10.5194/acpd-12-12759-2012,9,J. Messerschmidt; N. Parazoo; N. Deutscher; C. Roehl; T. Warneke; P. Wennberg; D. Wunch
exclude,0.0,"Integration of passive and active microwave data from SMAP, AMSR2 and Sentinel-1 for Soil Moisture monitoring",IEEE International Geoscience and Remote Sensing Symposium,2016,10.1109/igarss.2016.7730368,9,E. Santi; S. Paloscia; S. Pettinato; D. Entekhabi; S. H. Alemohammad; A. Konings
exclude,0.0,"Supplementary material to ""Aircraft-based inversions quantify the importance of wetlands and livestock for Upper Midwest methane emissions""",,2020,10.5194/acp-2020-826-supplement,9,Xueying Yu; D. B. Millet; K. C. Wells; D. Henze; H. Cao; T. Griffis; E. Kort; G. Plant; M. J. Deventer; R. Kolka; D. Tyler Roman; K. Davis; A. Desai; Bianca C. Baier; K. McKain; A. Czarnetzki; A. A. Bloom
exclude,0.0,Qinzhuliangxue mixture ameliorates psoriasis by restraining apoptosis in psoriasis via downregulating the MDA-5 pathway.,Journal of Ethnopharmacology,2024,10.1016/j.jep.2024.118059,9,Guomi Wang; Ting-ting Xue; Qi Zheng; Xun Song; Ying Zhang; Fang Shen; Xuemin Wang; Wencheng Jiang; L. Kuai; Shaoqiong Xie; Xin Ma; Xi Chen; Bin Li
exclude,0.0,Moving cupping therapy for plaque psoriasis,Medicine,2020,10.1097/md.0000000000022539,9,Meng Xing; Xiao-jie Ding; Jinjing Zhang; L. Kuai; Y. Ru; Xiaoying Sun; Tian Ma; X. Miao; Liu Liu; Yanjiao Wang; Bin Li; Xin Li
exclude,0.0,[Impact of different emulated acupuncture-needle manipulations on blood pressure and myocardial angiotensin II content in spontaneous hypertension rats].,Zhen ci yan jiu = Acupuncture research,2008,,9,Hua-yuan Yang; X. Zhong; Tang-yi Liu; L. Kuai; Ming Gao
exclude,0.0,[Research on real-time data collection and demonstration system for acupuncture manipulation].,Zhong xi yi jie he xue bao = Journal of Chinese integrative medicine,2006,10.3736/jcim20060319,9,Hua-yuan Yang; Tang-yi Liu; L. Kuai; Ming Gao; Zhuicheng Hu
exclude,0.0,Mission lifecycle modeling and simulation,IEEE Aerospace Conference. Proceedings,2000,10.1109/aero.2000.878450,9,Meemong Lee; R. Weidner; Wenwen Lu
exclude,0.0,Simple Doppler Wind Lidar adaptive observation experiments with 3D‐Var and an ensemble Kalman filter in a global primitive equations model,,2007,10.1029/2007gl030707,8,Junjie Liu; E. Kalnay
exclude,0.0,An experimental analysis of full scale light-frame timber modules,Engineering structures,2024,10.1016/j.engstruct.2024.117617,8,Rajan Maharjan; L. Kuai; J. Vessby; S. Ormarsson
exclude,0.0,An Efficacy Predictive Method for Diabetic Ulcers Based on Higher-Order Markov Chain-Set Pair Analysis,Evidence-Based Complementary and Alternative Medicine,2020,10.1155/2020/5091671,8,L. Kuai; X. Fei; Jia-qi Xing; Jing-ting Zhang; Ke-qin Zhao; Kan Ze; Xin Li; Bin Li
exclude,0.0,Profiling Tropospheric CO2 using the Aura TES and TCCON instruments,,2012,10.5194/amtd-5-4495-2012,8,L. Kuai; J. Worden; S. Kulawik; K. Bowman; S. Biraud; J. Abshire; S. Wofsy; V. Natraj; C. Frankenberg; D. Wunch; B. Connor; C. Miller; C. Roehl; R. Shia; Y. Yung
exclude,0.0,"[Exploitation and application of ""acupuncture manipulation information analysis system""].",Zhen ci yan jiu = Acupuncture research,2008,,8,Tang-yi Liu; Hua-yuan Yang; Xiaojun Li; L. Kuai; Ming Gao
exclude,0.0,[Current status and prospect of acupuncture-moxibustion in treatment of cancer pain: a review].,Zhong xi yi jie he xue bao = Journal of Chinese integrative medicine,2008,10.3736/jcim20080219,8,L. Kuai; Hao Chen; Hua-yuan Yang
exclude,0.0,Observational constraints on ozone radiative forcing from the Atmospheric Chemistry Climate Model Intercomparison Project (ACCMIP),,2012,10.5194/acpd-12-23603-2012,8,K. Bowman; D. Shindell; H. Worden; J. Lamarque; P. Young; D. Stevenson; Z. Qu; M. Torre; D. Bergmann; P. Cameron-smith; W. Collins; R. Doherty; S. Dalsøren; G. Faluvegi; G. Folberth; L. Horowitz; B. Josse; Y. Lee; I. MacKenzie; G. Myhre; T. Nagashima; V. Naik; D. Plummer; S. Rumbold; R. Skeie; S. Strode; K. Sudo; S. Szopa; A. Voulgarakis; G. Zeng; S. Kulawik; J. Worden
exclude,0.0,Avoiding emissions versus creating sinks—Effectiveness and attractiveness to climate finance,Global Change Biology,2023,10.1111/gcb.16598,7,Mat Williams; D. Reay; Pete Smith
exclude,0.0,An Adjoint-Based Forecast Impact from Assimilating MISR Winds into the GEOS-5 Data Assimilation and Forecasting System,,2017,10.1175/mwr-d-17-0047.1,7,K. Mueller; Junjie Liu; W. McCarty; R. Gelaro
exclude,0.0,Gene set enrichment analysis and ingenuity pathway analysis to verify the impact of Wnt signaling in psoriasis treated with Taodan granules.,American journal of translational research,2023,,7,Yiran Chen; Zhan Zhang; Ying Zhang; Jing-Si Jiang; Yue Luo; Xiao-ya Fei; Y. Ru; Bin Li; Huiping Zhang; Tai-yi Liu; Yingyao Yang; L. Kuai; Jiankun Song; Ying Luo
exclude,0.0,Application of a Cloud Model-Set Pair Analysis in Efficacy Assessment for Diabetic Ulcers,Evidence-Based Complementary and Alternative Medicine,2019,10.1155/2019/8450397,7,L. Kuai; Jia-qi Xing; Jing-ting Zhang; Xun-zhe Xu; Min-feng Wu; Ke-qin Zhao; Bin Li; Fulun Li
exclude,0.0,[Protective Effects of Acupuncture Intervention Against Damage of Intestinal Mucosal Barrier Induced by 5-Fluorouracil in Rats].,Zhen ci yan jiu = Acupuncture research,2016,,7,Y. Ye; Yu-sun Lu; Xue Zhou; Huifeng Chen; S. Xue; L. Kuai
exclude,0.0,Requirements for a Moderate-resolution Infrared Imaging Sounder (MIRIS),Optics & Photonics - Optical Engineering + Applications,2013,10.1117/12.2023813,7,T. Pagano; H. Aumann; A. Gerber; L. Kuai; I. Gontijo; B. Deleon; J. Susskind; L. Iredell; S. Bajpai
exclude,0.0,Ongoing Progress Toward NASA's Surface Biology and Geology Mission,IEEE International Geoscience and Remote Sensing Symposium,2022,10.1109/igarss46834.2022.9884123,7,D. Thompson; R. Basilio; Ian G. Brosnan; K. Cawse-Nicholson; K. Chadwick; L. Guild; M. Gierach; R. Green; S. Hook; Scott D. Horner; G. Hulley; R. Kokaly; C. Miller; K. Miner; Christine M. Lee; D. Limonadi; J. Luvall; R. Pavlick; B. Phillips; B. Poulter; A. Raiho; K. Reath; S. Uz; A. Sen; S. Serbin; D. Schimel; P. Townsend; W. Turner; K. Turpie
exclude,0.0,"L2 Daily Solar-Induced Fluorescence (SIF) from ERS-2 GOME, 1995-2003",,2019,10.3334/ornldaac/1758,6,J. Joiner; Y. Yoshida; P. Koehler; C. Frankenberg; N. Parazoo
exclude,0.0,A systematic approach to identifying key parameters and processes in agroecosystem models,,2018,10.1016/j.ecolmodel.2017.12.009,6,V. Myrgiotis; R. Rees; C. Topp; Mat Williams
exclude,0.0,The science and measurement concepts underlying the BIOMASS mission,IEEE International Geoscience and Remote Sensing Symposium,2012,10.1109/igarss.2012.6352350,6,S. Quegan; J. Chave; J. Dall; T. Toan; K. Papathanassiou; F. Rocca; S. Saatchi; K. Scipal; H. Shugart; L. Ulander; Mat Williams
exclude,0.0,Experimental study of sediment-CO2 reactions with application to changes in groundwater quality due to leakage of sequestered CO2,,2009,,6,J. Carey; Mat Williams; A. Hakala; J. Fessenden; E. Keating
exclude,0.0,Efficacy and Safety of Fire Needle Therapy for Flat Warts: Evidence from 29 Randomized Controlled Trials,Evidence-Based Complementary and Alternative Medicine,2021,10.1155/2021/9513762,6,Ying Zhang; Jing-Si Jiang; L. Kuai; Yue Luo; Jia-le Chen; Yanjiao Wang; Rong Xu; Meng Xing; Liu Liu; Xin Li; Bin Li
exclude,0.0,Millimeter-wave wireless communications for home network in fiber-to-the-room scenario,Frontiers of Information Technology & Electronic Engineering,2021,10.1631/fitee.2000440,6,Chao He; Zhixiong Ren; Xiang Wang; Yan Zeng; Jian Fang; Debin Hou; L. Kuai; Rong Lu; Shilin Yang; Zhe Chen; Jixin Chen
exclude,0.0,[Acupoint electrogymnastics therapy for treatment of apoplectic hemiplegia: a multicenter randomized control study].,Zhongguo zhen jiu = Chinese acupuncture & moxibustion,2008,,6,Hua-yuan Yang; Tang-yi Liu; Yan-hong Wang; Sheng-guo Ying; Chao-Ying Zheng; L. Kuai; Ming Gao
exclude,0.0,[Problems in traditional acupoint electric characteristic detection and conception of new acupoint detection method].,Zhongguo zhen jiu = Chinese acupuncture & moxibustion,2007,,6,Tang-yi Liu; Hua-yuan Yang; L. Kuai; Ming Gao
exclude,0.0,Improving GEOS-Chem Model Tropospheric Ozone through Assimilation of Pseudo Tropospheric Emission Spectrometer Profile Retrievals,International Conference on Conceptual Structures,2009,10.1007/978-3-642-01973-9_34,6,Kumaresh Singh; Paul R. Eller; Adrian Sandu; K. Bowman; Dylan B. A. Jones; Meemong Lee
exclude,0.0,"Observation ofΛc+ decays to Λπ+π0, Σ0π+, Σ0π+π0, and Σ0π-π+π+",,1994,10.1016/0370-2693(94)90100-7,6,P. Avery; A. Freyberger; J. Rodriguez; R. Stephens; J. Yelton; D. Cinabro; S. Henderson; K. Kinoshita; T. Liu; M. Saulnier; F. Shen; Richard K. Wilson; H. Yamamoto; B. Ong; M. Selen; A. Sadoff; R. Ammar; S. Ball; P. Baringer; D. Coppage; N. Copty; R. Davis; N. Hancock; M. Kelly; N. Kwak; H. Lam; Y. Kubota; M. Lattery; J. Nelson; S. Patton; D. Perticone; R. Poling; V. Savinov; S. Schrenk; Ruifang Wang; M. Alam; I. J. Kim; B. Nemati; J. O’Neill; H. Severini; C. Sun; M. Zoeller; G. Crawford; C. M. Daubenmier; R. Fulton; D. Fujino; K. Gan; K. Honscheid; H. Kagan; R. Kass; Jongseo Lee; R. Malchow; F. Morrow; Y. Skovpen; M. Sung; C. White; J. Whitmore; P. Wilson; F. Butler; X. Fu; G. Kalbfleisch; M. Lambrecht; W. Ross; P. Skubic; J. Snow; P. Wang; M. Wood; D. Bortoletto; D. Brown; J. Fast; R. McIlwain; T. Miao; D. Miller; M. Modesitt; S. Schaffner; E. Shibata; I. Shipsey; P. Wang; M. Battle; J. Ernst; H. Kroha; S. Roberts; K. Sparks; E. Thorndike; C. Wang; J. Dominick; S. Sanghera; V. Shelkov; T. Skwarnicki; R. Stroynowski; I. Volobouev; P. Zadorozhny; M. Artuso; D. He; M. Goldberg; N. Horwitz; R. Kennett; G. Moneti; F. Muheim; Y. Mukhin; S. Playfer; Y. Rozen; S. Stone; M. Thulasidas; G. Vasseur; G. Zhu; J. Bartelt; S. Csorna; Z. Egyed; V. Jain; D. Akerib; B. Barish; M. Chadha; S. Chan; D. Cowen; G. Eigen; J. Miller; C. O'grady; J. Urheim; A. Weinstein; D. Acosta; M. Athanas; G. Masek; H. Paar; A. Bean; J. Gronberg; R. Kutschke; S. Menary; R. J. Morrison; S. Nakanishi; H. Nelson; T. Nelson; J. Richman; A. Ryd; H. Tajima; D. Schmidt; D. Sperka; M. Witherell; M. Procario; S. Yang; R. Balest; K. Cho; M. Daoudi; W. Ford; D. Johnson; K. Lingel; M. Lohner; P. Rankin; J. Smith; J. Alexander; C. Bebek; K. Berkelman; D. Besson; T. Browder; D. Cassel; H. Cho; D. Coffman; P. Drell; R. Ehrlich; M. Garcia-Sciveres; B. Geiser; B. Gittelman; S. Gray; D. Hartill; B. Heltsley; C. Jones; S. L. Jones; J. Kandaswamy; N. Katayama; P. Kim; D. Kreinick; G. S. Ludwig; J. Masui; J. Mevissen; N. Mistry; C. Ng; E. Nordberg; M. Ogg; J. R. Patterson; D. Peterson; D. Riley; S. Salman; M. Sapper; H. Worden; F. Würthwein
exclude,0.0,Correction: Multiscale digital Arabidopsis predicts individual organ and whole-organism growth (Proc Natl Acad Sci USA (2014) 111 (E4127-E4136)),,2016,,5,Yin Hoon Chew; B. Wenden; A. Flis; Virginie Mengin; Jasper Taylor; C. Davey; C. Tindal; H. Thomas; H. Ougham; P. Reffye; M. Stitt; Mat Williams; R. Muetzelfeldt; K. Halliday; A. Millar
exclude,0.0,Epidemiology of malignant tumors in patients with pemphigus: an analysis of trends from 1955 to 2021,Clinical and Experimental Medicine (Testo stampato),2024,10.1007/s10238-024-01354-8,5,Yue Luo; Xiao-ya Fei; Ming-xia Wang; Han Yang; Ying Zhang; Yiran Chen; Ying Luo; Xiao-jie Ding; Chun-jie Gao; Fang Shen; Ruiping Wang; Bin Li; L. Kuai; Qi Zheng; Miao Li; Jiankun Song
exclude,0.0,Blockchain-Enabled Variational Information Bottleneck for IoT Networks,IEEE Networking Letters,2024,10.1109/lnet.2024.3376435,5,Qiong Wu; L. Kuai; Pingyi Fan; Qian-Xi Fan; Junhui Zhao; Jiangzhou Wang
exclude,0.0,The therapeutic efficacy and mechanism action of Si Cao formula in the treatment of psoriasis: A pilot clinical investigation and animal validation.,Journal of Ethnopharmacology,2023,10.1016/j.jep.2023.117662,5,Xinxin Wu; Qi Zheng; Fang Shen; Jiankun Song; Yue Luo; Xiao-ya Fei; Wencheng Jiang; Shaoqiong Xie; Xin Ma; L. Kuai; Ruiping Wang; Xiao-jie Ding; Miao Li; Ying Luo; Bin Li
exclude,0.0,A Novel Evaluation System of Psoriasis Curative Effect Based on Bayesian Maximum Entropy Weight Self-Learning and Extended Set Pair Analysis,Evidence-Based Complementary and Alternative Medicine,2021,10.1155/2021/5544516,5,L. Kuai; Xiaojun Fei; Jing-Si Jiang; Xin Li; Ying Zhang; Y. Ru; Ying Luo; Jiankun Song; Wei Li; Shuang-Yi Yin; Bin Li
exclude,0.0,Association between PDCD1 gene polymorphisms and psoriasis susceptibility in the Chinese population,International Journal of Dermatology,2021,10.1111/ijd.15665,5,S. Hua; Bin Fan; W. Mao; Rong Xu; Yifei Wang; L. Kuai; Xiao-jie Ding; Bin Li; Jie Chen; X. Miao
exclude,0.0,Efficacy and safety of Tripterygium glycosides in Sjögren's syndrome treatment: evidence from 12 randomized controlled trials.,Annals of Palliative Medicine,2021,10.21037/apm-21-256,5,Yue Luo; Ying Zhang; L. Kuai; Meng Xing; Y. Ru; Ying Luo; Liu Liu; Jia-le Chen; Bin Li; Xin Li
exclude,0.0,Wide band compact RF receiver for millimeter wave 5G mobile communication,International Conference on Ubiquitous Wireless Broadband,2016,10.1109/icuwb.2016.7790399,5,Weiquan Lin; Jixin Chen; Yueyue Zhu; F. Kong; Junfeng Xu; L. Kuai; Chao Yu; P. Yan; W. Hong
exclude,0.0,Virtual Mission Systems for Multi-Disciplinary Engineering System Design,,2005,10.2514/6.2005-6836,5,Meemong Lee; R. Weidner
exclude,0.0,Observation of the Decay,,2011,,5,S. Henderson; K. Kinoshita; F. Pipkin; M. Saulnier; Richard K. Wilson; J. Wolinski; D. Xiao; H. Yamamoto; A. Sadoff; R. Ammar; P. Baringer; D. Coppage; R. Davis; M. Kelly; N. Kwak; H. Lam; S. Ro; Y. Kubota; M. Lattery; J. Nelson; D. Perticone; R. Poling; S. Schrenk; Ruifang Wang; M. Alam; I. J. Kim; J. O’Neill; B. Nemati; V. Romero; H. Severini; C. Sun; P. Wang; M. Zoeller; G. Crawford; R. Fulton; K. Gan; H. Kagan; R. Kass; Jongseo Lee; R. Malchow; F. Morrow; M. Sung; J. Whitmore; P. Wilson; F. Butler; X. Fu; G. Kalbfleisch; M. Lambrecht; P. Skubic; J. Snow; P. Wang; D. Bortoletto; D. Brown; J. Dominick; R. McIlwain; D. Miller; M. Modesitt; E. Shibata; S. Schaffner; I. Shipsey; M. Battle; J. Ernst; H. Kroha; S. Roberts; K. Sparks; E. Thorndike; C. Wang; R. Stroynowski; M. Artuso; M. Goldberg; T. Haupt; N. Horwitz; R. Kennett; G. Moneti; S. Playfer; Y. Rozen; P. Rubin; T. Skwarnicki; S. Stone; M. Thulasidas; W. Yao; G. Zhu; A. Barnes; J. Bartelt; S. Csorna; V. Jain; T. Letson; M. Mestayer; D. Akerib; B. Barish; D. Cowen; G. Eigen; J. Urheim; A. Weinstein; R. Morrison; H. Tajima; D. Schmidt; D. Sperka; M. Procario; M. Daoudi; W. Ford; D. Johnson; K. Lingel; M. Lohner; P. Rankin; J. Smith; J. Alexander; C. Bebek; K. Berkelman; D. Besson; T. Browder; D. Cassel; E. Cheu; D. Coffman; P. Drell; R. Ehrlich; R. Galik; M. Garcia-Sciveres; B. Geiser; B. Gittelman; S. Gray; D. Hartill; B. Heltsley; K. Honscheid; C. Jones; J. Kandaswamy; N. Katayama; P. Kim; D. Kreinick; G. S. Ludwig; J. Masui; J. Mevissen; N. Mistry; S. Nandi; C. Ng; E. Nordberg; C. O'grady; J. Patterson; D. Peterson; D. Riley; M. Sapper; M. Selen; H. Worden; M. Worris; F. Würthwein; P. Avery; A. Freyberger; J. Rodriguez; J. Yelton
exclude,0.0,"Synthesis of Winter In Situ Soil CO2 Flux in pan-Arctic and Boreal Regions, 1989-2017",,2019,10.3334/ornldaac/1692,4,S. Natali; J. Watts; S. Potter; B. Rogers; S. Ludwig; A. Selbmann; P. Sullivan; Benjamin W. Abbott; K. Arndt; A. Bloom; G. Celis; T. Christensen; C. Christiansen; R. Commane; E. Cooper; P. Crill; C. Czimczik; S. Davydov; J. Du; J. Egan; B. Elberling; S. E. Euskirchen; T. Friborg; H. Genet; J. Goodrich; P. Grogan; M. Helbig; Elchin E. Jafarov; J. Jastrow; A. Kalhori; Y. Kim; J. Kimball; L. Kutzbach; M. Lara; K. Larsen; B. Lee; Z. Liu; M. Loranty; M. Lund; M. Lupascu; N. Madani; A. Malhotra; R. Matamala; J. McFarland; A. McGuire; A. Michelsen; C. Minions; W. Oechel; D. Olefeldt; F. Parmentier; N. Pirk; B. Poulter; W. Quinton; F. Rezanezhad; D. Risk; T. Sachs; K. Schaefer; N. Schmidt; E. Schuur; P. Semenchuk; G. Shaver; O. Sonnentag; G. Starr; C. Treat; M. Waldrop; Yicheng Wang; J. Welker; C. Wille; X. Xu; Z. Zhang; Q. Zhuang; D. Zona
exclude,0.0,Physically-based active-passive modelling and retrieval for SMAP soil moisture inversion algorithm,IEEE International Geoscience and Remote Sensing Symposium,2015,10.1109/igarss.2015.7326013,4,T. Jagdhuber; D. Entekhabi; I. Hajnsek; A. Konings; K. McColl; S. H. Alemohammad; N. Das; C. Montzka
exclude,0.0,Polyphenol-synthesized nanoparticles with ALDH3A1 delivery ability for activating estrogen signaling for diabetic wound healing,Chemical Engineering Journal,2025,10.1016/j.cej.2025.166751,4,Xiaoxuan Ma; Yiqiong Liu; Jingsi Jiang; Y. Ru; Ying Luo; Jiankun Song; Zhan Zhang; Ying Zhang; Dan Yang; Haotian Xu; Haiqing Dong; Yongyong Li; Bin Li; L. Kuai
exclude,0.0,How Many Public Corporations Recognise “Token Economy” Technologies as Materially Significant? Evidence from 10-K Reports,The Journal of British Blockchain Association,2022,10.31585/jbba-5-2-(2)2022,4,Mary C. Lacity; L. Kuai; Jeffrey Mullins
exclude,0.0,[Fuzzy cluster analysis of therapeutic effects of electro-acupuncture at different parameters].,Zhong xi yi jie he xue bao = Journal of Chinese integrative medicine,2009,10.3736/jcim20090515,4,L. Kuai; Ru-feng Jin; Ming Gao; Hua-yuan Yang
exclude,0.0,[Design of acupoint electric characteristic sensing needle].,Zhongguo zhen jiu = Chinese acupuncture & moxibustion,2007,,4,Tang-yi Liu; Hua-yuan Yang; L. Kuai; Ming Gao
exclude,0.0,[Analgesic effects of electroacupuncture of different pulse waveforms in the rat of adjuvant arthritis].,Zhongguo zhen jiu = Chinese acupuncture & moxibustion,2005,,4,L. Kuai; Hua-yuan Yang; Tang-yi Liu; Ming Gao
exclude,0.0,Advanced Technologies Demonstrated by the Miniature Integrated Camera and Spectrometer (MICAS) Aboard Deep Space 1,,2007,10.1007/s11214-007-9155-9,4,D. Rodgers; P. Beauchamp; L. Soderblom; Robert H. Brown; Gun-Shing Chen; Meemong Lee; B. Sandel; David A. Thomas; R. Benoit; R. Yelle
exclude,0.0,Application of the Multi-Scale Infrastructure for Chemistry and Aerosols 1 version 0 (MUSICAv0) for air quality in Africa 2,,2023,,4,Wenfu Tang; L. Emmons; H. Worden; R. Kumar; Cenlin He; B. Gaubert; Zhonghua Zheng; S. Tilmes; R. Buchholz; Sara-Eva; Martinez-Alonso; C. Granier; A. Soulié; K. McKain; B. Daube; J. Peischl; C. Thompson; P. Levelt
exclude,0.0,Earth Observing System (EOS) Tropospheric Emission Spectrometer (TES),,2013,,4,R. Herman; S. Kulawik; K. Bowman; K. Cady-Pereira; A. Eldering; B. Fisher; D. Jacob; M. Luo; G. Osterman; S. Paradise; V. Payne; N. Richards; D. Rider; Doug Shepard; M. Shephard; F. Vilnrotter; H. Worden; J. Worden; Hyejung Yun; Lin Zhang
exclude,0.0,TES radiometric assessment,,2005,,4,H. Worden; E. Sarkissian; K. Bowman; B. Fisher; D. Rider; H. Aumann; M. Apolinski; R. C. Debaca; S. Gluck; M. Madatyan; J. McDuffie; D. Tremblay; M. Shephard; K. Cady-Pereira; D. Tobin; H. Revercomb
exclude,0.0,"L2 Solar-Induced Fluorescence (SIF) from SCIAMACHY, 2003-2012",,2021,10.3334/ornldaac/1871,3,J. Joiner; Y. Yoshida; P. Koehler; C. Frankenberg; N. Parazoo
exclude,0.0,CO 2 ﬂux estimation errors associated with moist atmospheric processes,,,,3,N. Parazoo; A. Denning; S. Kawa; S. Pawson; R. Lokupitiya
exclude,0.0,Global GPP simulated by the JULES land surface model for 2001-2010,,2016,10.7488/ds/1461,3,Darren Slevin; S. Tett; Mat Williams
exclude,0.0,Characterization of metal powder based rapid prototyping components under aluminium high pressure die casting process conditions,,2009,,3,M.F.V.T. Pereira; Mat Williams; W. D. Preez
exclude,0.0,Application of local ensemble transform Kalman filter: Perfect model experiments with NASA FVGCM model,,2006,,3,Junjie Liu; E. Fertig; Hong Li; I. Szunyogh; B. Hunt; E. Kalnay; E. Kostelich; R. Todling
exclude,0.0,KGSD-Net: a knowledge graph syndrome differentiation network for syndrome classification,Frontiers in Medicine,2025,10.3389/fmed.2025.1555781,3,Guokai Zhang; Haoyu Jiang; L. Kuai; Bin Li; Chenxi Huang; Xiao-ya Fei; Zhiyuan Huang
exclude,0.0,CRISPR/Cas9-Mediated Knockout and Overexpression Studies Unveil the Role of PD-L1 in Immune Modulation in a Psoriasis-like Mouse Model,Inflammation,2025,10.1007/s10753-025-02281-w,3,Chun-jie Gao; Yunxi Cai; Xinxin Wu; Jiankun Song; Qi Zheng; Ming-xia Wang; Ying Luo; Yue Luo; Xiao-ya Fei; Ying Zhang; Yang Yang; L. Kuai; Y. Ru; Seokgyeong Hong; Na Tian; Bin Li; Zhan Zhang
exclude,0.0,Efficacy and safety of Kangfuxin liquid for eczema: a systematic review and meta-analysis,Archives of Dermatological Research,2025,10.1007/s00403-025-03983-9,3,Yi-ran Chen; Xiao-fan Yang; Xiao-jie Ding; Ying Luo; L. Kuai; Bin Li; Mi Zhou; Yue Luo; Xiao-ya Fei
exclude,0.0,A numerical study of prefabricated full-scale light-frame timber modules including inter-modular connections,Structures,2025,10.1016/j.istruc.2025.108865,3,Rajan Maharjan; L. Kuai; J. Vessby; S. Ormarsson
exclude,0.0,Beyond Skin Clearance: Personalized Strategies for DLQI Improvement in Psoriasis -Insights From a Shanghai Prospective Cohort,Psoriasis,2025,10.2147/ptt.s534881,3,Xin Ma; Quanruo Xu; L. Kuai; Fanlingzi Shen; Zhen Duan; Xiangjin Gao; Rui Zhang; Ruiping Wang
exclude,0.0,Web 2 vs. Web 3 Paths to the Metaverse: Who Is Leading? Who Should Lead?,The Journal of British Blockchain Association,2023,10.31585/jbba-6-2-(6)2023,3,L. Kuai; Mary C. Lacity; Jeffrey K. Mullins
exclude,0.0,CD4/CD8 dual-positive mycosis fungoides,Medicine,2020,10.1097/md.0000000000022786,3,Xiao-jie Ding; Jia Chen; L. Kuai; Meng Xing; Y. Ru; Ying Luo; Yue Luo; Min Zhou; Bin Li; Xin Li
exclude,0.0,A Frequency Synthesizer for LO in Millimeter-wave 5G Massive MIMO System,Asia-Pacific Microwave Conference,2019,10.1109/apmc46564.2019.9038807,3,L. Kuai; W. Hong; Jixin Chen; Houxing Zhou
exclude,0.0,[Quantitative research on effects of electroacupuncture on different parameters on analgesia in rats with adjuvant-induced arthritis].,Sheng wu yi xue gong cheng xue za zhi = Journal of biomedical engineering = Shengwu yixue gongchengxue zazhi,2007,,3,L. Kuai; Hua-yuan Yang; Tang-yi Liu; Ming Gao
exclude,0.0,An Atmospheric Science Observing System Simulation Experiment (OSSE) Environment,,2010,,3,Meemong Lee; R. Weidner; Zheng Qu; K. Bowman; A. Eldering
exclude,0.0,Sensor-web Operations Explorer (SOX) for Integrated Air Quality Campaign,,2008,,3,Meemong Lee; R. Weidner; K. Bowman; Adrian Sandu; Kumaresh Singh
exclude,0.0,Science Operation and Mission Lifecycle,,2002,10.2514/6.2002-t3-43,3,Meemong Lee; R. Weidner; Shin-Ywan Wang; L. Jp; L. Soderblom
exclude,0.0,Encounter Geometry and Science Data Gathering Simulation,,1997,10.2514/6.1997-3817,3,Meemong Lee; R. Swartz; A. Teng; R. Weidner
exclude,0.0,State of the Art in Image Processing,,1993,10.1007/978-3-642-78102-5_15,3,Meemong Lee; C. Anderson; R. Weidner
exclude,0.0,Sea-ice Analysis Software - Iceman,"International Geoscience and Remote Sensing Symposium, 'Remote Sensing: Moving Toward the 21st Century'.",1988,10.1109/igarss.1988.569568,3,Meemong Lee
exclude,0.0,Image-Analysis Techniques for Determination of Morphology and Kinematics in Arctic Sea Ice,Annals of Glaciology,1987,10.3189/s0260305500000458,3,Meemong Lee; Wei-Liang Yang
exclude,0.0,Reversible seismic data compression,"IEEE International Conference on Acoustics, Speech, and Signal Processing",1982,10.1109/icassp.1982.1171830,3,Meemong Lee; R. Yarlagadda
exclude,0.0,"Lightning NO x emissions over the USA investigated using TES, NLDN, LRLDN, IONS data and the GEOS-Chem model",,2009,10.5194/acpd-9-1123-2009,3,L. Jourdain; S. Kulawik; H. Worden; K. Pickering; J. Worden; A. Thompson
exclude,0.0,A Better Way to Monitor Greenhouse Gases,EOS,2025,10.1029/2025eo250395,2,D. Carroll; N. Parazoo; H. Nesser; Y. Bar-On; Z. Pierrat
exclude,0.0,Remotely sensed live fuel moisture content across the Western USA and its relationship with climate aridity,,2019,,2,K. Rao; A. P. Williams; A. Konings
exclude,0.0,Upscaling Tundra CO 2 Exchange from Chamber to Eddy Covariance Tower Abstract,,2013,,2,P. Stoy; Mat Williams; Jonathan G. Evans; A. Prieto-Blanco; M. Disney; T. Hill; H. Ward; T. Wade; L. Street
exclude,0.0,Reducing non value adding aluminium alloy in production of parts through high pressure die casting,,2010,,2,M.F.V.T. Pereira; Mat Williams; W. D. Preez
exclude,0.0,"Converting Raw Data Into Ecologically Meaningful Products: Data‐Model Assimilation in Ecology: Techniques and Applications; Norman, Oklahoma, 22–24 October 2007",,2008,10.1029/2008eo050002,2,D. Hui; Yiqi Luo; D. Schimel; J. Clark; A. Hastings; K. Ogle; Mat Williams
exclude,0.0,Combining Landsat ETM+ and terrain data for scaling up leaf area index (LAI) in eastern Amazon: an intercomparison with MODIS product,IGARSS 2004. 2004 IEEE International Geoscience and Remote Sensing Symposium,2004,10.1109/igarss.2004.1370753,2,Y. Shimabukuro; L. Aragão; F. Espírito-Santo; Mat Williams
exclude,0.0,"Supplementary material to ""Accelerating methane growth rate from 2010 to 2017: leading contributions from the tropics and East Asia""",,2020,10.5194/acp-2020-649-supplement,2,Yi Yin; F. Chevallier; P. Ciais; P. Bousquet; M. Saunois; Bo Zheng; J. Worden; A. A. Bloom; R. Parker; D. Jacob; E. Dlugokencky; C. Frankenberg
exclude,0.0,Hypotheses for a Near-Surface Reservoir of Methane and Its Release on Mars,,2015,,2,R. Hu; A. A. Bloom; P. Gao; C. Miller; Y. Yung
exclude,0.0,Improved analyses and forecasts with AIRS temperature retrievals using the local ensemble transform Kalman filter,,2011,10.3969/j.issn.1006-8775.2011.01.006,2,Hong Li; Junjie Liu; E. Fertig; E. Kalnay; E. Kostelich; I. Szunyogh
exclude,0.0,Preclinical and clinical studies on Qin-Zhu-Liang-Xue decoction: insights from network pharmacology and implications for atopic dermatitis treatment,Frontiers in Medicine,2024,10.1007/s11684-024-1101-7,2,Keke Huang; Qing-ku Liu; Ruoxi Zhang; Hua Nian; Ying Luo; Yue Luo; Xiao-ya Fei; L. Kuai; Bin Li; Yimei Tan; Su Li; Xin Ma
exclude,0.0,Epidermal keratinocytes-specific PD-L1 knockout causes delayed healing of diabetic wounds.,International Immunopharmacology,2024,10.1016/j.intimp.2024.113540,2,Zhan Zhang; Dan Yang; Fang Shen; Ting-ting Xue; Jing-Si Jiang; Ying Luo; Ying Zhang; Jiankun Song; L. Kuai; Ming-xia Wang; Bin Li; Y. Ru
exclude,0.0,More Physical Exercise is Required for Overweight or Obese Women with Gestational Diabetes Mellitus to Achieve Good Plasma Glucose Control During Pregnancy: Finding from a Prospective Cohort in Shanghai,"Diabetes, Metabolic Syndrome and Obesity : Targets and Therapy",2023,10.2147/dmso.s439106,2,Xiangjin Gao; Xiuqi Zhang; L. Kuai; Qing Yang; Huan Li; Rui Zhang; Bin Li; Ruiping Wang*
exclude,0.0,The complexity of establishing causality in a digital environment: an eye to the future,Journal of IT Cases and Applications,2020,10.1080/15228053.2020.1756451,2,V. Grover; L. Kuai; Jia Wei; Yaping Zhu
exclude,0.0,A wide-band dual polarization microstrip antenna for TD-LTE applications,IEEE Antennas and Propagation Society International Symposium,2014,10.1109/aps.2014.6905248,2,L. Kuai; Xiaoxing Yin; Xiaowei Zhu; Chanyuan Chen
exclude,0.0,[Effect of acupuncture on regulating skeletal muscle endurance in rats].,Zhongguo zhen jiu = Chinese acupuncture & moxibustion,2010,,2,Ming Gao; Hua-yuan Yang; Tang-yi Liu; Xu-Ming Yang; Xun-jie Gu; Yin-e Hu; Gang Xu; L. Kuai
exclude,0.0,Effects of Acupuncture On Mitochondria of Muscle Cell In Rats of Acute Swimming Exercise,,2008,10.1007/978-3-540-79039-6_168,2,Ming Gao; Hua-yuan Yang; Tang-yi Liu; L. Kuai
exclude,0.0,[The present situation and analysis of acupuncture anesthesia].,Zhongguo zhen jiu = Chinese acupuncture & moxibustion,2007,,2,Tang-yi Liu; Hua-yuan Yang; Li-xi Chu; L. Kuai; Ming Gao
exclude,0.0,Juno Mission Simulation,IEEE Aerospace Conference,2008,10.1109/aero.2008.4526674,2,Meemong Lee; R. Weidner
exclude,0.0,Science-return modeling and simulation,IEEE Aerospace Conference. Proceedings,2003,10.1109/aero.2003.1235555,2,Meemong Lee; R. Weidner; Shin-Ywan Wang; B.M. Lininger
exclude,0.0,In-Situ Site Knowledge System [Mars technology program],"Proceedings, IEEE Aerospace Conference",2002,10.1109/aero.2002.1036857,2,Meemong Lee; R. Weidner
exclude,0.0,Miniature Integrated Camera Spectometer (MICAS),,2000,,2,L. Soderblom; P. Beauchamp; G.S. Chen; T. Elliott; G. Fraschetti; Meemong Lee; M. Pain; W. Petrick; K. Rajan; P. Ringold; D. Rodgers; B. Sandel; David A. Thomas; Degang Wang
exclude,0.0,Challenges and opportunities in visualization for NASA's EOS Mission to Planet Earth,Proceedings Visualization '94,1994,10.1109/visual.1994.346289,2,M. Botts; J. Dykstra; L. Elson; S. J. Goodman; Meemong Lee
exclude,0.0,Mapping Of Seasonal Sea Ice Off Labrador With C-band SAR Imagery,"International Geoscience and Remote Sensing Symposium, 'Remote Sensing: Moving Toward the 21st Century'.",1988,10.1109/igarss.1988.569484,2,B. HoIt; Meemong Lee; Wei-Liang Yang
exclude,0.0,Author Correction: Gridded maps of wetlands dynamics over mid-low latitudes for 1980–2020 based on TOPMODEL,Scientific Data,2022,10.1038/s41597-022-01588-9,2,Y. Xi; S. Peng; A. Ducharne; P. Ciais; T. Gumbricht; C. Jiménez; B. Poulter; C. Prigent; Chunjing Qiu; M. Saunois; Zhen Zhang
exclude,0.0,Commentary on “O3 variability in the troposphere as observed by IASI over 2008–2016: Contribution of atmospheric chemistry and dynamics” by Wespes et al.,,2017,10.1002/2017jd026737,2,V. Payne; J. Neu; H. Worden
exclude,0.0,Airborne Emission Spectrometer: a testbed for the EOS TES,Optics & Photonics,1996,10.1117/12.258117,2,D. Rider; R. Beer; J. Margolis; H. Worden; S. Nandi; T. Glavich
exclude,0.0,"Global distribution of methane emissions, emission trends, and OH trends inferred from an inversion of GOSAT data for 2010-2015",,2017,,1,J. Maasakkers; D. Jacob; M. Sulprizio; M. Hersher; T. Scarpelli; A. Turner; J. Sheng; A. Bloom; K. Bowman; R. Parker
exclude,0.0,Global clear-sky CO2 errors,,2008,,1,K. Corbin; A. Denning; N. Parazoo
exclude,0.0,Congo Basin Evapotranspiration (ET),,2020,10.17605/osf.io/jpvmb,1,Michael W. Burnett; G. R. Quetin; A. Konings
exclude,0.0,An observing system simulation experiment for soil moisture measurements from the SMAP radiometer,,2009,,1,A. Konings
exclude,0.0,"From Watershed to Estuary: Assessment of Nutrient Loading, Retention, and Export from the Ipswich River Basin.",The Biological Bulletin,1994,10.1086/bblv187n2p277,1,K. Ingram; C. Hopkinson; K. Bowman; R. Garritt; Joseph J. Vallino
exclude,0.0,Biomass report - A contribution to the scientif case for the P-Band BIOMASS Mission Proposal,,2009,,1,S. Schaphoff; Mat Williams; S. Quegan; A. Shvidenko; D. Schepaschenko; D. Maniatis; Y. Malhi; P. Ciais; V. Bellassen; P. Peylin; I. Woodward; C. Ryan; J. Grace; W. Lucht
exclude,0.0,Using A Modified Ensemble Kalman Filter Approach To Filter Pan-Arctic Eddy Covariance Flux Data,,2008,,1,G. Tomasky; B. Rastetter; Mat Williams; L. Kutzbach; M. Tamstorf; P. Lafleur; R. T. Christensen; M. Heliasz; L. K. Griffin
exclude,0.0,Re-Os systematics of crude oil and Re-Os petroleum system geochronology,,2017,,1,Junjie Liu
exclude,0.0,Immune cells in diabetic wound repair: the key to better wound management,MedScience,2025,10.1007/s11684-025-1190-y,1,Y. Ru; Yunxi Cai; Guang-Yang Cheng; Xiaoxuan Ma; Jingsi Jiang; Jiankun Song; Ying Luo; Ying Zhang; Qi Zheng; Ming-xia Wang; Chun-jie Gao; Bin Li; L. Kuai; Yue Luo; Zhan Zhang
exclude,0.0,Chinese Herbal Bath for Eczema: A systematic review and meta-analysis of 39 randomized controlled trials,Journal of Herbal Medicine,2024,10.1016/j.hermed.2024.100959,1,Yiran Chen; Xiaoxuan Ma; Xiao-ya Fei; Ying Luo; Yue Luo; Xin Ma; L. Kuai; Bin Li; Bin Fan; Xiao-jie Ding
exclude,0.0,Current traditional Chinese medicine treatments of psoriasis vulgaris,Advanced Chinese Medicine,2024,10.1002/acm4.2,1,Ying Luo; Jiankun Song; L. Kuai; Qi Zheng; Ming-xia Wang; Guoshu Deng; Ying Zhang; Xin Li; Ruiping Wang; Bin Li
exclude,0.0,A Miniature Wide-band Phase-locked Loop Frequency Synthesizer,,2015,,1,L. Kuai
exclude,0.0,Non-stationary Synchronization of Equatorial Qbo with Sao in Observation and in Model,,,,1,L. Kuai; R. Shia; Xun Jiang; K. Tung; Y. Yung
exclude,0.0,Surface Pressure Dependencies in the Geos-Chem-Adjoint System and the Impact of the GEOS-5 Surface Pressure on CO2 Model Forecast,,2016,,1,Meemong Lee; R. Weidner
exclude,0.0,Multi-Platform Atmospheric Sounding Testbed (MAST),,2010,10.5772/6931,1,Meemong Lee; R. Weidner; K. Bowman
exclude,0.0,Sensor-web Operations Explorer (SOX) for Earth Science Air Quality Mission Concepts,IEEE Aerospace Conference,2008,10.1109/aero.2008.4526282,1,Meemong Lee; R. Weidner; C. Miller; K. Bowman
exclude,0.0,Micro - helm - a mission operation visualization system,,2003,,1,Wenwen Lu; R. Weidner; Meemong Lee
exclude,0.0,Stereo processing of Magellan SAR imagery performed on a transputer architecture,IEEE International Geoscience and Remote Sensing Symposium,1993,10.1109/igarss.1993.322056,1,S. Lewicki; Meemong Lee; P. Chodas; E. Dejong
exclude,0.0,Anthropogenic emissions are the main contribution to the rise of atmospheric methane (1993-2017),,,,1,Zhen Zhang; B. Poulter; S. Knox; A. Stavert; G. McNicol; Etienne Fluet‐Chouinard; A. Feinberg; Yuanhong Zhao; Philippe Bousquet; J. Canadell; A. Ganesan; G. Hugelius; G. Hurtt; Robert B. Jackson; P. Patra; M. Saunois; L. Höglund-Isaksson; Chun-Pu Huang; Abhishek Chatterjee; Xin Li
exclude,0.0,10 years of IASI CO retrievals,,2018,,1,M. George; C. Clerbaux; J. Hadji-Lazaro; P. Coheur; D. Hurtmans; D. Edwards; H. Worden; M. Deeter; D. Mao; T. August; M. Crapeau
exclude,0.0,MOPITT Near Real-Time Data for LANCE: Automatic Quality Assurance and Comparison to Operational Products,,2017,,1,S. Martínez-Alonso; M. Deeter; H. Worden; D. Ziskin
exclude,0.0,A Joint data record of tropospheric ozone from Aura-TES 1 and MetOp-IASI 2 3,,2016,,1,H. Oetjen; V. Payne; J. Neu; S. Kulawik; D. Edwards; Eldering; H. Worden; J. Worden
exclude,0.0,Measurement of the Inclusive B * Cross Section above the Y ( 4 S ),,2011,,1,D. Akerib; B. Barish; F. D.; Cowen; G. Eigen; R.; Stroynowski; J.; Urheim; Á.; Weinstein; Morrison; D. Schmidt; M. Procario; R. D.; Johnson; K. Lingel; P.; Rankin; G. Smith; Alexander; C. Bebek; K. Berkelman; D. Besson; E. T.; Browder; D. Cassel; E. Cheu; D. Coffman; S. P.; Drell; R. Ehrlich; S. R.; Galík; M.; Garcia-Sciveres; B. Geiser; B. Gittelman; S. Gray; D. Hartill; B. Heltsley; K.; Honscheid; Kandaswamy; N. Katayama; D. Kreinick; D. Lewis; S. G.; Ludwig; H Masui; Mevissen; N. Mistry; Š.; Nandi; E. Nordberg; Patterson; D. Peterson; M. Pisharody; D. Riley; M. Sapper; M. Selen; H. Worden; Rodriquez; Yelton; K. Kinoshita; F.; Pipkin; Wolinski; D. Xiao; Sadoff; Ammar; P. Baringer; D. Coppage; Davis; P. Haas; M. Kelly; N. Kwak; Y. Kubota; Poling; Schrenk; Alam; • .; B. Nemati; V. Romero; C.; R. Sun; G. Crawford; Fulton; Malchow; Morrow; Whitmore; Wilson; “. Butler; X.; Fu; '. G. Kalbaeisch; M. Lambrecht; P. Skubic; Snow; P.-L.; Wang; K. Sparks; V. Jain; Bartelt; S. Csorna; T. Letson
exclude,0.0,Round Manhattan S Rim,,2011,,1,H. Worden
exclude,0.0,Net Biosphere Exchange in Recent Past: Uncertainty Comparison Between Model-data Fusion and Earth System Models,,2019,,0,G. R. Quetin; A. Bloom; K. Bowman; A. Konings
exclude,0.0,Amazon Rainforest Drying Trend from Climate Warming and Extreme Anomalies,,2018,,0,S. Saatchi; Liang Xu; Yan Yang; A. Barkhordarian; A. Bloom; A. Konings; M. Keller; D. Schimel
exclude,0.0,Eye in the sky offers clearest vision of Earth,Nature,2017,10.1038/550301a,0,Junjie Liu; K. Bowman; D. Schimel; N. Parazoo; Zhe Jiang; Meemong Lee; A. Bloom; D. Wunch; C. Frankenberg; Ying Sun; O. ChristopherW.; Dell; K. Gurney; D. Menemenlis; M. Gierach; D. Crisp; A. Eldering
exclude,0.0,Is the Amazon Rainforest Drying Out,,2017,,0,S. Saatchi; Liang Xu; A. Bloom; A. Konings; Yan Yang; L. Aragão; R. Fu; J. Worden; D. Schimel
exclude,0.0,A global wetland CH 4 dataset and process-based uncertainty structure for atmospheric CH 4 inverse modeling applications.,,2016,,0,A. Bloom; K. Bowman; Meemong Lee; A. Turner; J. Maasakkers; R. Schroeder; J. Worden; R. Weidner; K. McDonald; D. Jacob
exclude,0.0,A gridded version of the US EPA inventory of methane emissions for use as a priori and reference in methane source inversions,,2015,,0,J. Maasakkers; D. Jacob; M. Sulprizio; A. Turner; M. Weitz; T. Wirth; C. Hight; M. DeFigueiredo; M. Desai; R. Schmeltz; Leif Hockstad; A. Bloom; K. Bowman
exclude,0.0,Top-down Constraints on Combustion Characteristics During the 2010 South America Drought Fires.,,2014,,0,A. Bloom; J. Worden; Z. Jiang; C. Frankenberg; T. Kurosu; F. Landerer; D. Schimel
exclude,0.0,An overview of the SEA Spray and Whitecap (SEASAW) study,,2007,,0,I. Brooks; Michael H. Smith; S. Norris; B. Brooks; M. Hill; A. Bloom; J. McQuaid; Paul Smith; J. Lingard; M. Yelland; M. Srokosz; B. Moat; D. Woolf; D. Coles; M. Telszewski; U. Schuster; G. Deleeuw
exclude,0.0,Harnessing solar-induced fluorescence for on-farm agricultural research and management: recent advances and outstanding needs,Environmental Research Letters,2026,10.1088/1748-9326/ae74e2,0,S. Ruehr; Z. Pierrat; N. Parazoo; Trevor F. Keenan
exclude,0.0,"Supplementary material to ""A mass-weighted atmospheric isentropic coordinate for mapping chemical tracers and computing inventories""",,2020,10.5194/acp-2020-841-supplement,0,Yuming Jin; R. Keeling; E. Morgan; Eric Ray; N. Parazoo; B. Stephens
exclude,0.0,Response to Reviewer 2,,2020,10.5194/bg-2019-508-ac2,0,N. Parazoo
exclude,0.0,"Supplementary material to ""Wide Discrepancies in the Magnitude and Direction of Modelled SIF in Response to Light Conditions""",,2020,10.5194/bg-2019-508-supplement,0,N. Parazoo; T. Magney; A. Norton; B. Raczka; C. Bacour; F. Maignan; Ian Baker; Yongguang Zhang; Bo Qiu; M. Shi; N. Macbean; D. Bowling; S. Burns; P. Blanken; J. Stutz; K. Grossman; C. Frankenberg
exclude,0.0,Interactive comment on “Wide Discrepancies in the Magnitude and Direction of Modelled SIF in Response to Light Conditions” by Nicholas C. Parazoo et al,,2020,,0,N. Parazoo
exclude,0.0,Response to Reviewer 1,,2019,10.5194/gchron-2019-7-ac1,0,N. Parazoo
exclude,0.0,Adding the datasets to the long-term satellite-based Solar-Induced Fluorescence (SIF) record,,2018,,0,J. Joiner; Y. Yoshida; P. Koehler; C. Frankenberg; L. Guanter; N. Parazoo
exclude,0.0,"CMS: Atmospheric CO2 and C Isotopes, Fossil Fuel Contributions, California, 2014-2015",,2018,10.3334/ornldaac/1641,0,H. Graven; M. Fischer; T. Lueker; Seongeun Jeong; T. Guilderson; R. Keeling; R. Bambha; K. Brophy; W. Callahan; X. Cui; C. Frankenberg; K. Gurney; B. LaFranchi; S. Lehman; H. Michelsen; John B. Miller; S. Newman; W. Paplawsky; N. Parazoo; C. Sloop; S. Walker
exclude,0.0,Multi-species constraint of anthropogenic and biogenic processes over North America during ACT-America summer 2016 and winter 2017 aircraft campaigns,,2017,,0,N. Parazoo; K. Bowman; L. Kuai; Junjie Liu; Meemong Lee; I. Baker; J. Berry; K. Davis; T. Lauvaux; J. Digangi; C. Sweeney
exclude,0.0,"CMS: CO2 Signals Estimated for Fossil Fuel Emissions and Biosphere Flux, California",,2017,10.3334/ornldaac/1381,0,M. Fischer; N. Parazoo; K. Brophy; X. Cui; Seongeun Jeong; Junjie Liu; R. Keeling; T. Taylor; K. Gurney; T. Oda; H. Graven
exclude,0.0,Detecting regional carbon-climate feedbacks in the Arctic,,2016,,0,N. Parazoo; C. Koven; C. Miller; R. Commane; S. Wofsy; C. Frankenberg; K. Luus
exclude,0.0,Applications of Solar Induced Fluorescence (SIF) to Constrain Global Photosynthesis,,2015,,0,N. Parazoo; C. Frankenberg; K. Bowman
exclude,0.0,"Moist synoptic transport of CO2 along midlatitude storm tracks, transport uncertainty, and implications for CO2 flux estimation",,2011,,0,N. Parazoo
exclude,0.0,Evaluation of Transport Characteristics of GEOS-5 Using Chemistry Transport Model Simulations of Atmospheric CO2,,2008,,0,N. Parazoo; S. Denning; S. Kawa; S. Pawson; Z. Zhu; K. Gurney; J. Randerson; S. Doney
exclude,0.0,Interactive comment on “ Mechanisms for synoptic transport of atmospheric CO 2 in the midlatitudes and tropics ” by N . Parazoo et al .,,2008,,0,N. Parazoo
exclude,0.0,Mechanisms for synoptic transport of atmospheric CO2 in the midlatitudes and tropics,,2008,10.5194/acpd-8-12197-2008,0,N. Parazoo; A. Denning; S. Kawa; K. Corbin; R. Lokupitiya; I. Baker
exclude,0.0,Synchrony of African rainforest solar induced chlorophyll 1 fluorescence and environmental factors,,,,0,Russell Doughty; Michael C. Wimberly; Dan Wanyama; Hélène E. Peiro; N. Parazoo; Sean Crowell; Moses Azong Cho
exclude,0.0,High-resolution L-band VOD retrieval using GNSS-T–calibrated multi-sensor fusion and self-supervised learning,Remote Sensing of Environment,2026,10.1016/j.rse.2026.115554,0,M. Hashemi; John D. Bolten; A. Konings; Thomas R. Holmes; Vincent Humphrey; Andrew F. Feldman; Yitong Yao; Michael Niederberger; Alexander Damm
exclude,0.0,Climate change-induced peatland drying in Southeast Asia Authors,,2022,,0,N. Dadap; A. Cobb; A. Hoyt; C. Harvey; F. andrew; Feldman; E. Im; A. Konings
exclude,0.0,Microsoft Word-nwaa145.docx,,2020,,0,P. Ciais; Yitong Yao; T. Gasser; A. Baccini; Yilong Wang; R. Lauerwald; S. Peng; A. Bastos; Wei Li; P. Raymond; J. Canadell; G. Peters; R. Andres; Jinfeng Chang; C. Yue; A. Dolman; V. Haverd; J. Hartmann; G. Laruelle; A. Konings; A. King; Yi Liu; S. Luyssaert; F. Maignan; P. Patra; A. Peregon; P. Régnier; J. Pongratz; B. Poulter; A. Shvidenko; R. Valentini; Rong Wang; G. Broquet; Yi Yin; J. Zscheischler; B. Guenet; D. Goll; A. Ballantyne; Hui Yang; Chunjing Qiu; Dan Zhu
exclude,0.0,Mapping Drainage Canal Density in Southeast Asian Peatlands,,2019,,0,N. Dadap; A. Cobb; A. Hoyt; C. Harvey; A. Konings
exclude,0.0,Heat vs. dryness influence on photosynthesis assessed using solar-induced fluorescence,,2018,,0,P. Gentine; F. Giardina; Y. Zhang; A. Konings; M. Uriarte
exclude,0.0,A nonparametric approach for estimating high-resolution fuel moisture content across the Western United States using synthetic aperture radar,,2018,,0,K. Rao; J. F. Flefil; A. Konings
exclude,0.0,Physics-Based Modelling of the SMAP Active and Passive Microwave Covariations Over Vegetated Surfaces,,2018,,0,T. Jagdhuber; D. Entekhabi; A. Konings; K. McColl; S. H. Alemohammad; N. Das; C. Montzka; M. Link; R. Akbar
exclude,0.0,偏光PバンドSAR測定を用いた異なるバイオームにまたがる植生特性と土壌パラメータ【Powered by NICT】,,2016,,0,S. H. Alemohammad; A. Konings; T. Jagdhuber; D. Entekhabi
exclude,0.0,The Global Drivers of Photosynthesis and Light Use Efficiency Seasonality: A Granger Frequency Causality Analysis,,2015,,0,Julia K Green; Jung‐Eun Lee; P. Gentine; J. Berry; A. Konings
exclude,0.0,Error Characterization of Similar Products: Triple Collocation with Correlated Errors,,2014,,0,A. Konings; K. McColl; S. H. Alemohammad; D. Entekhabi
exclude,0.0,An Observing System Simulation Experiment for Soil Moisture Measurements from the SMAP Radiometer by Alexandra Georges Konings,,2012,,0,A. Konings
exclude,0.0,Land Surface-Convective Precipitation Feedbacks: Theory and Application,,2011,,0,A. Konings
exclude,0.0,The SMAP Algorithm Development Testbed: A Simulation Environment for Algorithm Development and Mission Design Studies,,2008,,0,S. Chan; E. Njoku; A. Konings; D. Entekhabi
exclude,0.0,FUN WITH FRACTALS,,2004,,0,J. Cobb; Eric P. Astor; Eugene Astrakan; C. Boone; D. Chandramohan; A. Konings; Stephanie Mok; Scott B. Weingart; Benjamin J. Wieder; Matthew H. Zegarek
exclude,0.0,UC Merced Previously,,,,0,K. Novick; D. Ficklin; Dennis D Baldocchi; Kenneth J. Davis; T. Ghezzehei; A. Konings; N. Macbean; N. Raoult; Russell L. Scott; Yuning Shi; B. Sulman; Jeffrey D. Wood
exclude,0.0,MIT Open Access Articles Climate change-induced peatland drying in Southeast Asia,,,,0,N. Dadap; A. Cobb; A. M. Hoyt; Charles F. Harvey; Andrew F. Feldman; Eun-soon Im; A. Konings
exclude,0.0,"Supplementary material to ""Modeling the Impact of COVID-19 on Air Quality in Southern
California: Implications for Future Control Policies""",,2020,10.5194/acp-2020-1197-supplement,0,Zhe Jiang; Hongrong Shi; Bin Zhao; Yu Gu; Yifang Zhu; K. Miyazaki; Yuqiang Zhang; K. Bowman; T. Sekiya; K. Liou
exclude,0.0,Why Robust Software Engineering Matters for Atmospheric Composition Retrievals,,2020,10.1002/essoar.10505304.1,0,J. McDuffie; M. Smyth; S. Val; V. Natraj; K. Bowman; J. Hobbs; S. Roche; Joseph Mendonca; E. Sarkissian
exclude,0.0,Atmospheric Greenhouse Gas Distributions Across Weather Systems: Results from the Summer 2016 ACT-America Field Campaign,,2016,,0,K. J. Davis; T. Lauvaux; H. W. Chen; A. Deng; S. Feng; B. Gaudet; K. Keller; Q. Lease; S. Pal; A. Samaddar; D. Stauffer; F. Zhang; C. O'dell; D. F. Baker; A. Denning; E. Bell; A. Schuh; A. Boyer; Y. Wei; E. Browell; J. Digangi; G. Chen; B. Lin; M. Obland; A. Nehrir; A. Aknan; J. F. Campbell; W. Carrion; Y. Choi; S. Kooi; T. Fan; Z. Liu; B. Meadows; J. Plant; Jeremy Dobler; N. Blume; D. Lahrman; D. Mcgregor; A. Fried; D. Richter; J. Walega; P. Weibring; J. A. Berry; A. Michalak; M. J. McGill; R. Pauly; S. Pawson; A. Chatterjee; L. Ott; M. Xue; B. Moore; M. Yang; S. Kirby; D. V. Gilst; C. Sweeney; L. Bruhwiler; A. Jacobson; J. B. Miller; G. Pétron; K. Bowman
exclude,0.0,International LAnd Model Benchmarking framework Beta version (ILAMBbeta),,2021,10.7488/ds/3052,0,Auguste Caen; Mat Williams
exclude,0.0,A Decade of Aboveground Woody Biomass Dynamics in Africa,,2021,10.1002/essoar.10509303.1,0,P. Rodríguez-Veiga; J. Carreiras; S. Quegan; L. Smallman; Mat Williams; H. Balzter
exclude,0.0,"Supplementary material to ""Leaf Area Index Changes Explain GPP Variation across an Amazon Drought Stress Gradient""",,2019,10.5194/bg-2019-175-supplement,0,Sophie Flack-Prain; P. Meir; Y. Malhi; T. Smallman; Mat Williams
exclude,0.0,"Corrigendum to ""Improving model prediction of soil N2O emissions through Bayesian calibration"" [Sci. Total Environ. 624 (2018) 1467-1477].",Science of the Total Environment,2019,10.1016/j.scitotenv.2019.02.199,0,V. Myrgiotis; Mat Williams; C. Topp; R. Rees
exclude,0.0,UAV-Based Approaches for Crop Parameter Retrievals,IEEE International Geoscience and Remote Sensing Symposium,2018,10.1109/igarss.2018.8518284,0,A. Revill; Anna Florence; S. Hoad; B. Rees; A. MacArthur; Mat Williams
exclude,0.0,反復木質バイオマス観測の同化は埋没林における10年間の生態系炭素サイクル不確実性を抑制する【Powered by NICT】,,2017,,0,T. Smallman; Exbrayat J.-F.; Maurizio Mencuccini; A. Bloom; Mat Williams
exclude,0.0,Analysis on inter-annual variability of CO 2 exchange in Arctic tundra: a model-data approach,,2017,,0,E. Blanco; M. Lund; T. Christensen; T. Smallman; Darren Slevin; A. Westergaard‐Nielsen; M. Tamstorf; Mat Williams
exclude,0.0,Simulating regional-scale soil nitrous oxide emissions in Scotland,,2016,,0,V. Myrgiotis; C. Topp; R. Rees; Mat Williams
exclude,0.0,Challenges and opportunities in modelling savanna ecosystems 1 2,,2016,,0,Rhys Whitley; J. Beringer; L. Hutley; G. Abramowitz; M. D. Kauwe; Bradley J. Evans; V. Haverd; Longhui Li; C. Moore; Y. Ryu; S. Scheiter; S. Schymanski; Benjamin Smith; Ping Wang; Mat Williams; Qiang Yu
exclude,0.0,Assimilating Earth observation data across the UK for estimating greenhouse gas budgets,,2016,,0,M. Leeuwen; M. Disney; P. Lewis; L. Smallman; Mat Williams
exclude,0.0,Understanding and quantifying greenhouse gases (GHG) emissions: the UK GHG Emissions and Feedback Programme,,2016,,0,S. Matthiesen; P. Palmer; A. Watson; Mat Williams
exclude,0.0,Investigation of a long time series of CO2 from a tall tower using WRF-SPA,,2013,,0,L. Smallman; Mat Williams; J. Moncrieff
exclude,0.0,Upscaling biosphere-atmosphere CO2 flux in tundra from chamber-based models to the eddy covariance flux footprint,,2013,,0,P. Stoy; Mat Williams; J. Evans; A. Blanco; M. Disney; T. Hill; H. Ward; T. Wade; L. Street
exclude,0.0,"(Table 3) Leaf area and leaf nitrogen for deciduous, evergreen, forb and graminoid species at Barrow, Svalbard and Zackenberg",,2012,10.1594/pangaea.837943,0,L. Street; G. R. Shaver; E. Rastetter; M. Wijk; Brooke A Kaye; Mat Williams
exclude,0.0,Are There any Satisfactory Geological Analogues for a Future Greenhouse Warming: with Special Reference to the Pliocene,,2010,,0,A. Haywood; A. Ridgwell; D. Lunt; D. J. Hill; H. Dowsett; Mat Williams
exclude,0.0,4. Topographic Controls on the Leaf Area Index of a,,2008,,0,L. Spadavecchia; Mat Williams; R. Bell; P. Stoy; B. Huntley; M. Wijk
exclude,0.0,"Report of the panel on the land surface: Process of change, section 5",,1991,,0,J. Adams; E. E. Barron; A. A. Bloom; C. Breed; J. Dohrenwend; D. Evans; T. Farr; A. Gillespie; B. L. Isaks; Richard S. Williams
exclude,0.0,"Supplementary material to ""Information content of soil hydrology in the Amazon as informed by
GRACE""",,,10.5194/hess-2021-104-supplement,0,E. Massoud; A. A. Bloom; M. Longo; J. Reager; P. Levine; J. Worden
exclude,0.0,"Re-Os Application to Petroleum System: Implications from the Geochronology and Oil-Source Correlation of Duvernay Petroleum System, Western Canadian Sedimentary Basin",,2017,,0,Junjie Liu; David Selby; M. Obermajer; A. Mort
exclude,0.0,"Application of Converted-Wave PreSDM for PP-PS Joint Inversion Study in the Junggar Basin, Northwest China",,2014,10.1190/segam2014-0008.1,0,Junjie Liu; Wan Yanchun; Luo Yong; Lou Bing
exclude,0.0,Improved L-BFGS diagonal preconditioners for a large-scale 4D-Var inversion system: application to CO2 flux constraints and analysis error calculation,,2013,,0,N. Bousserez; D. Henze; K. Bowman; Junjie Liu; Dylan B. A. Jones; M. Keller; F. Deng
exclude,0.0,Analysis of AIRS CO2 Sensitivity to Surface CO2 Flux Using Geos-chem Adjoint Model,,2012,,0,Junjie Liu; K. Bowman; D. Henze; E. Kalnay; I. Fung; Ji-Sun Kang; E. Olsen
exclude,0.0,MODELING DEPENDENCE INDUCED BY A COMMON RANDOM EFFECT AND RISK MEASURES WITH INSURANCE APPLICATIONS,,2012,,0,Junjie Liu
exclude,0.0,Quantification of the Relationship Between AIRS XCO2 and Surface CO2 & Surface CO2 Flux Estimation with OSSE,,2011,,0,Junjie Liu; Ji-Sun Kang; E. Kalnay; I. Fung; T. Miyoshi
exclude,0.0,Quantification of the relationship between AIRS Xco₂ & surface CO₂ flux esitmation with OSSE,,2011,,0,Junjie Liu; Ji-Sun Kang; E. Kalnay; I. Fung; T. Miyoshi
exclude,0.0,Improved analyses and forecasts with airs retrievals using the local ensemble transform Kalman filter,,2007,,0,Hong Li; Junjie Liu; E. Fertig; E. Kalnay; J. Aravéquia; I. Szunyogh; E. Kostelich; R. Todling
exclude,0.0,2 . 7 ADAPTIVE OBSERVATION STRATEGIES WITH THE LOCAL ENSEMBLE TRANSFORM KALMAN FILTER,,2005,,0,Junjie Liu; E. Kalnay; T. Miyoshi
exclude,0.0,Skin microbiome–immune axis in atopic dermatitis: a two-sample and mediated Mendelian randomized study,Archives of Dermatological Research,2026,10.1007/s00403-026-04775-5,0,Ding Li; Hang Zhao; Ying Zhang; Y. Ru; Xiao-jie Ding; Chun-jie Gao; L. Kuai; Bin Li; Xin Ma
exclude,0.0,The Role of and Therapeutic Strategies for Eosinophils in Atopic Dermatitis,Biomedicines,2026,10.3390/biomedicines14061212,0,Guangyuan Cheng; Suting Sun; Guoshu Deng; Ying Luo; Miao Li; Hang Zhao; Xiaofan Yang; Ruiping Wang*; L. Kuai; Ying Zhang; Bin Li; Y. Ru; Jiankun Song
exclude,0.0,Chinese Herbal Medicine for Urticaria: A Systematic Review and Meta-analysis of 26 Randomised Controlled Trials,Journal of Herbal Medicine,2025,10.1016/j.hermed.2025.101046,0,Shasha Jiang; Xiao-jie Ding; Mi Zhou; Ruiping Wang; Yicheng Yan; Bin Li; L. Kuai; Yongguo Xiang
exclude,0.0,NUMERICAL SIMULATION OF FASTENER FORCE DISTRIBUTION AND CRACK PROPAGATION IN MULTI-DOWEL TIMBER CONNECTIONS EXPOSED TO MOMENT AND MOISTURE LOADING ,World Conference on Timber Engineering 2025,2025,10.52202/080513-0168,0,S. Ormarsson; L. Kuai
exclude,0.0,Correction: Clinical-mediated discovery of pyroptosis in CD8+ T cell and NK cell reveals melanoma heterogeneity by single-cell and bulk sequence,Cell Death and Disease,2024,10.1038/s41419-023-06366-y,0,Ying Zhang; Yun Bai; Xiaoxuan Ma; Jiankun Song; Yue Luo; Xiao-ya Fei; Y. Ru; Ying Luo; Jing-Si Jiang; Zhan Zhang; Dan-Zhou Yang; Ting-ting Xue; Hui-Ping Zhang; Tai-yi Liu; Yan-Wei Xiang; L. Kuai; Ye Liu; Bin Li
exclude,0.0,NUMERICAL AND EXPERIMENTAL STUDY OF GLULAM BEAMS JOINTED WITH SLOTTED-IN STEEL PLATE CONNECTION,World Conference on Timber Engineering (WCTE 2023),2023,10.52202/069179-0172,0,S. Ormarsson; L. Kuai; Musaab Ahmed Mahjoub; S. Aicher
exclude,0.0,EVALUATION OF HARDENING MODELS TO SIMULATE JOINTS IN TIMBER SHEAR WALLS,World Conference on Timber Engineering (WCTE 2023),2023,10.52202/069179-0354,0,Rajan Maharjan; J. Vessby; L. Kuai
exclude,0.0,"Clinical Feature, Lifestyle Behavior and Non-Communicable Diseases Comorbidities Among Psoriasis Patients in Shanghai: Gender Disparity Analysis Based on a Cross-Sectional Study",,2022,,0,Qinghua Zheng; L. Kuai; Wencheng Jiang; Y. Qiang; Lei Wei; Siting Chen*; Bin Li; Ruiping Wang
exclude,0.0,CFD simulation study of the flow field in a tornado-like vortex,,2020,10.31274/rtd-20200618-27,0,L. Kuai
exclude,0.0,Testing the value of an Amazonian aircraft campaign similar to ACT-America,,2019,,0,I. Baker; A. Schuh; K. Davis; L. Kuai; J. Campbell
exclude,0.0,Contribution of hyperspectral and polarimetric remote sensing for fire emission characterization from the NASA ER-2 aircraft,,2019,,0,O. Kalashnikova; L. Kuai; G. Hulley; Huikyo Lee; M. Garay; F. Seidel
exclude,0.0,response to Anonymous Referee #2,,2019,10.5194/acp-2019-231-ac2,0,L. Kuai
exclude,0.0,Hyperspectral remote sensing of fire : state-ofthe-art and future perspectives 1,,2018,,0,S. Veraverbeke; P. Dennison; I. Gitas; G. Hulley; O. Kalashnikova; T. Katagis; L. Kuai; R. Meng; D. Roberts; N. Stavros
exclude,0.0,Benchmarking chemistry-climate models' top-of-atmosphere flux in the 9.6-micrometer ozone band using AURA TES instantaneous radiative kernel,,2018,,0,L. Kuai
exclude,0.0,A new approach to benchmark present-day's TOA flux in 9.6-μm ozone band from model ensemble,,2018,,0,L. Kuai; K. Bowman; H. Worden; S. Kulawik; K. Miyazaki; Andrew J. Conley; L. Jean-Francois; F. Paulot; D. Paynter; L. Oman; S. Strode; E. Rozanov; A. Stenke; L. Revell; D. Plummer; M. Deushi; K. Shibata; P. Joeckel; M. Kunze
exclude,0.0,Hyperspectral Remote Sensing of FireA Review,Advanced Applications in Remote Sensing of Agricultural Crops and Natural Vegetation,2018,10.1201/9780429431166-12,0,S. Veraverbeke; P. Dennison; I. Gitas; G. Hulley; O. Kalashnikova; T. Katagis; L. Kuai; R. Meng; D. Roberts; N. Stavros
exclude,0.0,Hyperspectral remote sensing of fire: state-of-the-art and perspectives,,2018,,0,S. Veraverbeke; O. Kalashnikova; P. Dennison; I. Gitas; G. Hulley; T. Katagis; L. Kuai; R. Meng; D. Roberts; N. Stavros
exclude,0.0,Research Progress on the Clinical Application of Triple Needling,,2017,10.12677/tcm.2017.62014,0,Weibing Wu; Guangwei Cui; L. Kuai
exclude,0.0,Parametrized Finite Element Simulation of Multi-Storey Timber Structures,,2017,,0,L. Kuai
exclude,0.0,Reconstructing the Aliso Canyon natural gas leak incident,,2016,,0,R. Duren; V. Yadav; K. Verhulst; A. Thorpe; F. Hopkins; K. Prasad; L. Kuai; D. Thompson; C. Wong; S. Sander; K. Mueller; T. Nehrkorn; Meemong Lee; G. Hulley; W. R. Johnson; A. Aubrey; J. Whetstone; C. Miller
exclude,0.0,response to reviewer 1.,,2016,10.5194/acp-2019-231-ac1,0,L. Kuai
exclude,0.0,"Study on flipped classroom in teaching of""auricular needling method""",,2016,10.3760/cma.j.issn.2095-1485.2016.02.015,0,Fan Wang; L. Kuai; Ting-ting Zhang; Jian-min Xu
exclude,0.0,Anthropogenic Methane Emissions in California's San Joaquin Valley: Characterizing Large Point Source Emitters,,2015,,0,F. Hopkins; R. Duren; C. Miller; A. Aubrey; M. Falk; L. Holland; S. Hook; G. Hulley; W. R. Johnson; L. Kuai; T. Kuwayama; J. Lin; A. Thorpe; J. Worden; T. Lauvaux; S. Jeong; M. Fischer
exclude,0.0,Development and analysis of a new component test for a sliding door system,,2015,,0,Min-Young Sun; Xianyan Chen; L. Kuai
exclude,0.0,"Improved O3 and CO Profile Retrievals Using Multispectral Measurements from NASA ''A Train'', Suomi NPP, and S5P Satellites",,2015,,0,D. Fu; K. Bowman; K. Miyazaki; S. Kulawik; J. Worden; H. Worden; N. Livesey; V. Payne; M. Luo; V. Natraj; Shanshan Yu; P. Veefkind; I. Aben; J. Landgraf; L. Flynn; H. Yong; Xiong Liu; L. Strow; F. Irion; E. Fishbein; L. Kuai
exclude,0.0,[Review and reflection on 2010' Hwato Cup National University Students' Acupuncture Manipulation Skills Competition].,Zhongguo zhen jiu = Chinese acupuncture & moxibustion,2012,,0,L. Kuai; X. Qu; Hai-meng Zhang; Ting-ting Zhang; Jian-min Xu; Xueyong Shen
exclude,0.0,Comparison of free tropospheric CO2 from TCCON profile retrievals to those from TES and AIRS,,2011,,0,L. Kuai; J. Worden; S. Kulawik; E. Olsen; D. Wunch; R. Shia; B. Connor; C. Miller; Y. Yung
exclude,0.0,Current situation and development about quantitative study of needling techniques,,2008,10.1007/s11726-008-0245-3,0,Tang-yi Liu; Hua-yuan Yang; L. Kuai; Ming Gao
exclude,0.0,Quantitative Research on Analgesic Effects of Electroacupuncture at Multiple Factors Parameters in Rats of Adjuvant-Induced Arthritis,,2008,10.1007/978-3-540-79039-6_177,0,L. Kuai; Hua-yuan Yang; Jie Jiang
exclude,0.0,Progress of Research on Acupuncture and Moxibustion for Treating Chemotherapy-Induced Peripheral Neuropathy,,,10.12677/tcm.2018.76066,0,S. Shi; Tingting Zhang; Shendong Fan; Hao Chen; L. Kuai; ，章婷婷; ，范神栋
exclude,0.0,Engineering Structures,,,,0,L. Kuai; S. Ormarsson; J. Vessby
exclude,0.0,21st Century Change in Global Small-Size Aerosols from Combustion Emissions,,2021,10.1002/essoar.10507092.1,0,Meemong Lee; J. Worden; R. Bucholz; H. Worden; Mijeong Park; Yuan Wang; Jiani Yang; M. Witek; H. Su; B. Byrne; K. Miyazaki; Jonathan H. Jiang
exclude,0.0,11 Multi-Platform Atmospheric Sounding Testbed ( MAST ),,2017,,0,Meemong Lee; R. Weidner; K. Bowman
exclude,0.0,Geostationary Coastal and Air Pollution Events (GEO-CAPE) Sensitivity Analysis Experiment,,2014,,0,Meemong Lee; K. Bowman
exclude,0.0,A Mission-Generic Observation Information Service for Multi-Mission Data Assimilation,,2014,,0,Meemong Lee; R. Weidner; C. Lynnes; D. Henze
exclude,0.0,Impact of Model Resolution in Acos-xCO2 Observation Assimilation,,2013,,0,R. Weidner; Meemong Lee; R. Duren; C. Miller
exclude,0.0,CO2 flux estimation accuracy evaluation of Global and Regional atmospheric CO2 mission concepts,,2012,,0,Meemong Lee; C. Miller; R. Weidner; R. Duren; S. Sander; A. Eldering
exclude,0.0,Multi-mission Observation Operator (M2O2) service for mission-independent data assimilation process,,2012,,0,R. Weidner; Meemong Lee; C. Lynnes
exclude,0.0,Multi Mission Observation Operator (M2O2),,2012,,0,Meemong Lee; R. Weidner; K. Bowman; C. Lynnes; D. Henze
exclude,0.0,Atmospheric sounding simulation experiment service,IEEE Aerospace Conference,2009,10.1109/aero.2009.4839496,0,Meemong Lee; R. Weidner; K. Bowman
exclude,0.0,MSVN-Juno,IEEE Aerospace Conference,2009,10.1109/aero.2009.4839726,0,Meemong Lee; R. Weidner
exclude,0.0,Development of GEOS-Chem v 7 Adjoint,,2008,,0,Meemong Lee; K. Bowman; Adrian Sandu; Kumaresh Singh
exclude,0.0,Virtual Mission Operation Framework 192 & ! it,,2006,,0,Meemong Lee; R. Weidner
exclude,0.0,An Integrated Approach To Payload System Simulation,,1996,,0,Meemong Lee; R. Swartz; A. Teng; R. Weidner
exclude,0.0,Image-Processing Software For A Hypercube Computer,,1992,,0,Meemong Lee; A. Mazer; S. Groom; Winifred I. Williams
exclude,0.0,Concurrent Image Processing Executive (CIPE). Volume 3: User's guide,,1990,,0,Meemong Lee; Gregory T. Cooper; S. Groom; A. Mazer; Winifred I. Williams; M. Kong
exclude,0.0,Concurrent Image Processing Executive (CIPE). Volume 1: Design overview,,1990,,0,Meemong Lee; S. Groom; A. Mazer; Winifred I. Williams
exclude,0.0,Sea-ice software: ICEMAN,,1988,,0,Meemong Lee
exclude,0.0,Concurrent Image Processing Executive (CIPE),,1988,,0,Meemong Lee; Gregory T. Cooper; S. Groom; A. Mazer; Winifred I. Williams
exclude,0.0,Spectrum-Analysis Program,,1988,,0,J. Solomon; Meemong Lee; A. Mazer; Miki Martin
exclude,0.0,Wildfire Emission Factor Uncertainty and Modeled Atmospheric CO and O3,,2021,10.1002/essoar.10509709.1,0,R. Buchholz; Wenfu Tang; C. Wiedinmyer; L. Emmons; B. Gaubert; F. Lacey; Mijeong Park; R. Schwantes; S. Tilmes; H. Worden
exclude,0.0,1 Enhanced MOPITT data coverage through cloud detection improvement 1 2 3 4 5 6,,2021,,0,H. Marey; J. Drummond; Dylan B. A. Jones; H. Worden; M. Deeter; J. Gille; D. Mao
exclude,0.0,Uncertainty in fire emission factors and the impact on modeled atmospheric CO and O3,,2021,10.1002/essoar.10509739.1,0,R. Buchholz; Wenfu Tang; L. Emmons; B. Gaubert; F. Lacey; Mijeong Park; S. Tilmes; R. Schwantes; C. Wiedinmyer; H. Worden
exclude,0.0,"Supplementary material to ""On the relationship between tropospheric CO and CO2 during KORUS-AQ
and its role in constraining anthropogenic CO2""",,2020,10.5194/acp-2020-864-supplement,0,Wenfu Tang; B. Gaubert; L. Emmons; Yonghoon Choi; J. Digangi; G. Diskin; Xiaomei Xu; Cenlin He; H. Worden; S. Tilmes; R. Buchholz; H. Halliday; A. Arellano
exclude,0.0,"Supplementary material to ""Correcting model biases of CO in East Asia: impact on oxidant distributions during KORUS-AQ""",,2020,10.5194/acp-2020-599-supplement,0,B. Gaubert; L. Emmons; K. Raeder; S. Tilmes; K. Miyazaki; A. Arellano Jr.; N. Elguindi; C. Granier; Wenfu Tang; J. Barré; H. Worden; R. Buchholz; D. Edwards; Philipp Franke; Jeffrey L. Anderson; M. Saunois; J. Schroeder; J. Woo; I. Simpson; D. Blake; S. Meinardi; P. Wennberg; J. Crounse; A. Teng; Michelle J. Kim; R. Dickerson; Hao He; X. Ren
exclude,0.0,"Supplementary material to ""1.5 years of TROPOMI CO measurements: Comparisons to MOPITT and ATom""",,2020,10.5194/amt-2020-63-supplement,0,S. Martínez-Alonso; M. Deeter; H. Worden; T. Borsdorff; I. Aben; R. Commane; B. Daube; G. Francis; Maya George; J. Landgraf; D. Mao; K. McKain; S. Wofsy
exclude,0.0,update to replies - anonymous referee #1,,2019,10.5194/acp-2019-377-ac2,0,H. Worden
exclude,0.0,Response to Referee #2,,2019,10.5194/acp-2019-377-ac3,0,H. Worden
exclude,0.0,"Supplementary material to ""Evaluation of MOPITT version 7 joint TIR-NIR XCO retrievals with TCCON""",,2019,10.5194/amt-2019-201-supplement,0,J. Hedelius; Tai-Long He; Dylan B. A. Jones; R. Buchholz; M. De Mazière; N. Deutscher; M. Dubey; D. Feist; D. Griffith; F. Hase; L. Iraci; P. Jeseck; M. Kiel; R. Kivi; Cheng Liu; I. Morino; J. Notholt; Y. Oh; H. Ohyama; D. Pollard; M. Rettinger; S. Roche; C. Roehl; M. Schneider; K. Shiomi; K. Strong; R. Sussmann; C. Sweeney; Y. Té; O. Uchino; V. Velazco; Wei Wang; T. Warneke; P. Wennberg; H. Worden; D. Wunch
exclude,0.0,Response to Referee #1,,2019,10.5194/acp-2019-377-ac1,0,H. Worden
exclude,0.0,Response to Referee #2,,2019,10.5194/acp-2019-377-ac4,0,H. Worden
exclude,0.0,Diagnostics of sources of tropospheric ozone using data assimilation during the KORUS-AQ campaign,,2017,,0,B. Gaubert; L. Emmons; K. Miyazaki; R. Buchholz; W. Tang; A. Arellano; S. Tilmes; J. Barré; H. Worden; K. Raeder; Jeffrey L. Anderson; D. Edwards
exclude,0.0,Ensemble assimilation and diagnostics of tropospheric oxidants,,2017,,0,B. Gaubert; H. Worden; A. Arellano; J. Barré; K. Miyazaki; S. Tilmes; L. Emmons; S. M. Alonso; F. Vitt; Jeffrey L. Anderson; K. Raeder; D. Edwards
exclude,0.0,2007-2017: 10 years of IASI CO retrievals,,2017,,0,M. S. George; C. Clerbaux; J. Hadji-Lazaro; C. Pierre-Francois; D. Hurtmans; D. Edwards; H. Worden; M. Deeter; D. Mao; T. August; M. Crapeau
exclude,0.0,"Near real-time MOPITT data: Its architecture, obstacles overcome, and strategic decisions",,2017,,0,D. Ziskin; D. Mao; H. Worden; M. Deeter; Garth D’Attilo; Tim Fredrick; S. Martínez-Alonso; G. Francis; C. Drews
exclude,0.0,Expanding the suite of composition products from the NASA sounders,,2016,,0,V. Payne; S. Kulawik; D. Fu; K. Bowman; J. Worden; J. Neu; K. Cady-Pereira; H. Worden; G. Francis; M. Luo; Matt Alvarado
exclude,0.0,化学‐気候モデルにおける化学成分再解析:MOPITT(対流圏汚染観測装置)一酸化炭素同化の評価と対流圏組成への影響,,2016,,0,B. Gaubert; F. ArellanoA.; J. Barré; H. Worden; L. Emmons; S. Tilmes; R. Buchholz; F. Vitt; K. Raeder; N. Collins; J. Anderson; C. Wiedinmyer; A. S. Martinez; D. Edwards; M. Andreae; J. Hannigan; C. Petri; K. Strong; N. Jones
exclude,0.0,CO monitoring with the IASI remote sensor: global and local variability,,2016,,0,M. George; C. Clerbaux; J. Hadji-Lazaro; I. Bouarar; D. Hurtmans; S. Bauduin; P. Coheur; D. Edwards; M. Deeter; H. Worden; A. Inness
exclude,0.0,What can be seen by IASI during pollution events in East Asia,,2016,,0,M. George; C. Clerbaux; J. Hadji-Lazaro; A. Boynard; I. Bouarar; D. Hurtmans; C. Wespes; S. Bauduin; M. Damme; S. Whitburn; P. Coheur; D. Edwards; M. Deeter; H. Worden; A. Inness
exclude,0.0,"Overview of the NCAR-MOPITT reanalysis, investigation of chemical error correlations",,2016,,0,B. Gaubert; J. Barré; A. Arellano; H. Worden; L. Emmons; S. Tilmes; S. Martínez-Alonso; Jeffrey L. Anderson; D. Edwards
exclude,0.0,"The MUlti-SpEctral, MUlti-SpEcies, MUlti-SEnsors (MUSES) Retrievals from the EOS to the Suomi-NPP Era",,2016,,0,D. Fu; K. Bowman; S. Kulawik; J. Worden; H. Worden; K. Miyazaki; J. Neu; M. Luo; P. Veefkind; I. Aben; J. Landgraf; L. Flynn; Yong Han; L. Strow; Xiong Liu; Shanshan Yu
exclude,0.0,Ozone and NO2 OSSEs on a regional/urban scale for GEO-CAPE,,2016,,0,V. Natraj; B. Pierce; Allen J. Lenzen; S. Kulawik; H. Worden; Xiong Liu; M. Newchurch; K. Vinnikov
exclude,0.0,Universality in the Equilibration of Quenched Yukawa One Component Plasmas,,2015,,0,H. Worden
exclude,0.0,Chemical Response of CESM/CAM-Chem to MOPITT CO Ensemble-based Chemical Data Assimilation,,2015,,0,B. Gaubert; A. Arellano; J. Barré; H. Worden; L. Emmons; S. Tilmes; R. Buchholz; C. Wiedinmyer; F. Vitt; Jeffrey L. Anderson; M. Deeter; D. Edwards
exclude,0.0,"Atmospheric Composition Monitoring with MOPITT and IASI: CO, a Tracer of Pollution",,2014,,0,M. George; C. Clerbaux; I. Bouarar; P. Coheur; M. Deeter; D. Edwards; J. Hadji-Lazaro; D. Hurtmans; A. Inness; J. Gille; D. Mao; H. Worden
exclude,0.0,Assessment of IASI CO and MOPITT CO Data Assimilation in CAM-Chem.,,2014,,0,J. Barré; D. Edwards; A. Arellano; B. Gaubert; H. Worden; Jeffrey L. Anderson; A. Mizzi
exclude,0.0,Optimizing global CO concentrations and emissions based on DART/CAM-CHEM,,2014,,0,B. Gaubert; A. Arellano; J. Barré; H. Worden; L. Emmons; C. Wiedinmyer; Jeffrey L. Anderson; M. Deeter; A. Mizzi; D. Edwards
exclude,0.0,Interactive comment on “ The MOPITT Version 6 product : algorithm enhancements and validation ” by M . N,,2014,,0,M. Deeter; S. Martínez-Alonso; D. Edwards; L. Emmons; J. Gille; H. Worden; C. Sweeney; J. Pittman; B. Daube; S. Wofsy
exclude,0.0,"Atmospheric composition monitoring with IASI and MOPITT: CO, a tracer of pollution",,2014,,0,M. George; C. Clerbaux; J. Hadji-Lazaro; A. Boynard; I. Bouarar; D. Hurtmans; P. Coheur; D. Edwards; M. Deeter; H. Worden; D. Mao
exclude,0.0,Deforestation fires versus understory fires in the Amazon Basin: What can we learn from satellite-based CO measurements?,,2014,,0,S. Martínez-Alonso; M. Deeter; H. Worden; J. Gille; C. Clerbaux; M. George
exclude,0.0,MOPITT Products and Their Growing Scientific Impact,,2014,,0,M. Deeter; V. Dean; D. Edwards; L. Emmons; J. Gille; D. Mao; S. Martínez-Alonso; H. Worden; J. Drummond; F. Nichitiu
exclude,0.0,Retrieval algorithm development and product validation for TERRA/MOPITT,Optics & Photonics - Optical Engineering + Applications,2014,10.1117/12.2063107,0,M. Deeter; S. Martínez-Alonso; H. Worden; L. Emmons; V. Dean; D. Mao; D. Edwards; J. Gille
exclude,0.0,Creating a Satellite-Based Record of Tropospheric Ozone,,2013,,0,H. Oetjen; V. Payne; S. Kulawik; A. Eldering; J. Worden; D. Edwards; G. Francis; H. Worden
exclude,0.0,AK prediction from atmospheric and surface state parameters,,2013,,0,H. Worden; D. Edwards; M. Deeter; D. Fu; S. Kulawik; J. Worden; A. Arellano
exclude,0.0,A joint NASA JPL/NCAR ozone retrieval for IASI radiances,,2013,,0,H. Oetjen; V. Payne; S. Kulawik; A. Eldering; J. Worden; D. Edwards; G. Francis; H. Worden
exclude,0.0,Impact of Southern California anthropogenic emissions on air quality in the Western US,,2012,,0,Min Huang; G. Carmichael; K. Bowman; R. Pierce; C. Wiedinmyer; J. Holloway; I. Pollack; T. Ryerson; O. Cooper; H. Worden
exclude,0.0,Aura TES Validation Update : V05,,2012,,0,R. Herman; K. Cady-Pereira; D. Fu; S. Kulawik; M. Luo; V. Payne; Doug Shepard; K. Wecht; H. Worden; J. Worden; K. Bowman
exclude,0.0,MOPITT Validation and its Relevance to Product Users,,2012,,0,M. Deeter; S. Martínez-Alonso; D. Edwards; L. Emmons; J. Gille; H. Worden
exclude,0.0,Electronic branching ratio of the r lepton 1 JUNE 1992,,2011,,0,R.; Ammar; P. Baringer; D.; Coppage; Davis; M. Kelly; N. Kwak; H. Lam; Y. Kubota; M. Lattery; K. J.; Nelson; D. Perticone; Poling; S. Schrenk; Wang; M. S. Alam; J. I; Kjm; B.; Nemati; V. Romero; G.; Crawford; Fulton; K. K.; Gan; H. Kagan; Kass; J.; Lee; Malchow; F.; Morrow; Whitmore; P. Wilson; Butler; Kalbfieisch; M. Lambrecht; P. Skubic; Snow; P.-L. Wang; Bortoletto; D. Brown; Dominick; R. McIlwain; D. Miller; M. Modesitt; I. E.; Shibata; F. S.; Schaffner; J. I.P.; Shipsey; M. Battle; Ernst; H. Kroha; S. Roberts; K.; Sparks; E. Thorndike; T.; Haupt; Kennett; S. Playfer; S. Stone; M. Thulasidas; A. Barnes; J. '; Bartelt; E. S.; Csorna; '. V. Jain; T. '; Letson; M.; Mestayer; D. Akerib; Barish; M. Chadha; F. D.; Cowen; G. Eigen; S. Miller; Urheim; A.; Weinstein; Morrison; M. Procario; M. Daoudi; W.; Ford; R. D.; Johnson; Lingel; M. Lohner; P. Rankin; G. J.; Smith; Alexander; Berkelman; E. T.; Browder; G. D.; Cassel; É.; Cheu; P. Drell; Ehrlich; Geiser; Gittelman; Honscheid; C. Jones; Kandaswamy; H. Worden; M. Worris; P.; Avery; A. Freyberger; Rodriguez; Yelton; S. Henderson; Kinoshita; Pipkin; Wilson; Wolinski; D. Xiao; H. Yamamoto; Sadoff
exclude,0.0,Measurement of the cross section for ggpp,,2011,,0,M. Artuso; D. He; M. Goldberg; N. Horwitz; R. Kennett; G. Moneti; F.; Muheim; Y.; Mukhin; S. Playfer; Y. Rozen; S. Stone; M. Thulasidas; G. Vasseur; G.; Zhu; J.; Bartelt; E. S.; Csorna; Z. Egyed; V. Jain; P. Sheldon; D. Akerib; B.; Barish; M. Chadha; S. Chan; D.; Cowen; G. Eigen; S.; Miller; C. O'grady; Urheim; Á.; Wejnstejn; D. Acosta; M. Athanas; G. Masek; H. Paar; M. Sivertz; A. Bean; Gronberg; R. Kutschke; Menary; R.; Morrison; Nakanishj; H. Nelson; K. T.; Nelson; D. Richman; A. Ryd; H. Tajima; D. Schmidt; D. Sperka; M. Witherell; M. Procario; S. Yang; R. Balest; K.; Cho; M. Daoudi; W.; T.; Ford; D. Johnson; Lingel; M. Lohner; P. Rankin; G. Smith; P. Alexander; C. Bebek; K. Berkelman; D. Besson; E. T.; Browder; D. Cassel; P. Drell; R. Ehrlich; S. R.; Ga; M. Garcia-Sciveres; Geiser; Gittelman; W. S.; Gray; D. L. Hartjll; Heltsley; C. Jones; S. L. Jones; Kandaswamy; N. Katayama; P. Kim; D. Kreinick; S. G.; Ludwig; H Masui; Mevissen; Ñ.; Mistry; É.; Nordberg; M. Ogg; R. Patterson; D. Peterson; Riley; S. Salman; M. Sapper; H. Worden; Wiirthwein; P.; Avery; A. Freyberger; Rodriguez; R. Stephens; Yelton; Edward S. Henderson; K. Kjnoshjta; T. Lju; Shen; R. Wilson; H. Yamamoto; Ong; M. Selen; Sadoff; Ammar; S. Ball; P. Baringer; D. Coppage; N. Copty; R. Davis; N. Hancock; M. Kelly; N. Kwak; H. Lam; Y. Kubota; M. Lattery; S. Patton; D. Perticone; R. Poling; V.; Savinov; S. Schrenk; R. Wang; S. M.; Alam; J. I; Kjm; Nematj; J. J.; Q. Nej; H. Severjnj; C. Sun; Crawford; C. M. Daubenmier; Fulton; D. Fujino; K. K.; Gan; Honscheid; H. Kagan; R. Kass; Lee; Malchow; Morrow; Y. Skovpen; T. Sung; C. White; Whitmore; P. Wilson; Butler; KalbQeisch; M. Lambrecht; W. Ross; P. Skubic; Snow; L. P.; Wang; M. Wood; D. Bortoletto; N. D.; Brown; Fast; R. McIlwain; T. Miao; H. D; Modesjtt; Schaffner; I. E.; Shibata; P. I.; Shipsey; P. Wang; Ernst; H. Kroha; Roberts; Sparks; H. Thorndike; C. Wang; Domjnick; S. Sanghera; Shelkov; Skwarnicki; R. Stroynowski; I..; Volobouev; Zadorozhny
exclude,0.0,Inclusive production of the charmed baryon L_{c}^{+} from e^{+}e^{-} annihilations at sqrt[s],,2011,,0,L. Garren; J.; Yelton; K.; Kinoshita; F. Pipkin; M. Procario; Wolinski; D. Xiao; R.; Ammar; P. Baringer; P. Haas; N. Kwak; K. J.; Nelson; H. Kagan; J. '; Whitmore; Dominick; R. McIlwain; F. S.; Schaffner; I. E.; Shibata; Sparks; E. Thorndike; M. Thulasidas; T.; Letson; Alexander; M. Artuso; C. Bebek; Berkelman; Browder; D. Cassel; G.; Crawford; W. DeWire; P. Drell; R. Galik; S. Gray; A. Hailing; K. B.; Heltsley; Kandaswamy; D. Lewis; H. Worden
exclude,0.0,Monitoring of atmospheric composition with IASI and MOPITT: CO distributions and trends,,2011,,0,M. George; C. Clerbaux; J. Hadji-Lazaro; I. Bouarar; D. Hurtmans; P. Coheur; D. Edwards; M. Deeter; H. Worden
exclude,0.0,Tropospheric ozone profiling using simulated GEO-CAPE measurement,,2011,,0,V. Natraj; Xiong Li; S. Kulawik; K. Chance; R. Chatfield; D. Edwards; A. Eldering; G. Francis; T. Kurosu; K. Pickering; R. Spurr; H. Worden; O. Torres
exclude,0.0,"Two-body D_{s}^{+} decays to ep^{+}, e^{'}p^{+}, er^{+}, e^{'}r^{+}, and phr^{+}",,2011,,0,M. Daoudi; T. W.; Ford; R. D.; Johnson; K.; Lingel; M. Lohner; P.; Rankin; G. J.; Smith; J.; Alexander; C. Bebek; Berkelman; D. Besson; E. T.; Browder; G. D.; Cassel; É.; Cheu; D. Coffman; P. Drell; R.; Ehrlich; R. S. Galjk; M. Garcia-Sciveres; B.; Geiser; Gittelman; D. Hartill; K. B.; Heltsley; Honscheid; Kandaswamy; N. Katayama; P. Kim; L. D.; Kreinick; D. J.; Lewis; S. G.; Ludwig; H Masui; Mevissen; N.; Mistry; S. Nandi; Nordberg; C. O'grady; R. J.; Patterson; D.; Peterson; M. Pisharody; Riley; M. Sapper; M. Selen; H. Worden; Avery; Rodriguez; Yelton; S. Henderson; Kinoshita; F.; Pipkin; M. Saulnier; Wilson; D. Xiao; H. Yamamoto; A.; Sadoff; R. '; Ammar; Baringer; Coppage; Davis; M. Kelly; N. Kwak; H. Lam; Y.; Kubota; K. J.; Nelson; Perticone; R. Polin; S. Schrenk; M. S. Alam; J. I; Kim; Nemati; V. Romero; G.; Crawford; T.; Jensen; H. Kagan; Kass; Malchow; Morrow; Whitmore; Butler; '. M. Lambrecht; '. Skubic; Snow; '. Wang; D. –; Bortoletto; D. Brown; Dominick; L. R; McIlwain; D. Miller; M. Modesitt; I. E.; Shibata; S.; SchaSner; J. I.P.; Shipsey; M. Battle; Ernst; H. Kroha; S. Roberts; Sparks; E. Thorndike; M. Goldberg; Haupt; R. Kennett; D. M.; Mestayer; G. Moneti; Rozen; Skwarnicki; M. Thusalidas; Zhu; A. Barnes; Bartelt; E. S.; Csorna; V. Jain; Letson; D. Akerib; Barish; F. D.; Cowen; Eigen; Stroynowski; Urheim; Weinstein; J. R.; Morrison; H. Tajima; Schmidt; M. Procario
exclude,0.0,Measuring Boundary-Layer Pollution from Space: MOPITT Multispectral Retrievals of CO During 2010 Russian Fires,,2010,,0,M. Deeter; H. Worden; L. Emmons; D. Edwards; J. Gille; J. Drummond
exclude,0.0,Multispectral measurements of boundary layer CO from MOPITT,,2010,,0,H. Worden; M. Deeter; D. Edwards; J. Gille
exclude,0.0,The impact of MOPITT data on tropospheric chemistry,IEEE International Geoscience and Remote Sensing Symposium,2010,10.1109/igarss.2010.5649218,0,J. Gille; J. Drummond; D. Edwards; M. Deeter; H. Worden; D. Masters; L. Emmons; G. Pfister
exclude,0.0,Comparison of satellite-based instantaneous radiative forcing of tropospheric ozone to four global chemistry climate models,,2009,,0,A. Aghedo; K. Bowman; H. Worden; D. Shindell; G. Faluvegi; J. Lamarque; S. Kulawik; M. Parrington; L. Horowitz; D. Jones; S. Rast; M. Schultz; L. Pozzoli
exclude,0.0,Tropospheric Emission Spectrometer ( TES ) version 2 ( V 002 ) nadir ozone profiles with ozonesonde profiles from the Intercontinental Chemical Transport Experiment,,2008,,0,R. Nassar; J. Logan; H. Worden; I. Megretskaia; K. Bowman; G. Osterman; A. Thompson; D. Tarasick; Shermane Austin; H. Claude; M. Dubey; W. Hocking; B. Johnson; E. Joseph; J. Merrill; G. Morris; M. Newchurch; S. Oltmans; F. Posny; F. Schmidlin; H. Vömel; D. Whiteman; J. Witte
exclude,0.0,"Quantifying the lightning Nox emissions over the US using TES, NLDN, IONS data and the GEOS-Chem model",,2007,,0,L. Jourdain; S. Kulawik; H. Worden; K. Pickering; B. Fisher
exclude,0.0,Observing signatures of air pollution from space : prospects and challenges for nadir thermal infrared spectrometers,,2006,,0,K. Bowman; J. Worden; A. Eldering; H. Worden; B. Irion; M. Gunson; R. Beer
exclude,0.0,Tropospheric Emissions Spectrometer (TES) One Day Test Objectives And Status,,2003,,0,M. Lampel; H. Worden; R. Beer; K. Bowman; A. Eldering; M. Gunson; M. Luo; G. Osterman; S. Kulawik; J. Worden
exclude,0.0,Characterization of Aura-TES (Tropospheric Emission Spectrometer) nadir and limb retrievals,,2002,,0,H. Worden; R. Beer; K. Bowman; A. Eldering; M. Luo; G. Osterman; S. Sund; J. Worden; T. Steck
exclude,0.0,Capturing tropospheric ozone time variability : a study using TES Nadir Retrievals,,2001,10.1364/ors.2001.pd1,0,K. Bowman; T. Steck; H. Worden; J. Worden; S. Clough; C. Rodgers
exclude,0.0,Preliminary results from the TES retrieval algorithm single orbit test,,2001,,0,H. Worden; T. Steck; R. Beer; K. Bowman; A. Eldering; M. Luo; G. Osterman; S. Sund; J. Worden
exclude,0.0,TES Algorithms and Data Products,,2000,,0,H. Worden; R. Beer; K. Bowman; M. Luo; E. Ustinov; S. Clough; J. Worden; P. D. Brown; C. Rodgers
exclude,0.0,Tropospheric Emission Spectrometer (TES) Ground System Operations Concept,,2000,,0,S. Larson; R. Beer; H. Worden; S. Tyler; E. Greene
exclude,0.0,Airborne Passive Remote Sensing of the Troposphere in Nashville/Middle Tennessee Area During the 1995 Southern Oxidants Study,,1998,,0,D. Rider; H. Worden; R. Beer; S. Nandi; L. Sparks
exclude,0.0,The Combined Use of Open-Path Fourier Transform Spectroscopy and Multispectral Thermal Infrared Imaging to Map Volcanic Sulfur Dioxide Plumes,,1998,,0,V. Realmuto; H. Worden
exclude,0.0,"Regional ozone mapping with the Airborne Emission Spectrometer (AES) for flights during the July, 1995 Southern Oxidants Study in Nashville, TN",Optical Remote Sensing of the Atmosphere,1997,10.1364/orsa.1997.owb.3,0,H. Worden; S. Nandi; D. Rider; R. Beer
exclude,0.0,"Spatial and Temporal Distributions of Retrieved O(sub 3), CO, H(sub 2)O and Temperature from the Airborne Emission Spectrometer (AES)",,1997,,0,H. Worden; D. Rider; S. Nandi; R. Beer
exclude,0.0,Remote Sensing of Tropospheric Chemistry form Space:The Tropospheric Emission Spectrometer,,1997,,0,R. Beer; M. Luo; H. Worden; D. Rider; S. Clough; P. Brown; C. Rinsland; C. Rodgers
exclude,0.0,Aiborne Emission Spectrometer,,1997,,0,D. Rider; R. Beer; H. Worden
exclude,0.0,Airborne High Resolution Infrared Spectroscopy of Western Wildfires.,,1995,,0,H. Worden; R. Beer; C. Rinsland
exclude,0.0,Measurement of In-Flight Aircraft Emissions,,1995,,0,M. Sokoloski; C. Arnold; D. Rider; R. Beer; H. Worden; T. Glavich
exclude,0.0,"First measurement of I (D, + = p+ ~)/I (D, + = Pm+)",,1994,,0,D. Acpsta; M. Athanas; G. Masek; H. Paar; A. Bean; J. Grpnberg; R. Kutschke; S. Menary; R. Morrison; S. Nakanishi; H. Nelson; T. Nelson; J. Richman; A. Ryd; H. Tajima; D. Schmidt; D. Sperka; M. Witherell; M. Prpcarip; S. Yang; R. Balest; K. Cho; M. Daoudi; W. Ford; D. Johnson; K. Lingel; M. Lohner; P. Rankin; J. Smith; J. Alexander; C. Bebek; K. Berkelman; D. Besson; T. Browder; D. Cassel; H. Cho; D. Coffman; P. Drell; R. Ehrlich; R. Galik; M. Garcia-Sciveres; B. Geiser; B. Gittelman; S. Gray; D. Hartill; B. Heltsley; C. Jones; S. L. Jones; J. Kandaswamy; N. Katayama; P. Kim; D. Kreinick; G. S. Ludwig; J. Masui; J. Mevissen; N. Mistry; E. Nordberg; M. Ogg; J. Patterson; D. Peterson; D. Riley; S. Salman; M. Sapper; H. Worden; F. Würthwein; P. Avery; A. Freyberger; J. Rodriguez; R. Stephens; J. Yelton; D. Cinabro; S. Henderson; K. Kinoshita; Tao Liu; M. Saulnier; F. Shen; R. Wilson; H. Yamamoto; B. Ong; M. Selen; A. Sadoff; R. Ammar; S. Ball; P. Baringer; D. Coppage; N. Copty; R. Davis; N. Hancock; M. Kelly; N. Kwak; H. Lam; Y. Kubota; M. Lattery; J. Nelson; S. Patton; D. Perticone; R. Poling; V. Savinov; S. Schrenk; R. Wang; M. Alam; I. J. Kim; B. Nemati; H. Severini; C. Sun; M. Zoeller; G. Crawford; C. M. Daubenmier; R. Fulton
