suggested_action,relevance,title,venue,year,doi,citations_s2,authors
recommend,0.343,New sampling strategy removes imaging spectroscopy solar-smearing bias in sub-km vapour scaling statistics,,2021,10.5194/amt-2021-163,0,M. T. Richardson; D. Thompson; M. Kurowski; M. Lebsock
recommend,0.314,HDO and H 2 O total column retrievals from TROPOMI shortwave infrared measurements,,2016,10.5194/amt-9-3921-2016,21,R. Scheepmaker; J. aan de Brugh; Haili Hu; T. Borsdorff; C. Frankenberg; C. Risi; O. Hasekamp; I. Aben; J. Landgraf
recommend,0.314,A New Methodology for Observation-Based Parameterization Development,,2020,10.1175/mwr-d-20-0114.1,10,K. Suselj; D. Posselt; M. Smalley; M. Lebsock; João Paulo Ramos Teixeira
recommend,0.286,The Strong Impact of Weak Horizontal Convergence on Continental Shallow Convection,,2020,10.1175/jas-d-19-0351.1,8,M. Kurowski; W. Grabowski; K. Suselj; João Paulo Ramos Teixeira
recommend,0.286,Effects of Discretization of Smagorinsky–Lilly Subgrid Scale Model on Large-Eddy Simulation of Stable Boundary Layers,Atmosphere,2025,10.3390/atmos16030310,3,Jonas Banhos; G. Matheou
recommend,0.257,Potential of next-generation imaging spectrometers to detect and quantify methane point sources from space,Atmospheric Measurement Techniques,2019,10.5194/amt-12-5655-2019,124,D. Cusworth; D. Jacob; D. Varon; Christopher E. Chan Miller; Xiong Liu; K. Chance; A. Thorpe; R. Duren; C. Miller; D. Thompson; C. Frankenberg; L. Guanter; C. Randles
recommend,0.257,Distinct Dynamical and Structural Properties of Marine Stratocumulus and Shallow Cumulus Clouds in the Eastern North Atlantic,Journal of Geophysical Research - Atmospheres,2022,10.1029/2022jd037021,9,Jong‐Hoon Jeong; M. Witte; I. Glenn; M. Smalley; M. Lebsock; K. Lamer; Zeen Zhu
recommend,0.257,A Novel Framework for Evaluating and Improving Parameterized Subtropical Marine Boundary Layer Cloudiness,Monthly Weather Review,2019,10.1175/mwr-d-18-0394.1,9,M. Smalley; K. Suselj; M. Lebsock; J. Teixeira
recommend,0.257,Augmenting the double-Gaussian representation of atmospheric turbulence and convection via a coupled stochastic multi-plume mass flux scheme,Monthly Weather Review,2022,10.1175/mwr-d-21-0215.1,8,M. Witte; A. Herrington; J. Teixeira; M. Kurowski; M. Chinita; R. Storer; K. Suselj; G. Matheou; J. Bacmeister
recommend,0.257,The diurnal susceptibility of subtropical clouds to aerosols,Atmospheric Chemistry and Physics,2025,10.5194/acp-25-15329-2025,6,M. Kurowski; M. Lebsock; K. Smalley
recommend,0.257,Vertical wind and drop size distribution retrieval with the CloudCube G-band Doppler radar,Atmospheric Measurement Techniques,2025,10.5194/amt-18-5141-2025,5,Nitika Yadlapalli Yurk; M. Lebsock; Juan M. Socuéllamos; Raquel Rodriguez Monje; Ken B. Cooper; P. Kollias
recommend,0.257,Quantifying the impact of vertical resolution on the representation of marine boundary layer physics for global-scale models,Monthly Weather Review,2023,10.1175/mwr-d-23-0078.1,4,M. Smalley; M. Lebsock; J. Teixeira
recommend,0.257,Coupling Warm Rain With an Eddy Diffusivity/Mass Flux Parameterization: 1. Model Description and Validation,Journal of Advances in Modeling Earth Systems,2022,10.1029/2021ms002736,3,K. Suselj; M. Smalley; M. Lebsock; M. Kurowski; M. Witte; João Paulo Ramos Teixeira
recommend,0.257,Delaminating the Marine Atmospheric Boundary and Saharan Air Layers: Observations and modeling by MAGPIE to understand marine boundary and lower free troposphere layer inhomogeneity over the Northwest Tropical Atlantic,Bulletin of The American Meteorological Society - (BAMS),2026,10.1175/bams-d-25-0224.1,0,Jeffrey S. Reid; Joshua H. Cossuth; C. Gaston; Robert E. Holz; D. Richter; A. Sealy; Elizabeth J. Thompson; Qing Wang; M. Chinita; J. Dunion; D. Eleuterio; Willem J. Marais; J. Rubin; Stephanie S. Rushley; Lian Shen; Zhien Wang; R. Yamaguchi; E. Blades; A. Bucholtz; Z. Buckholtz; R. Chewitt-Lucas; J. Doyle; T. Eck; Edwin W. Eloranta; David D. Flagg; Dongwei Fu; Joseph P. Garcia; J. Hlywiak; Christopher R. Jackson; S. Król; Elena Lind; Allison Mabrey; S. Malinowski; H. Maring; Emily C. Melvin; M. A. Miller; Shubham Mittal; K. Mulreany; I. Razenkov; E. Reid; Jonathan Roetman; J. Ruiz‐Plancarte; P. Selmer; Sebastian Schmidt; Sujan Shrestha; A. Willitsford; Mikael Witte; P. Xian; S. Yuter
recommend,0.257,Lagrangian aerosol particle trajectories in a cloud-free marine atmospheric boundary layer: implications for sampling,Atmospheric Measurement Techniques,2025,10.5194/amt-18-5017-2025,0,H. Park; Jeﬀrey Reid; P. Caffrey; M. Chinita; David H Richter
recommend,0.229,Marine liquid cloud geometric thickness retrieved from OCO-2's oxygen A-band spectrometer,Atmospheric Measurement Techniques,2019,10.5194/amt-12-1717-2019,24,M. Richardson; J. Leinonen; H. Cronk; J. McDuffie; M. Lebsock; G. Stephens
recommend,0.229,Improving the representation of shallow cumulus convection with the simplified-higher-order-closure–mass-flux (SHOC+MF v1.0) approach,Geoscientific Model Development,2023,10.5194/gmd-16-1909-2023,10,M. Chinita; M. Witte; M. Kurowski; João Paulo Ramos Teixeira; K. Suselj; Georgios; Matheou; P. Bogenschutz
recommend,0.229,"An A-train and MERRA view of cloud, thermodynamic, and dynamic variability within the subtropical marine boundary layer",,2017,10.5194/acp-17-9451-2017,7,B. Kahn; G. Matheou; Q. Yue; T. Fauchez; E. Fetzer; M. Lebsock; J. Martins; M. Schreier; Kentaroh Suzuki; J. Teixeira
recommend,0.229,Variability of bulk water vapor content in the marine cloudy boundary layers from microwave and near-infrared imagery,Atmospheric Chemistry and Physics,2019,10.5194/acp-19-8491-2019,2,L. Millán; M. Lebsock; J. Teixeira
recommend,0.229,"Assessing Uncertainty and Biases in Total Liquid Water Path Retrieved from W-, Ka- and G-band Radar/Radiometer Observations from Space",Journal of Atmospheric and Oceanic Technology,2026,10.1175/jtech-d-25-0044.1,1,Zhuocan Xu; P. Kollias; M. Lebsock; Alessandro Battaglia; S. Sasikumar
recommend,0.229,"Variability of Bulk Water Vapor Content in the Marine Cloudy
Boundary Layers from Microwave and Near-Infrared Imagery",,2019,10.5194/acp-2019-4,1,L. Millán; M. Lebsock; J. Teixeira
recommend,0.229,"A satellite and reanalysis view of cloud organization, thermodynamic, and dynamic variability within the subtropical marine boundary layer",,2017,10.5194/acp-2017-59,0,B. Kahn; G. Matheou; Q. Yue; T. Fauchez; E. Fetzer; M. Lebsock; J. Martins; M. Schreier; Kentaroh Suzuki; J. Teixeira
recommend,0.229,Scientific Applications of Multi-Angle Measurements to Reconstruct Earth’s Atmosphere through Tomography,Bulletin of The American Meteorological Society - (BAMS),2026,10.1175/bams-d-24-0293.1,0,Linda Forster; Mark T. Richardson; A. Davis; Mauricio Hess-Flores; Igor Yanovsky; J. Ryan; M. Lebsock; D. Posselt; F. Seidel; Chi O. Ao; Shannon T. Brown; D. Diner; E. Fishbein; L. Girolamo; M. Kurowski; Lukas Mandrake; C. E. Miller; N. Parazoo; Graeme Stephens; J. P. Teixeira; J. Hyon; M. Seablom
recommend,0.2,Tropical and Subtropical Cloud Transitions in Weather and Climate Prediction Models: The GCSS/WGNE Pacific Cross-Section Intercomparison (GPCI),,2011,10.1175/2011jcli3672.1,146,João Paulo Ramos Teixeira; S. Cardoso; S. Cardoso; M. Bonazzola; Jason C. Cole; A. Delgenio; C. DeMott; C. Franklin; C. Hannay; C. Jakob; Y. Jiao; J. Karlsson; H. Kitagawa; M. Köhler; A. Kuwano‐Yoshida; C. Ledrian; Jun Li; A. Lock; M. Miller; P. Marquet; J. Martins; C. Mechoso; E. Meijgaard; I. Meinke; P. Miranda; D. Mironov; R. Neggers; H. Pan; D. Randall; P. Rasch; B. Rockel; W. Rossow; B. Ritter; A. P. Siebesma; P. Soares; F. Turk; P. Vaillancourt; A. Engeln; Ming Zhao
recommend,0.2,Retrieval techniques for airborne imaging of methane concentrations using high spatial and moderate spectral resolution: application to AVIRIS,,2014,10.5194/amt-7-491-2014,114,A. Thorpe; C. Frankenberg; D. Roberts
recommend,0.2,Frequency and causes of failed MODIS cloud property retrievals for liquid phase clouds over global oceans,Journal of Geophysical Research - Atmospheres,2015,10.1002/2015jd023161,106,Hyoun-Myoung Cho; Zhibo Zhang; K. Meyer; M. Lebsock; S. Platnick; A. Ackerman; L. Di Girolamo; L. C.-Labonnote; C. Cornet; J. Riedi; R. Holz
recommend,0.2,Large-Eddy Simulation of Stratified Turbulence. Part II: Application of the Stretched-Vortex Model to the Atmospheric Boundary Layer,,2014,10.1175/jas-d-13-0306.1,81,G. Matheou; D. Chung
recommend,0.2,Detection and quantification of CH4 plumes using the WFM-DOAS retrieval on AVIRIS-NG hyperspectral data,Atmospheric Measurement Techniques,2020,10.5194/amt-2020-275,42,J. Borchardt; K. Gerilowski; S. Krautwurst; H. Bovensmann; A. Thorpe; D. Thompson; C. Frankenberg; C. Miller; R. Duren; J. Burrows
recommend,0.2,LES of a Spatially Developing Atmospheric Boundary Layer: Application of a Fringe Method for the Stratocumulus to Shallow Cumulus Cloud Transition,,2014,10.1175/mwr-d-13-00400.1,23,M. Inoue; G. Matheou; J. Teixeira
recommend,0.2,Improving the Representation of Subtropical Boundary Layer Clouds in the NASA GEOS Model with the Eddy-Diffusivity/Mass-Flux Parameterization,Monthly Weather Review,2021,10.1175/mwr-d-20-0183.1,8,K. Suselj; João Paulo Ramos Teixeira; M. Kurowski; A. Molod
recommend,0.2,Dual-frequency (Ka-band and G-band) radar estimates of liquid water content profiles in shallow clouds,Atmospheric Measurement Techniques,2024,10.5194/amt-17-6965-2024,6,Juan M. Socuéllamos; Raquel Rodriguez Monje; M. Lebsock; Ken B. Cooper; P. Kollias
recommend,0.2,Retrieval simulations of a spaceborne differential absorption radar near the 380 GHz water vapor line,Atmospheric Measurement Techniques,2025,10.5194/amt-18-4483-2025,1,Luis Millán; M. Lebsock; M. Kurowski
recommend,0.2,Residual cross-grid flow numerical error in large-eddy simulations of cumulus-topped boundary layers,,2019,,0,Oumaima Lamaakel; G. Matheou
recommend,0.2,Numerical model error in large-eddy simulations of a stable atmospheric boundary layer,,2017,,0,G. Matheou
recommend,0.171,"Airborne DOAS retrievals of methane, carbon dioxide, and water vapor concentrations at high spatial resolution: Application to AVIRIS-NG",,2017,10.5194/amt-10-3833-2017,116,A. Thorpe; C. Frankenberg; D. Thompson; R. Duren; A. Aubrey; B. Bue; R. Green; K. Gerilowski; T. Krings; J. Borchardt; E. Kort; C. Sweeney; S. Conley; D. Roberts; P. Dennison
recommend,0.171,Orbiting Carbon Observatory-2 (OCO-2) cloud screening algorithms: validation against collocated MODIS and CALIOP data,,2015,10.5194/amt-9-973-2016,110,T. Taylor; C. O’Dell; C. Frankenberg; P. Partain; H. Cronk; A. Savtchenko; R. Nelson; E. J. Rosenthal; A. Chang; B. Fisher; G. Osterman; R. Pollock; D. Crisp; A. Eldering; M. Gunson
recommend,0.171,On the Fidelity of Large-Eddy Simulation of Shallow Precipitating Cumulus Convection,,2011,10.1175/2011mwr3599.1,107,G. Matheou; D. Chung; L. Nuijens; B. Stevens; J. Teixeira
recommend,0.171,"The Chlorophyll Fluorescence Imaging Spectrometer (CFIS), mapping far red fluorescence from aircraft",Remote Sensing of Environment,2018,10.1016/j.rse.2018.08.032,66,C. Frankenberg; P. Köhler; T. Magney; S. Geier; P. Lawson; M. Schwochert; J. McDuffie; D. Drewry; R. Pavlick; A. Kuhnert
recommend,0.171,Quantifying Global Power Plant Carbon Dioxide Emissions With Imaging Spectroscopy,AGU Advances,2021,10.1029/2020av000350,65,D. Cusworth; R. Duren; A. Thorpe; M. Eastwood; R. Green; P. Dennison; C. Frankenberg; Joseph W. Heckler; G. Asner; C. E. Miller
recommend,0.171,Evaluating the effects of surface properties on methane retrievals using a synthetic airborne visible/infrared imaging spectrometer next generation (AVIRIS-NG) image,Remote Sensing of Environment,2018,10.1016/j.rse.2018.06.018,58,A. Ayasse; A. Thorpe; D. Roberts; Christopher C. Funk; P. Dennison; C. Frankenberg; A. Steffke; A. Aubrey
recommend,0.171,Steady-State Large-Eddy Simulations to Study the Stratocumulus to Shallow Cumulus Cloud Transition,,2012,10.1175/jas-d-11-0256.1,57,D. Chung; G. Matheou; J. Teixeira
recommend,0.171,An Uncertainty Data Set for Passive Microwave Satellite Observations of Warm Cloud Liquid Water Path,Journal of Geophysical Research - Atmospheres,2018,10.1002/2017jd027638,38,T. Greenwald; R. Bennartz; M. Lebsock; J. Teixeira
recommend,0.171,Warm Rain Rates from AMSR-E 89-GHz Brightness Temperatures Trained Using CloudSat Rain-Rate Observations,Journal of Atmospheric and Oceanic Technology,2019,10.1175/jtech-d-18-0185.1,25,R. Eastman; M. Lebsock; R. Wood
recommend,0.171,Numerical discretization and subgrid‐scale model effects on large‐eddy simulations of a stable boundary layer,,2016,10.1002/qj.2888,24,G. Matheou
recommend,0.171,Spectroscopic imaging of sub-kilometer spatial structure in lower-tropospheric water vapor,Atmospheric Measurement Techniques,2020,10.5194/amt-2020-346,17,D. Thompson; B. Kahn; P. Brodrick; M. Lebsock; M. Richardson; R. Green
recommend,0.171,When Will Spaceborne Cloud Radar Detect Upward Shifts in Cloud Heights?,Journal of Geophysical Research - Atmospheres,2019,10.1029/2018jd030242,16,Hanii Takahashi; M. Lebsock; M. Richardson; R. Marchand; J. Kay
recommend,0.171,The Spectral Nature of Earth’s Reflected Radiation: Measurement and Science Applications,Frontiers in Remote Sensing,2021,10.3389/frsen.2021.664291,13,G. Stephens; O. Kalashnikova; J. Gristey; P. Pilewskie; D. Thompson; Xianglei Huang; M. Lebsock; S. Schmidt
recommend,0.171,Detection and Tracking of Tropical Convective Storms Based on Globally Gridded Precipitation Measurements: Algorithm and Survey over the Tropics,,2021,10.1175/jamc-d-20-0171.1,10,Hanii Takahashi; M. Lebsock; Z. Luo; H. Masunaga; Cindy Wang
recommend,0.171,Profile information on CO from SCIAMACHY observations using cloud slicing and comparison with model simulations,,2014,10.5194/acp-14-1717-2014,10,Cheng Liu; S. Beirle; T. Butler; P. Hoor; C. Frankenberg; P. Jöckel; M. P. D. Vries; U. Platt; A. Pozzer; M. Lawrence; J. Lelieveld; H. Tost; T. Wagner
recommend,0.171,Quantifying the dependence of drop spectrum width on cloud drop number concentration for cloud remote sensing,Atmospheric Chemistry and Physics,2023,10.5194/acp-23-14293-2023,6,M. Lebsock; M. Witte
recommend,0.171,A new Orbiting Carbon Observatory 2 cloud flagging method and rapid retrieval of marine boundary layer cloud properties,,2020,10.5194/amt-13-4947-2020,4,M. Richardson; M. Lebsock; J. McDuffie; G. Stephens
recommend,0.171,Towards a Climate OSSE Framework for Satellite Mission Design,Bulletin of The American Meteorological Society - (BAMS),2025,10.1175/bams-d-24-0242.1,3,A. Fridlind; G. Elsaesser; M. Lier-Walqui; G. Cesana; Elizabeth Weatherhead; G. Tselioudis; Gavin A. Schmidt; D. Barahona; B. Cairns; W. D. Collins; David Considine; Lidia Cucurull; L. DiGirolamo; A. Emory; O. Hasekamp; Shan He; Ryan Kramer; M. Lebsock; Tsengdar J. Lee; S. Leroy; Wuyin Lin; Steven Lugauer; Daniel J. Miller; J. Mulmenstadt; L. Oreopoulos; Derek J. Posselt; Mark D. Zelinkas
recommend,0.171,Differential Absorption Radar at 170 GHz for Atmospheric Boundary Layer Water Vapor Profiling,European Microwave Conference,2018,10.23919/eurad.2018.8546571,3,R. Roy; K. Cooper; M. Lebsock; L. Millán; J. Siles; R. Monje
recommend,0.171,"Analyses of Shallow Convection over the Amazon Coastal Region Using Satellite Images, Data Observations and Modeling",Revista Brasileira de Meteorologia,2018,10.1590/0102-7786332009,1,L. Pires; K. Suselj; L. Rossato; J. Teixeira; João Paulo Ramos Teixeira
recommend,0.171,Large-Eddy Simulations of the Stratocumulus to Shallow Cumulus Cloud Transition,,2013,,0,M. Inoue; G. Matheou; J. Teixeira
recommend,0.171,Hyperspectral A-band retrievals of cloud droplet number concentration from OCO-2,,2020,10.5194/egusphere-egu2020-22389,0,M. Richardson; M. Lebsock; G. Stephens
recommend,0.171,Differential Absorption Radar at 170 GHz for Atmospheric Boundary Layer Water Vapor Profiling,European Radar Conference,2018,10.23919/eumc.2018.8541614,0,R. Roy; K. Cooper; M. Lebsock; L. Millán; J. Siles; R. Monje
review,0.143,Quantifying methane emissions from the global scale down to point sources using satellite observations of atmospheric methane,Atmospheric Chemistry and Physics,2022,10.5194/acp-22-9617-2022,344,D. Jacob; D. Varon; D. Cusworth; P. Dennison; C. Frankenberg; R. Gautam; L. Guanter; J. Kelley; J. Mckeever; L. Ott; B. Poulter; Z. Qu; A. Thorpe; J. Worden; R. Duren
review,0.143,The Orbiting Carbon Observatory-2: first 18 months of science data products,,2016,10.5194/amt-10-549-2017,267,A. Eldering; C. O’Dell; P. Wennberg; D. Crisp; M. Gunson; C. Viatte; C. Avis; A. Braverman; R. Castaño; A. Chang; L. Chapsky; Cecilia Cheng; B. Connor; L. Dang; G. Doran; B. Fisher; C. Frankenberg; D. Fu; R. Granat; J. Hobbs; R. Lee; L. Mandrake; J. McDuffie; C. Miller; V. Myers; V. Natraj; D. O'Brien; G. Osterman; F. Oyafuso; V. Payne; H. Pollock; I. Polonsky; C. Roehl; R. Rosenberg; F. Schwandner; M. Smyth; V. Tang; T. Taylor; Cathy To; D. Wunch; Jan Yoshimizu
review,0.143,"Spaceborne Cloud and Precipitation Radars: Status, Challenges, and Ways Forward",Reviews of Geophysics,2020,10.1029/2019rg000686,139,A. Battaglia; P. Kollias; R. Dhillon; R. Roy; S. Tanelli; K. Lamer; M. Grecu; M. Lebsock; Daniel Watters; Kamil Mróz; G. Heymsfield; Lihua Li; K. Furukawa
review,0.143,Fast and Accurate Retrieval of Methane Concentration From Imaging Spectrometer Data Using Sparsity Prior,IEEE Transactions on Geoscience and Remote Sensing,2020,10.1109/tgrs.2020.2976888,109,Markus Foote; P. Dennison; A. Thorpe; D. Thompson; Siraput Jongaramrungruang; C. Frankenberg; S. Joshi
review,0.143,The greenhouse gas climate change initiative (GHG-CCI): Comparative validation of GHG-CCI SCIAMACHY/ENVISAT and TANSO-FTS/GOSAT CO2 and CH4 retrieval algorithm products with measurements from the TCCON,,2013,10.5194/amt-7-1723-2014,96,B. Dils; M. Buchwitz; M. Reuter; O. Schneising; H. Boesch; R. Parker; S. Guerlet; I. Aben; T. Blumenstock; J. Burrows; A. Butz; N. Deutscher; C. Frankenberg; F. Hase; O. Hasekamp; J. Heymann; M. Mazière; J. Notholt; R. Sussmann; T. Warneke; D. Griffith; V. Sherlock; D. Wunch
review,0.143,High spatial resolution imaging of methane and other trace gases with the airborne Hyperspectral Thermal Emission Spectrometer (HyTES),,2016,10.5194/amt-9-2393-2016,82,G. Hulley; R. Duren; F. Hopkins; S. Hook; N. Vance; P. Guillevic; W. Johnson; B. Eng; J. Mihaly; V. Jovanovic; S. Chazanoff; Z. K. Staniszewski; L. Kuai; J. Worden; C. Frankenberg; G. Rivera; A. Aubrey; C. Miller; N. Malakar; J. M. S. Tomás; Kendall T. Holmes
review,0.143,Evaluation and mechanism exploration of the diurnal hysteresis of ecosystem fluxes,Agricultural and Forest Meteorology,2019,10.1016/j.agrformet.2019.107642,61,Changjie Lin; P. Gentine; C. Frankenberg; Sha Zhou; D. Kennedy; Xi Li
review,0.143,A unified approach to estimate land and water reflectances with uncertainties for coastal imaging spectroscopy,Remote Sensing of Environment,2019,10.1016/j.rse.2019.05.017,39,D. Thompson; K. Cawse-Nicholson; Z. Erickson; C. Fichot; C. Frankenberg; B. Gao; M. Gierach; R. Green; D. Jensen; V. Natraj; A. Thompson
review,0.143,A recycling method for the large-eddy simulation of plumes in the atmospheric boundary layer,Environmental Fluid Mechanics,2016,10.1007/s10652-015-9413-4,27,G. Matheou; K. Bowman
review,0.143,Simulation of Remote Sensing of Clouds and Humidity From Space Using a Combined Platform of Radar and Multifrequency Microwave Radiometers,Earth and Space Science,2019,10.1029/2019ea000580,15,Jonathan H. Jiang; Q. Yue; H. Su; P. Kangaslahti; M. Lebsock; S. Reising; M. Schoeberl; Longtao Wu; R. Herman
review,0.143,What CloudSat cannot see: liquid water content profiles inferred from MODIS and CALIOP observations,Atmospheric Measurement Techniques,2023,10.5194/amt-16-3531-2023,14,Richard M. Schulte; M. Lebsock; J. Haynes
review,0.143,Isotopic changes due to convective moistening of the lower troposphere associated with variations in the ENSO and IOD from 2005 to 2006,,2015,10.3402/tellusb.v67.26177,14,Jeonghoon Lee; J. Worden; D. Noone; J. Chae; C. Frankenberg
review,0.143,Assessment of global total column water vapor sounding using a spaceborne differential absorption radar,Atmospheric Measurement Techniques,2020,10.5194/amt-2020-97,13,L. Millán; R. Roy; M. Lebsock
review,0.143,Uncertainty Characteristics of Total Water Path Retrievals in Shallow Cumulus Derived from Spaceborne Radar/Radiometer Integral Constraints,,2016,10.1175/jtech-d-16-0023.1,13,M. Lebsock; Kentaroh Suzuki
review,0.143,Multifrequency radar observations of marine clouds during the EPCAPE campaign,Earth System Science Data,2024,10.5194/essd-16-2701-2024,9,Juan M. Socuéllamos; Raquel Rodriguez Monje; M. Lebsock; Ken B. Cooper; Robert M. Beauchamp; Arturo Y. Umeyama
review,0.143,A Lagrangian Analysis of Pockets of Open Cells over the Southeast Pacific,Atmospheric Chemistry and Physics,2021,10.5194/acp-2021-1001,8,K. Smalley; M. Lebsock; R. Eastman; M. Smalley; M. Witte
review,0.143,Poster: The texture of atmospheric humidity: Near-surface turbulence in precipitating cumulus convection,75th Annual Meeting of the APS Division of Fluid Dynamics - Gallery of Fluid Motion,2022,10.1103/aps.dfd.2022.gfm.p0007,0,G. Matheou; R. Venters; Oumaima Lamaakel; J. Teixeira
review,0.143,A ug 2 02 0 Galilean invariance of shallow cumulus convection large-eddy simulations,,2020,,0,Oumaima Lamaakel; G. Matheou
review,0.143,Turbulence and cloud formation in the atmospheric boundary layer : some aspects of stratified turbulence,,2011,,0,G. Matheou
review,0.143,A new OCO-2 cloud flagging and rapid retrieval of marine boundary layer cloud properties,,2020,10.5194/amt-2020-140,0,M. Richardson; M. Lebsock; J. McDuffie; G. Stephens
review,0.143,A Marine Boundary Layer Water Vapor Climatology Derived from Microwave and Near-Infrared Imagery,,2017,,0,L. M. Valle; M. Lebsock; J. Teixeira
review,0.114,The Global Methane Budget 2000–2017,Earth System Science Data,2019,10.5194/essd-2019-128,2861,M. Saunois; A. Stavert; B. Poulter; P. Bousquet; J. Canadell; R. Jackson; P. Raymond; E. Dlugokencky; S. Houweling; P. Patra; P. Ciais; V. Arora; D. Bastviken; P. Bergamaschi; D. Blake; G. Brailsford; L. Bruhwiler; K. Carlson; M. Carrol; S. Castaldi; N. Chandra; C. Crevoisier; P. Crill; K. Covey; C. Curry; G. Etiope; C. Frankenberg; N. Gedney; M. Hegglin; L. Höglund-Isaksson; G. Hugelius; M. Ishizawa; A. Ito; G. Janssens‑Maenhout; K. Jensen; F. Joos; T. Kleinen; P. Krummel; R. Langenfelds; G. Laruelle; Licheng Liu; T. Machida; Shamil Maksyutov; K. McDonald; J. McNorton; P. Miller; J. Melton; I. Morino; Jurek Müller; F. Murguía-Flores; V. Naik; Y. Niwa; S. Noce; S. O'Doherty; R. Parker; C. Peng; S. Peng; G. Peters; C. Prigent; R. Prinn; M. Ramonet; P. Régnier; W. Riley; J. Rosentreter; A. Segers; I. Simpson; Hao Shi; Steven J. Smith; L. Steele; B. Thornton; H. Tian; Y. Tohjima; F. Tubiello; A. Tsuruta; N. Viovy; A. Voulgarakis; Thomas S. Weber; M. van Weele; G. R. van der Werf; R. Weiss; D. Worthy; D. Wunch; Yi Yin; Y. Yoshida; Wenxing Zhang; Zhen Zhang; Yuanhong Zhao; Bo-Yan Zheng; Qing Zhu; Qiu'an Zhu; Q. Zhuang
review,0.114,Soil moisture–atmosphere feedback dominates land carbon uptake variability,Nature,2021,10.1038/s41586-021-03325-5,536,V. Humphrey; A. Berg; P. Ciais; P. Gentine; M. Jung; M. Reichstein; S. Seneviratne; C. Frankenberg
review,0.114,Potential of the TROPOspheric Monitoring Instrument (TROPOMI) onboard the Sentinel-5 Precursor for the monitoring of terrestrial chlorophyll fluorescence,,2014,10.5194/amt-8-1337-2015,211,L. Guanter; I. Aben; P. Tol; J. M. Krijger; A. Hollstein; P. Köhler; A. Damm; J. Joiner; C. Frankenberg; J. Landgraf
review,0.114,Real-time remote detection and measurement for airborne imaging spectroscopy: a case study with methane,,2015,10.5194/amt-8-4383-2015,192,D. Thompson; I. Leifer; H. Bovensmann; M. Eastwood; M. Fladeland; C. Frankenberg; K. Gerilowski; R. Green; S. Kratwurst; T. Krings; B. Luna; A. Thorpe
review,0.114,Mapping of North American methane emissions with high spatial resolution by inversion of SCIAMACHY satellite data,,2014,10.1002/2014jd021551,162,K. Wecht; D. Jacob; C. Frankenberg; Zhe Jiang; D. Blake
review,0.114,"A multi-year methane inversion using SCIAMACHY, accounting for systematic errors using TCCON measurements",,2013,10.5194/acp-14-3991-2014,147,S. Houweling; M. Krol; P. Bergamaschi; C. Frankenberg; E. Dlugokencky; I. Morino; J. Notholt; V. Sherlock; D. Wunch; V. Beck; C. Gerbig; Huilin Chen; E. Kort; T. Röckmann; I. Aben
review,0.114,"On the consistency between global and regional methane emissions inferred from SCIAMACHY, TANSO-FTS, IASI and surface measurements",,2013,10.5194/acp-14-577-2014,92,C. Cressot; F. Chevallier; P. Bousquet; C. Crevoisier; E. Dlugokencky; A. Fortems‐Cheiney; C. Frankenberg; R. Parker; I. Pison; R. Scheepmaker; S. Montzka; P. Krummel; L. Steele; R. Langenfelds
review,0.114,Detecting the Ratio of Rain and Cloud Water in Low-Latitude Shallow Marine Clouds,,2010,10.1175/2010jamc2494.1,77,M. Lebsock; T. L’Ecuyer; G. Stephens
review,0.114,Assimilation of atmospheric methane products into the MACC-II system: from SCIAMACHY to TANSO and IASI,,2014,10.5194/acp-14-6139-2014,74,S. Massart; A. Agustí-Panareda; I. Aben; A. Butz; F. Chevallier; C. Crevoisier; R. Engelen; C. Frankenberg; O. Hasekamp
review,0.114,Physical science research needed to evaluate the viability and risks of marine cloud brightening,Science Advances,2024,10.1126/sciadv.adi8594,66,G. Feingold; V. Ghate; Lynn M. Russell; P. Blossey; W. Cantrell; M. Christensen; M. Diamond; A. Gettelman; F. Glassmeier; E. Gryspeerdt; James Haywood; Fabian Hoffmann; Colleen Kaul; M. Lebsock; A. McComiskey; D. McCoy; Y. Ming; J. Mülmenstädt; A. Possner; Prasanth Prabhakaran; P. K. Quinn; K. S. Schmidt; Raymond A. Shaw; C. Singer; A. Sorooshian; V. Toll; Jessica S. Wan; R. Wood; Fan Yang; Jianhao Zhang; Xue Zheng
review,0.114,Towards a Harmonized Long‐Term Spaceborne Record of Far‐Red Solar‐Induced Fluorescence,Journal of Geophysical Research - Biogeosciences,2019,10.1029/2019jg005289,63,N. Parazoo; C. Frankenberg; P. Köhler; J. Joiner; Y. Yoshida; T. Magney; Ying Sun; V. Yadav
review,0.114,Eddy Diffusivity/Mass Flux and Shallow Cumulus Boundary Layer: An Updraft PDF Multiple Mass Flux Scheme,,2012,10.1175/jas-d-11-090.1,60,K. Suselj; J. Teixeira; G. Matheou
review,0.114,Large-Eddy Simulation of Stratified Turbulence. Part I: A Vortex-Based Subgrid-Scale Model,,2014,10.1175/jas-d-13-0126.1,59,D. Chung; G. Matheou
review,0.114,Cropland Carbon Uptake Delayed and Reduced by 2019 Midwest Floods,AGU Advances,2020,10.1029/2019av000140,51,Yi Yin; B. Byrne; Junjie Liu; P. Wennberg; K. Davis; T. Magney; P. Köhler; Liyin He; R. Jeyaram; V. Humphrey; T. Gerken; S. Feng; J. Digangi; C. Frankenberg
review,0.114,Global Retrievals of Solar‐Induced Chlorophyll Fluorescence at Red Wavelengths With TROPOMI,Geophysical Research Letters,2020,10.1029/2020gl087541,51,P. Köhler; M. Behrenfeld; J. Landgraf; J. Joiner; T. Magney; C. Frankenberg
review,0.114,A physiological signal derived from sun-induced chlorophyll fluorescence quantifies crop physiological response to environmental stresses in the U.S. Corn Belt,Environmental Research Letters,2021,10.1088/1748-9326/ac3b16,47,H. Kimm; K. Guan; Chongya Jiang; G. Miao; Genghong Wu; A. Suyker; E. Ainsworth; C. Bernacchi; Christopher M Montes; J. Berry; Xi Yang; C. Frankenberg; Min Chen; P. Koehler
review,0.114,Retrieving co‐occurring cloud and precipitation properties of warm marine boundary layer clouds with A‐Train data,,2016,10.1002/2015jd023681,32,G. Mace; S. Avey; S. Cooper; M. Lebsock; S. Tanelli; G. Dobrowalski
review,0.114,Aerosols in OCO-2/GOSAT retrievals of XCO2: An information content and error analysis,,2020,10.1016/j.rse.2020.112053,23,S. Sanghavi; R. Nelson; C. Frankenberg; M. Gunson
review,0.114,Validation of SCIAMACHY HDO/H2O measurements using the TCCON and NDACC-MUSICA networks,,2014,10.5194/amt-8-1799-2015,23,R. Scheepmaker; C. Frankenberg; N. Deutscher; M. Schneider; S. Barthlott; T. Blumenstock; O. García; F. Hase; N. Jones; E. Mahieu; J. Notholt; V. Velazco; J. Landgraf; I. Aben
review,0.114,Differential absorption radar techniques: water vapor retrievals,,2016,10.5194/amt-9-2633-2016,21,L. Millán; M. Lebsock; N. Livesey; S. Tanelli
review,0.114,Remote Sensing of Chlorophyll Fluorescence in the Ocean Using Imaging Spectrometry: Toward a Vertical Profile of Fluorescence,Geophysical Research Letters,2019,10.1029/2018gl081273,18,Z. Erickson; C. Frankenberg; D. Thompson; A. Thompson; M. Gierach
review,0.114,Diurnal Patterns in the Observed Cloud Liquid Water Path Response to Droplet Number Perturbations,Geophysical Research Letters,2024,10.1029/2023gl107323,17,K. Smalley; M. Lebsock; Ryan Eastman
review,0.114,Satellites Suggest Rising Tropical High Cloud Altitude: 2002–2021,Geophysical Research Letters,2022,10.1029/2022gl098160,16,M. Richardson; R. Roy; M. Lebsock
review,0.114,First Airborne Measurements with a G-band Differential Absorption Radar,IEEE Transactions on Geoscience and Remote Sensing,2021,10.1109/tgrs.2021.3134670,15,R. Roy; K. Cooper; M. Lebsock; J. Siles; L. Millán; R. Dengler; R. Monje; S. Durden; F. Cannon; Anna Wilson
review,0.114,To what extent could water isotopic measurements help us understand model biases in the water cycle over Western Siberia,,2014,10.5194/acp-14-9807-2014,11,V. Gryazin; C. Risi; J. Jouzel; N. Kurita; J. Worden; C. Frankenberg; V. Bastrikov; K. Gribanov; O. Stukova
review,0.114,Corrections for Geostationary Cloud Liquid Water Path Using Microwave Imagery,Journal of Atmospheric and Oceanic Technology,2023,10.1175/jtech-d-23-0030.1,10,K. Smalley; M. Lebsock
review,0.114,Large-eddy simulation of a stratocumulus cloud,,2017,10.1103/physrevfluids.2.090509,6,G. Matheou; D. Chung; J. Teixeira
review,0.114,Assessment of Two Stochastic Cloud Subcolumn Generators Using Observed Fields of Vertically Resolved Cloud Extinction,Journal of Atmospheric and Oceanic Technology,2022,10.1175/jtech-d-21-0166.1,5,L. Oreopoulos; N. Cho; Dongmin Lee; M. Lebsock; Zhibo Zhang
review,0.114,Understanding the Microphysical Control and Spatial‐Temporal Variability of Warm Rain Probability Using CloudSat and MODIS Observations,Geophysical Research Letters,2022,10.1029/2022gl098863,5,Zhibo Zhang; L. Oreopoulos; M. Lebsock; D. Mechem; J. Covert
review,0.114,Differential absorption radar at 170 and 560 GHz for humidity remote sensing,Defense + Commercial Sensing,2020,10.1117/12.2557138,1,K. Cooper; R. Roy; J. Siles; M. Lebsock; L. Millán; Omkar Pradhan; R. Monje
review,0.114,Video: Large-eddy simulation of cumulus clouds,74th Annual Meeting of the APS Division of Fluid Dynamics - Gallery of Fluid Motion,2021,10.1103/aps.dfd.2021.gfm.v0013,0,G. Matheou
review,0.114,Galilean Invariance in Large-Eddy Simulation of Shallow Convection,,2020,,0,Oumaima Lamaakel; Oumaima Lamaakel; G. Matheou
review,0.114,Challenges in large-eddy simulation of stratocumulus clouds,,2017,,0,G. Matheou; D. Chung; J. Teixeira
review,0.114,Poster: Large-eddy simulation of a stratocumulus cloud,,2016,10.1103/aps.dfd.2016.gfm.p0012,0,G. Matheou; D. Chung; J. Teixeira
review,0.114,Challenges in large-eddy simulation of cumulus convection,,2010,,0,G. Matheou; D. Chung; L. Nuijens; B. Stevens; J. Teixeira
review,0.114,Ice in convective storm environments: assessing impacts of microphysics on simulated reflectivities,Journal of Atmospheric and Oceanic Technology,2026,10.1175/jtech-d-25-0125.1,0,J. Shates; D. Posselt; M. Lebsock; Joseph A. Finlon; G. McFarquhar; A. Heymsfield
review,0.114,Seeking guidance from active cloud observations to improve climate model subcolumn generators,,2021,10.1002/essoar.10509369.1,0,L. Oreopoulos; N. Cho; Dongmin Lee; M. Lebsock; Zhibo Zhang
review,0.114,"Supplementary material to ""A new OCO-2 cloud flagging and rapid retrieval of marine boundary layer cloud properties""",,2020,10.5194/amt-2020-140-supplement,0,M. Richardson; M. Lebsock; J. McDuffie; G. Stephens
review,0.114,The Multi-Plume Eddy-Diffusivity/Mass-Flux (EDMF) Unified Parameterization: Stratocumulus and the Transition to Cumulus Boundary Layers,,2023,10.2172/2229621,0,J. Teixeira; M. Chinita
review,0.086,"Global monitoring of terrestrial chlorophyll fluorescence from moderate-spectral-resolution near-infrared satellite measurements: methodology, simulations, and application to GOME-2",,2013,10.5194/amt-6-2803-2013,648,J. Joiner; L. Guanter; R. Lindstrot; M. Voigt; A. Vasilkov; E. Middleton; K. Huemmrich; Y. Yoshida; C. Frankenberg
review,0.086,The Orbiting Carbon Observatory (OCO-2): spectrometer performance evaluation using pre-launch direct sun measurements,,2014,10.5194/amt-8-301-2015,153,C. Frankenberg; R. Pollock; R. Lee; R. Rosenberg; J. Blavier; D. Crisp; C. O’Dell; G. Osterman; C. Roehl; P. Wennberg; D. Wunch
review,0.086,MERLIN: A French-German Space Lidar Mission Dedicated to Atmospheric Methane,Remote Sensing,2017,10.3390/rs9101052,143,G. Ehret; P. Bousquet; C. Pierangelo; M. Alpers; B. Millet; J. Abshire; H. Bovensmann; J. Burrows; F. Chevallier; P. Ciais; C. Crevoisier; A. Fix; P. Flamant; C. Frankenberg; F. Gibert; B. Heim; M. Heimann; S. Houweling; H. Hubberten; P. Jöckel; K. Law; A. Loew; J. Marshall; Anna Agustì-Parareda; S. Payan; C. Prigent; P. Rairoux; T. Sachs; M. Scholze; M. Wirth
review,0.086,Widespread and complex drought effects on vegetation physiology inferred from space,Nature Communications,2023,10.1038/s41467-023-40226-9,133,Wantong Li; J. Pacheco‐Labrador; M. Migliavacca; D. Miralles; Anne J. Hoek van Dijke; M. Reichstein; M. Forkel; Weijie Zhang; C. Frankenberg; Annu Panwar; Qian Zhang; U. Weber; P. Gentine; R. Orth
review,0.086,TROPOMI reveals dry-season increase of solar-induced chlorophyll fluorescence in the Amazon forest,Proceedings of the National Academy of Sciences of the United States of America,2019,10.1073/pnas.1908157116,127,R. Doughty; P. Köhler; C. Frankenberg; T. Magney; Xiangming Xiao; Yuanwei Qin; Xiaocui Wu; B. Moore
review,0.086,Variability and quasi-decadal changes in the methane budget over the period 2000–2012,Atmospheric Chemistry and Physics,2017,10.5194/acp-17-11135-2017,122,M. Saunois; P. Bousquet; B. Poulter; A. Peregon; P. Ciais; J. Canadell; E. Dlugokencky; G. Etiope; D. Bastviken; S. Houweling; G. Janssens‑Maenhout; F. Tubiello; S. Castaldi; R. Jackson; M. Alexe; V. Arora; D. Beerling; P. Bergamaschi; D. Blake; G. Brailsford; L. Bruhwiler; C. Crevoisier; P. Crill; K. Covey; C. Frankenberg; N. Gedney; L. Höglund-Isaksson; M. Ishizawa; A. Ito; F. Joos; Heonsook Kim; T. Kleinen; P. Krummel; J. Lamarque; R. Langenfelds; R. Locatelli; T. Machida; Shamil Maksyutov; J. Melton; I. Morino; V. Naik; S. O'Doherty; F. Parmentier; P. Patra; C. Peng; S. Peng; G. Peters; I. Pison; R. Prinn; M. Ramonet; W. Riley; M. Saito; M. Santini; R. Schroeder; I. Simpson; R. Spahni; A. Takizawa; B. Thornton; H. Tian; Y. Tohjima; N. Viovy; A. Voulgarakis; R. Weiss; D. Wilton; A. Wiltshire; D. Worthy; D. Wunch; Xiyan Xu; Y. Yoshida; Bowen Zhang; Zhen Zhang; Qiu'an Zhu
review,0.086,Quantification of uncertainties in OCO-2 measurements of XCO 2 :simulations and linear error analysis,,2016,10.5194/amt-9-5227-2016,86,Brian Connor; H. Bösch; J. McDuffie; T. Taylor; D. Fu; C. Frankenberg; Chris O&apos;Dell; Vivienne H. Payne; M. Gunson; R. Pollock; J. Hobbs; F. Oyafuso; Yibo Jiang
review,0.086,A spatially downscaled sun-induced fluorescence global product for enhanced monitoring of vegetation productivity,Earth System Science Data,2019,10.5194/essd-12-1101-2020,82,G. Duveiller; F. Filipponi; S. Walther; P. Köhler; C. Frankenberg; L. Guanter; A. Cescatti
review,0.086,Application of active spaceborne remote sensing for understanding biases between passive cloud water path retrievals,,2014,10.1002/2014jd021568,79,M. Lebsock; H. Su
review,0.086,Systematic Assessment of Retrieval Methods for Canopy Far‐Red Solar‐Induced Chlorophyll Fluorescence Using High‐Frequency Automated Field Spectroscopy,Journal of Geophysical Research - Biogeosciences,2020,10.1029/2019jg005533,77,C. Y. Chang; L. Guanter; C. Frankenberg; P. Köhler; L. Gu; T. Magney; K. Grossmann; Ying Sun
review,0.086,Satellite observation of tropical forest seasonality: spatial patterns of carbon exchange in Amazonia,,2015,10.1088/1748-9326/10/8/084005,67,Liang Xu; S. Saatchi; Yan Yang; R. Myneni; C. Frankenberg; D. Chowdhury; J. Bi
review,0.086,The potential of satellite FPAR product for GPP estimation: An indirect evaluation using solar-induced chlorophyll fluorescence,,2020,10.1016/j.rse.2020.111686,63,Zhaoying Zhang; Yongguang Zhang; Yao Zhang; N. Gobron; C. Frankenberg; Songhan Wang; Zhao-Bing Li
review,0.086,Methane emissions from underground gas storage in California,Environmental Research Letters,2020,10.1088/1748-9326/ab751d,54,A. Thorpe; R. Duren; S. Conley; K. Prasad; B. Bue; V. Yadav; K. Foster; Talha Rafiq; F. Hopkins; Mackenzie Smith; M. Fischer; D. M. Thompson; C. Frankenberg; I. McCubbin; M. Eastwood; R. Green; C. Miller
review,0.086,Wide discrepancies in the magnitude and direction of modeled solar-induced chlorophyll fluorescence in response to light conditions,,2020,10.5194/bg-17-3733-2020,38,N. Parazoo; T. Magney; A. Norton; B. Raczka; C. Bacour; F. Maignan; I. Baker; Yongguang Zhang; Bo Qiu; M. Shi; N. Macbean; D. Bowling; S. Burns; P. Blanken; J. Stutz; K. Grossmann; C. Frankenberg
review,0.086,Semi-autonomous sounding selection for OCO-2,,2013,10.5194/amt-6-2851-2013,38,L. Mandrake; C. Frankenberg; C. O’Dell; G. Osterman; P. Wennberg; D. Wunch
review,0.086,Improved Retrieval of Cloud Liquid Water from CloudSat and MODIS,,2016,10.1175/jamc-d-16-0077.1,34,J. Leinonen; M. Lebsock; G. Stephens; Kentaroh Suzuki
review,0.086,Boundary-layer water vapor profiling using differential absorption radar,Atmospheric Measurement Techniques,2018,10.5194/amt-11-6511-2018,32,R. Roy; M. Lebsock; L. Millán; R. Dengler; R. Monje; J. Siles; K. Cooper
review,0.086,Inverse modeling of pan-Arctic methane emissions at high spatial resolution:what can we learn from assimilating satellite retrievals and using differentprocess-based wetland and lake biogeochemical models?,,2016,10.5194/acp-16-12649-2016,31,Z. Tan; Q. Zhuang; D. Henze; C. Frankenberg; E. Dlugokencky; C. Sweeney; A. Turner; M. Sasakawa; T. Machida
review,0.086,Characterization of the OCO-2 instrument line shape functions using on-orbit solar measurements,,2016,10.5194/amt-10-939-2017,31,K. Sun; Xiong Liu; C. Nowlan; Z. Cai; K. Chance; C. Frankenberg; R. Lee; R. Pollock; R. Rosenberg; D. Crisp
review,0.086,Observational Boundary Layer Energy and Water Budgets of the Stratocumulus-to-Cumulus Transition,,2014,10.1175/jcli-d-14-00242.1,28,P. Kalmus; M. Lebsock; J. Teixeira
review,0.086,Large-eddy simulation of mixing in a recirculating shear flow,Journal of Fluid Mechanics,2010,10.1017/s0022112009992965,27,G. Matheou; A. Bonanos; C. Pantano; P. Dimotakis
review,0.086,The Airborne Methane Plume Spectrometer (AMPS): Quantitative imaging of methane plumes in real time,IEEE Aerospace Conference,2016,10.1109/aero.2016.7500756,23,A. Thorpe; C. Frankenberg; R. Green; D. Thompson; A. Aubrey; P. Mouroulis; M. Eastwood; G. Matheou
review,0.086,"An Observational View of Relationships Between Moisture Aggregation, Cloud, and Radiative Heating Profiles",Surveys in geophysics,2017,10.1007/s10712-017-9443-1,18,M. Lebsock; T. L’Ecuyer; R. Pincus
review,0.086,Sensitivity analysis of polarimetric O 2 A-band spectra for potential cloud retrievals using OCO-2/GOSAT measurements,,2015,10.5194/amt-8-3601-2015,13,S. Sanghavi; M. Lebsock; G. Stephens
review,0.086,"Transitions of cloud‐topped marine boundary layers characterized by AIRS, MODIS, and a large eddy simulation model",,2013,10.1002/jgrd.50676,12,Q. Yue; Q. Yue; B. Kahn; H. Xiao; H. Xiao; M. Schreier; M. Schreier; E. Fetzer; João Paulo Ramos Teixeira; K. Suselj; K. Suselj
review,0.086,Direct numerical simulation of stratified turbulence,,2012,10.1063/1.4747156,8,G. Matheou; D. Chung
review,0.086,Remote‐Sensing Derived Trends in Gross Primary Production Explain Increases in the CO2 Seasonal Cycle Amplitude,Global Biogeochemical Cycles,2022,10.1029/2021gb007220,8,Liyin He; B. Byrne; Yi Yin; Junjie Liu; C. Frankenberg
review,0.086,A random forest algorithm for the prediction of cloud liquid water content from combined CloudSat–CALIPSO observations,Atmospheric Measurement Techniques,2024,10.5194/amt-17-3583-2024,6,R. Schulte; M. Lebsock; J. Haynes; Yongxiang Hu
review,0.086,Water vapor measurements inside clouds and storms using a differential absorption radar,Atmospheric Measurement Techniques,2024,10.5194/amt-17-539-2024,6,L. Millán; M. Lebsock; Ken B. Cooper; Jose V. Siles; Robert J. Dengler; Raquel Rodriguez Monje; A. Nehrir; R. Barton-Grimley; J. Collins; C. Robinson; K. Thornhill; Holger Vömel
review,0.086,Large-eddy simulation of molecular mixing in a recirculating shear flow,,2008,,5,G. Matheou
review,0.086,Wide Discrepancies in the Magnitude and Direction of Modelled SIF in Response to Light Conditions,,2020,10.5194/bg-2019-508,3,N. Parazoo; T. Magney; A. Norton; B. Raczka; C. Bacour; F. Maignan; I. Baker; Yongguang Zhang; Bo Qiu; M. Shi; N. Macbean; D. Bowling; S. Burns; P. Blanken; J. Stutz; K. Grossman; C. Frankenberg
review,0.086,Methane Growth Rate Estimation and Its Causes in Western Canada Using Satellite Observations,Journal of Geophysical Research - Atmospheres,2021,10.1029/2020jd033948,1,S. Islam; P. Jackson; C. Sweeney; K. McKain; C. Frankenberg; I. Aben; R. Parker; H. Boesch; D. Wunch
review,0.086,Infrared Instrument Radiance Modeling from Large Eddy Simulations to Access Sensitivity to Marine Planetary Boundary Layer Processes,,2019,,0,E. Fishbein; B. Lambrigtsen; M. Lebsock; G. Matheou; V. Payne; M. Schreier; J. Teixeira; R. C. Wilson
review,0.086,Inherent Properties of Clouds in the PBL Derived from Multi-angle Spectro-Polarimetric Imaging at the “Edge of Space:” New Capabilities of JPL’s AirMSPI Sensor on NASA’s Airborne ER-2 Platform,,2019,10.1002/essoar.10506479.2,0,A. Davis; Feng Xu; G. van Harten; D. Diner; Linda Forster; A. Levis; Y. Schechner; G. Matheou
review,0.086,"Large Eddy Simulation and 3D Radiative Transfer Modeling in Support of Multi-Angle Remote Sensing of Clouds and Aerosols, With or Without Imaging",,2017,,0,A. Davis; G. Matheou; Feng Xu; C. Emde; Z. Qu; A. Levis; Y. Schechner
review,0.086,Effects of numerical dissipation and unphysical excursions on scalar-mixing estimates in large-eddy simulations,,2017,,0,Nek Sharan; G. Matheou; P. Dimotakis
review,0.086,Direct numerical simulation of incompressible acceleration-driven variable-density turbulence,,2015,,0,Ilana Gat; G. Matheou; D. Chung; P. Dimotakis
review,0.086,Horizontal Structure of Dynamical Instability at Marine Stratocumulus Cloud Top Revealed in Polarized Light,,2014,,0,A. Davis; D. Diner; G. Matheou; J. Teixeira; Z. Qu; C. Emde
review,0.086,Investigating Warm Marine Boundary Layer Cloud Organization By Thermodynamic and Dynamic States with NASA a-Train and MERRA Reanalysis Data,,2014,,0,B. Kahn; G. Matheou; M. Christensen; E. Fetzer; M. Lebsock; J. Teixeira; Q. Yue
review,0.086,Direct numerical simulation of stationary homogeneous moist turbulence,,2013,,0,D. Chung; G. Matheou
review,0.086,Large-eddy simulation of stationary homogeneous stratified sheared turbulence,,2011,,0,G. Matheou; D. Chung
review,0.086,Experiments and simulations of molecular mixing in a reattaching shear layer,,2007,,0,A. Bonanos; G. Matheou; P. Dimotakis
review,0.086,G-band FMCW Radar for Humidity Profiling Inside Boundary Layer Clouds,,2018,,0,R. Roy; K. Cooper; M. Lebsock; L. Millán; J. Siles; R. Monje
review,0.086,First Investigations of Drizzling Boundary Layer Cloud Properties with OCO-2 A-band Retrievals,,2018,,0,M. Richardson; H. Cronk; J. Leinonen; J. McDuffie; M. Lebsock; G. Stephens
review,0.086,The MAGIC Marine Boundary Layer Campaign: The Mean Thermodynamic and Cloud State,,2018,,0,P. Kalmus; J. Teixeira; E. Lewis; M. Reynolds; M. Lebsock
review,0.086,Liquid marine cloud geometric thickness retrieved from OCO-2's oxygen A-band spectrometer,,2018,10.5194/amt-2018-387,0,M. Richardson; J. Leinonen; H. Cronk; J. McDuffie; M. Lebsock; G. Stephens
review,0.086,Spaceborne precipitation radar simulation from a global cloud resolving model,,2014,,0,J. Leinonen; M. Lebsock; K. Suzuki; H. Yashiro; Y. Miyamoto
review,0.086,Using active spaceborne sensors to quantify bias in passive remote sensing of the cloud liquid water path,,2013,,0,M. Lebsock
review,0.086,Quantify the regional methane emissions based on a new SCIAMACHY data set,,2020,10.5194/egusphere-egu2020-5341,0,Mengyao Liu; R. van der A; H. Tan; C. Frankenberg; I. Aben; H. Kong; Jiyunting Sun; Jieying Ding; Lin Zhang
review,0.086,1 Satellite observations of atmospheric methane 2 and their value for quantifying methane emissions 3 4,,2016,,0,D. Jacob; A. Turner; J. Maasakkers; J. Sheng; K. Sun; Xiong Liu; K. Chance; I. Aben; J. Mckeever; C. Frankenberg
review,0.086,"A multi-year methane inversion using SCIAMACHY, accounting for systematic errors using TCCON measurements (vol 14, pg 3991, 2014)",,2014,10.5194/acp-14-10961-2014,0,S. Houweling; M. Krol; P. Bergamaschi; C. Frankenberg; E. Dlugokencky; I. Morino; J. Notholt; V. Sherlock; D. Wunch; V. Beck; C. Gerbig; Huilin Chen; E. Kort; T. Röckmann; I. Aben
exclude,0.057,Global Retrievals of Solar‐Induced Chlorophyll Fluorescence With TROPOMI: First Results and Intersensor Comparison to OCO‐2,Geophysical Research Letters,2018,10.1029/2018gl079031,401,P. Köhler; C. Frankenberg; T. Magney; L. Guanter; J. Joiner; J. Landgraf
exclude,0.057,Entrainment and detrainment in cumulus convection: an overview,,2013,10.1002/qj.1959,350,W. D. Rooy; P. Bechtold; K. Fröhlich; C. Hohenegger; H. Jonker; D. Mironov; A. P. Siebesma; A. P. Siebesma; João Paulo Ramos Teixeira; J. Yano
exclude,0.057,Mechanistic evidence for tracking the seasonality of photosynthesis with solar-induced fluorescence,Proceedings of the National Academy of Sciences of the United States of America,2019,10.1073/pnas.1900278116,341,T. Magney; D. Bowling; B. Logan; K. Grossmann; J. Stutz; P. Blanken; S. Burns; Rui Cheng; M. García; Philipp Kӧhler; S. Lopez; N. Parazoo; B. Raczka; D. Schimel; C. Frankenberg
exclude,0.057,Interpreting contemporary trends in atmospheric methane,Proceedings of the National Academy of Sciences of the United States of America,2019,10.1073/pnas.1814297116,329,A. Turner; C. Frankenberg; E. Kort
exclude,0.057,Ambiguity in the causes for decadal trends in atmospheric methane and hydroxyl,Proceedings of the National Academy of Sciences of the United States of America,2017,10.1073/pnas.1616020114,305,A. Turner; C. Frankenberg; P. Wennberg; D. Jacob
exclude,0.057,Improved retrievals of carbon dioxide from Orbiting Carbon Observatory-2 with the version 8 ACOS algorithm,Atmospheric Measurement Techniques,2018,10.5194/amt-11-6539-2018,281,C. O’Dell; A. Eldering; P. Wennberg; D. Crisp; M. Gunson; B. Fisher; C. Frankenberg; M. Kiel; H. Lindqvist; L. Mandrake; A. Merrelli; V. Natraj; R. Nelson; G. Osterman; V. Payne; T. Taylor; D. Wunch; B. Drouin; F. Oyafuso; A. Chang; J. McDuffie; M. Smyth; D. Baker; S. Basu; F. Chevallier; S. Crowell; Liang Feng; P. Palmer; Mavendra Dubey; O. García; D. Griffith; F. Hase; L. Iraci; R. Kivi; I. Morino; J. Notholt; H. Ohyama; C. Petri; C. Roehl; M. Sha; K. Strong; R. Sussmann; Y. Té; O. Uchino; V. Velazco
exclude,0.057,Detecting forest response to droughts with global observations of vegetation water content,Global Change Biology,2021,10.1111/gcb.15872,177,A. Konings; S. Saatchi; C. Frankenberg; Michael Keller; V. Leshyk; W. Anderegg; V. Humphrey; A. Matheny; A. Trugman; L. Sack; E. Agee; M. Barnes; O. Binks; K. Cawse-Nicholson; B. Christoffersen; D. Entekhabi; P. Gentine; N. Holtzman; G. Katul; Yanlan Liu; M. Longo; J. Martínez‐Vilalta; N. McDowell; P. Meir; Maurizio Mencuccini; Assaad Mrad; K. Novick; R. Oliveira; P. Siqueira; S. Steele‐Dunne; D. Thompson; Yujie Wang; R. Wehr; J. Wood; Xiangtao Xu; P. Zuidema
exclude,0.057,OCO-3 early mission operations and initial (vEarly) XCO2 and SIF retrievals,Remote Sensing of Environment,2020,10.1016/j.rse.2020.112032,172,T. Taylor; A. Eldering; A. Merrelli; M. Kiel; P. Somkuti; Cecilia Cheng; R. Rosenberg; B. Fisher; D. Crisp; R. Basilio; M. Bennett; D. Cervantes; A. Chang; L. Dang; C. Frankenberg; V. Haemmerle; G. Keller; T. Kurosu; J. Laughner; R. Lee; Y. Marchetti; R. Nelson; C. O’Dell; G. Osterman; R. Pavlick; C. Roehl; R. Schneider; G. Spiers; Cathy To; Christopher Wells; P. Wennberg; Amruta Yelamanchili; Shanshan Yu
exclude,0.057,The TROPOSIF global sun-induced fluorescence dataset from the Sentinel-5P TROPOMI mission,Earth System Science Data,2021,10.5194/essd-2021-199,171,L. Guanter; C. Bacour; A. Schneider; I. Aben; T. V. van Kempen; F. Maignan; C. Retscher; P. Köhler; C. Frankenberg; J. Joiner; Yongguang Zhang
exclude,0.057,"Improved Retrievals of Carbon Dioxide from the Orbiting Carbon
Observatory-2 with the version 8 ACOS algorithm",,2018,10.5194/amt-2018-257,136,C. O’Dell; A. Eldering; P. Wennberg; David Crisp; M. Gunson; Brendan Fisher; C. Frankenberg; Matthaus Kiel; H. Lindqvist; L. Mandrake; A. Merrelli; V. Natraj; R. Nelson; G. Osterman; V. Payne; T. Taylor; D. Wunch; B. Drouin; F. Oyafuso; A. Chang; J. McDuffie; M. Smyth; David F. Baker; S. Basu; F. Chevallier; S. Crowell; Liang Feng; P. Palmer; Mavendra Dubey; O. García; D. Griffith; F. Hase; L. Iraci; R. Kivi; I. Morino; J. Notholt; H. Ohyama; C. Petri; C. Roehl; M. Sha; K. Strong; R. Sussmann; Y. Té; O. Uchino; V. Velazco
exclude,0.057,Space‐based remote imaging spectroscopy of the Aliso Canyon CH4 superemitter,,2016,10.1002/2016gl069079,134,D. Thompson; A. Thorpe; C. Frankenberg; R. Green; R. Duren; L. Guanter; A. Hollstein; E. Middleton; L. Ong; S. Ungar
exclude,0.057,Role of continental recycling in intraseasonal variations of continental moisture as deduced from model simulations and water vapor isotopic measurements,,2013,10.1002/wrcr.20312,133,C. Risi; D. Noone; C. Frankenberg; J. Worden
exclude,0.057,From the Ground to Space: Using Solar‐Induced Chlorophyll Fluorescence to Estimate Crop Productivity,Geophysical Research Letters,2020,10.1029/2020gl087474,123,Liyin He; T. Magney; D. Dutta; Yi Yin; P. Köhler; K. Grossmann; J. Stutz; C. Dold; J. Hatfield; K. Guan; B. Peng; C. Frankenberg
exclude,0.057,Disentangling Changes in the Spectral Shape of Chlorophyll Fluorescence: Implications for Remote Sensing of Photosynthesis,Journal of Geophysical Research - Biogeosciences,2019,10.1029/2019jg005029,117,T. Magney; C. Frankenberg; P. Köhler; G. North; T. S. Davis; C. Dold; D. Dutta; J. Fisher; K. Grossmann; Alexis Harrington; J. Hatfield; J. Stutz; Ying Sun; A. Porcar-Castell
exclude,0.057,A double peak in the seasonality of California's photosynthesis as observed from space,Biogeosciences,2019,10.5194/bg-2019-387-supplement,102,A. Turner; P. Köhler; T. Magney; C. Frankenberg; I. Fung; R. Cohen
exclude,0.057,Investigating the usefulness of satellite-derived fluorescence data in inferring gross primary productivity within the carbon cycle data assimilation system,,2015,10.5194/bg-12-4067-2015,102,E. Koffi; P. Rayner; A. Norton; C. Frankenberg; M. Scholze
exclude,0.057,"Consistent evaluation of ACOS-GOSAT, BESD-SCIAMACHY, CarbonTracker, and MACC through comparisons to TCCON",,2015,10.5194/amt-9-683-2016,95,S. Kulawik; D. Wunch; C. O’Dell; C. Frankenberg; M. Reuter; T. Oda; F. Chevallier; V. Sherlock; M. Buchwitz; G. Osterman; C. Miller; P. Wennberg; D. Griffith; I. Morino; M. Dubey; N. Deutscher; J. Notholt; F. Hase; T. Warneke; R. Sussmann; John Robinson; K. Strong; M. Schneider; M. Mazière; K. Shiomi; D. Feist; L. Iraci; J. Wolf
exclude,0.057,Intercomparison of Three- and one-Dimensional Model Simulations and Aircraft Observations of Stratocumulus,,1999,10.1023/a:1002006919256,88,P. Duynkerke; P. J. Jonker; A. Chlond; M. V. Zanten; J. Cuxart; P. Clark; E. Sánchez; G. Martin; G. Lenderink; João Paulo Ramos Teixeira
exclude,0.057,Climatology of the Iberia coastal low-level wind jet: weather research forecasting model high-resolution results,,2014,10.3402/tellusa.v66.22377,81,P. Soares; R. Cardoso; Á. Semedo; M. Chinita; R. Ranjha
exclude,0.057,"Impact of atmospheric convection on south Tibet summer precipitation isotopologue composition using a combination of in situ measurements, satellite data, and atmospheric general circulation modeling",,2015,10.1002/2014jd022180,79,Youhai He; C. Risi; Jing Gao; V. Masson‐Delmotte; T. Yao; Chun-Ta Lai; Yong-jian Ding; J. Worden; C. Frankenberg; H. Chepfer; G. Cesana
exclude,0.057,Satellite solar-induced chlorophyll fluorescence and near-infrared reflectance capture complementary aspects of dryland vegetation productivity dynamics,Remote Sensing of Environment,2022,10.1016/j.rse.2021.112858,73,Xian Wang; J. Biederman; J. Knowles; R. Scott; A. Turner; M. Dannenberg; P. Köhler; C. Frankenberg; M. Litvak; G. Flerchinger; B. Law; H. Kwon; S. Reed; W. Parton; G. Barron‐Gafford; W. Smith
exclude,0.057,African tropical rainforest net carbon dioxide fluxes in the twentieth century,Philosophical Transactions of the Royal Society B: Biological Sciences,2013,10.1098/rstb.2012.0376,71,J. Fisher; M. Sikka; S. Sitch; P. Ciais; B. Poulter; D. Galbraith; Jung‐Eun Lee; C. Huntingford; N. Viovy; N. Zeng; A. Ahlström; M. Lomas; P. Levy; C. Frankenberg; S. Saatchi; Y. Malhi
exclude,0.057,"Comparisons of satellites liquid water estimates to ECMWF and GMAO analyses, 20th century IPCC AR4 climate simulations, and GCM simulations",,2008,10.1029/2008gl035427,71,Juilin Li; D. Waliser; C. Woods; João Paulo Ramos Teixeira; J. Bacmeister; J. Chern; B. Shen; A. Tompkins; W. Tao; M. Köhler
exclude,0.057,Effects of atmospheric light scattering on spectroscopic observations of greenhouse gases from space. Part 2: Algorithm intercomparison in the GOSAT data processing for CO2 retrievals over TCCON sites,,2013,10.1002/jgrd.50146,66,S. Oshchepkov; A. Bril; T. Yokota; P. Wennberg; N. Deutscher; D. Wunch; G. Toon; Y. Yoshida; C. O’Dell; D. Crisp; C. Miller; C. Frankenberg; A. Butz; I. Aben; S. Guerlet; O. Hasekamp; H. Boesch; A. Cogan; R. Parker; D. Griffith; R. Macatangay; J. Notholt; R. Sussmann; M. Rettinger; V. Sherlock; John Robinson; E. Kyrö; P. Heikkinen; D. Feist; I. Morino; N. Kadygrov; D. Belikov; Shamil Maksyutov; T. Matsunaga; O. Uchino; H. Watanabe
exclude,0.057,Accounting for canopy structure improves hyperspectral radiative transfer and sun-induced chlorophyll fluorescence representations in a new generation Earth System model,,2021,10.1016/j.rse.2021.112497,63,R. Braghiere; Yujie Wang; R. Doughty; D. Sousa; T. Magney; J. Widlowski; M. Longo; A. Bloom; J. Worden; P. Gentine; C. Frankenberg
exclude,0.057,"Global GOSAT, OCO-2 and OCO-3 Solar Induced Chlorophyll Fluorescence Datasets",Earth System Science Data,2021,10.5194/essd-2021-237,61,R. Doughty; T. Kurosu; N. Parazoo; P. Köhler; Yujie Wang; Ying Sun; C. Frankenberg
exclude,0.057,Evaluation and attribution of OCO-2 XCO 2 uncertainties,,2016,10.5194/amt-10-2759-2017,61,J. Worden; G. Doran; S. Kulawik; A. Eldering; D. Crisp; C. Frankenberg; C. O’Dell; K. Bowman
exclude,0.057,Accelerating methane growth rate from 2010 to 2017: leading contributions from the tropics and East Asia,Atmospheric Chemistry and Physics,2020,10.5194/acp-2020-649,60,Yi Yin; F. Chevallier; P. Ciais; P. Bousquet; M. Saunois; Bo Zheng; J. Worden; A. A. Bloom; R. Parker; D. Jacob; E. Dlugokencky; C. Frankenberg
exclude,0.057,Multisatellite Imaging of a Gas Well Blowout Enables Quantification of Total Methane Emissions,Geophysical Research Letters,2020,10.1029/2020gl090864,59,D. Cusworth; R. Duren; A. Thorpe; S. Pandey; J. Maasakkers; I. Aben; D. Jervis; D. Varon; D. Jacob; C. Randles; R. Gautam; M. Omara; G. Schade; P. Dennison; C. Frankenberg; D. Gordon; E. Lopinto; C. Miller
exclude,0.057,Low cloud precipitation climatology in the southeastern Pacific marine stratocumulus region using CloudSat,,2013,10.1088/1748-9326/8/1/014027,55,A. Rapp; M. Lebsock; T. L’Ecuyer
exclude,0.057,"Opinion: To assess marine cloud brightening's technical feasibility, we need to know what to study—and when to stop",Proceedings of the National Academy of Sciences of the United States of America,2022,10.1073/pnas.2118379119,47,M. Diamond; A. Gettelman; M. Lebsock; A. McComiskey; L. Russell; R. Wood; G. Feingold
exclude,0.057,Atmospheric Methane Emissions Correlate With Natural Gas Consumption From Residential and Commercial Sectors in Los Angeles,Geophysical Research Letters,2019,10.1029/2019gl083400,45,Liyin He; Z. Zeng; T. Pongetti; Clare Wong; Jianming Liang; K. Gurney; S. Newman; V. Yadav; K. Verhulst; C. Miller; R. Duren; C. Frankenberg; P. Wennberg; R. Shia; Y. Yung; S. Sander
exclude,0.057,G-Band Radar for Humidity and Cloud Remote Sensing,IEEE Transactions on Geoscience and Remote Sensing,2020,10.1109/tgrs.2020.2995325,44,K. Cooper; R. Roy; R. Dengler; R. Monje; Maria Alonso-delPino; J. Siles; O. Yurduseven; C. Parashare; L. Millán; M. Lebsock
exclude,0.057,An Integrated TKE-Based Eddy Diffusivity/Mass Flux Boundary Layer Closure for the Dry Convective Boundary Layer,,2010,10.1175/2011jas3548.1,42,M. Witek; J. Teixeira; G. Matheou
exclude,0.057,"Global‐Scale Consistency of Spaceborne Vegetation Indices, Chlorophyll Fluorescence, and Photosynthesis",Journal of Geophysical Research: Biogeosciences,2021,10.1029/2020jg006136,42,R. Doughty; Xiangming Xiao; P. Köhler; C. Frankenberg; Yuanwei Qin; Xiaocui Wu; Shuang Ma; B. Moore
exclude,0.057,Validation of a G-Band Differential Absorption Cloud Radar for Humidity Remote Sensing,,2020,10.1175/jtech-d-19-0122.1,38,R. Roy; M. Lebsock; L. Millán; K. Cooper
exclude,0.057,"Modeling Global Vegetation Gross Primary Productivity, Transpiration and Hyperspectral Canopy Radiative Transfer Simultaneously Using a Next Generation Land Surface Model—CliMA Land",Journal of Advances in Modeling Earth Systems,2023,10.1029/2021ms002964,36,Y. Wang; R. Braghiere; M. Longo; A. Norton; P. Köhler; R. Doughty; Y. Yin; A. Bloom; C. Frankenberg
exclude,0.057,Optimization theory explains nighttime stomatal responses.,New Phytologist,2021,10.1111/nph.17267,36,Yujie Wang; W. Anderegg; M. Venturas; A. Trugman; Kailiang Yu; C. Frankenberg
exclude,0.057,TROPOMI SIF reveals large uncertainty in estimating the end of plant growing season from vegetation indices data in the Tibetan Plateau,Remote Sensing of Environment,2022,10.1016/j.rse.2022.113209,33,Jilin Yang; Xiangming Xiao; R. Doughty; Miaomiao Zhao; Yao Zhang; P. Köhler; Xiaocui Wu; C. Frankenberg; Jinwei Dong
exclude,0.057,Using airborne HIAPER Pole-to-Pole Observations (HIPPO) to evaluate model and remote sensing estimates of atmospheric carbon dioxide,,2016,10.5194/acp-16-7867-2016,33,C. Frankenberg; S. Kulawik; S. Wofsy; F. Chevallier; B. Daube; E. Kort; C. O’Dell; E. Olsen; G. Osterman
exclude,0.057,Differences Between OCO‐2 and GOME‐2 SIF Products From a Model‐Data Fusion Perspective,Journal of Geophysical Research: Biogeosciences,2019,10.1029/2018jg004938,30,C. Bacour; F. Maignan; P. Peylin; N. Macbean; V. Bastrikov; J. Joiner; P. Köhler; L. Guanter; C. Frankenberg
exclude,0.057,An Eddy Diffusivity–Mass Flux Approach to the Vertical Transport of Turbulent Kinetic Energy in Convective Boundary Layers,,2011,10.1175/jas-d-11-06.1,28,M. Witek; J. Teixeira; G. Matheou
exclude,0.057,Elucidating climatic drivers of photosynthesis by tropical forests,Global Change Biology,2023,10.1111/gcb.16837,26,Yuan Wang; Junjie Liu; P. Wennberg; Liyin He; D. Bonal; P. Köhler; C. Frankenberg; S. Sitch; P. Friedlingstein
exclude,0.057,Scalar excursions in large-eddy simulations,Journal of Computational Physics,2014,10.1016/j.jcp.2016.08.035,25,G. Matheou; P. Dimotakis
exclude,0.057,Performance assessment of a triple-frequency spaceborne cloud–precipitation radar concept using a global cloud-resolving model,,2015,10.5194/amt-8-3493-2015,23,J. Leinonen; M. Lebsock; S. Tanelli; Kentaroh Suzuki; H. Yashiro; Y. Miyamoto
exclude,0.057,Natural geological seepage of hydrocarbon gas in the Appalachian Basin and Midwest USA in relation to shale tectonic fracturing and past industrial hydrocarbon production.,Science of the Total Environment,2018,10.1016/j.scitotenv.2018.06.374,23,A. Schimmelmann; Scott A. Ensminger; A. Drobniak; M. Mastalerz; G. Etiope; R. Jacobi; C. Frankenberg
exclude,0.057,The ecosystem wilting point defines drought response and recovery of a Quercus‐Carya forest,Global Change Biology,2023,10.1111/gcb.16582,20,J. Wood; L. Gu; P. Hanson; C. Frankenberg; L. Sack
exclude,0.057,Representation of Leaf‐to‐Canopy Radiative Transfer Processes Improves Simulation of Far‐Red Solar‐Induced Chlorophyll Fluorescence in the Community Land Model Version 5,Journal of Advances in Modeling Earth Systems,2022,10.1029/2021ms002747,20,Rong Li; D. Lombardozzi; M. Shi; C. Frankenberg; N. Parazoo; P. Köhler; K. Yi; K. Guan; Xi Yang
exclude,0.057,Differential absorption radar techniques: surface pressure,,2014,10.5194/amt-7-3959-2014,18,L. Millán; M. Lebsock; N. Livesey; S. Tanelli; G. Stephens
exclude,0.057,Varying Contributions of Drivers to the Relationship Between Canopy Photosynthesis and Far‐Red Sun‐Induced Fluorescence for Two Maize Sites at Different Temporal Scales,Journal of Geophysical Research - Biogeosciences,2020,10.1029/2019jg005051,18,G. Miao; K. Guan; A. Suyker; Xi Yang; T. Arkebauer; E. Walter-Shea; H. Kimm; G. Hmimina; J. Gamon; T. Franz; C. Frankenberg; J. Berry; Genghong Wu
exclude,0.057,Evaluating photosynthetic activity across Arctic-Boreal land cover types using solar-induced fluorescence,Environmental Research Letters,2022,10.1088/1748-9326/ac9dae,14,Rui Cheng; T. Magney; Erica L Orcutt; Z. Pierrat; P. Köhler; D. Bowling; M. Bret-Harte; E. Euskirchen; M. Jung; Hideki Kobayashi; A. Rocha; O. Sonnentag; J. Stutz; S. Walther; D. Zona; C. Frankenberg
exclude,0.057,Climate feedbacks in the Earth system and prospects for their evaluation,,2018,10.5194/esd-2018-84,12,C. Heinze; V. Eyring; V. Eyring; P. Friedlingstein; Colin G. Jones; Y. Balkanski; W. Collins; T. Fichefet; Shuang Gao; A. Hall; D. Ivanova; D. Ivanova; W. Knorr; R. Knutti; A. Löw; M. Ponater; M. Schultz; M. Schulz; P. Siebesma; P. Siebesma; João Paulo Ramos Teixeira; G. Tselioudis; M. Vancoppenolle
exclude,0.057,Spatial covariation between solar-induced fluorescence and vegetation indices from Arctic-Boreal landscapes,Environmental Research Letters,2021,10.1088/1748-9326/ac188a,11,A. Maguire; J. Eitel; T. Magney; C. Frankenberg; P. Köhler; Erica L Orcutt; N. Parazoo; R. Pavlick; Z. Pierrat
exclude,0.057,LES of an inclined jet into a supersonic turbulent crossflow: synthetic inflow conditions,,2009,10.2514/6.2010-1287,8,A. Ferrante; G. Matheou; P. Dimotakis; Mike Stephens; P. Adams; R. Walters
exclude,0.057,vSmartMOM.jl: an Open-Source Julia Package for Atmospheric Radiative Transfer and Remote Sensing Tools,Journal of Open Source Software,2022,10.21105/joss.04575,8,R. Jeyaram; S. Sanghavi; C. Frankenberg
exclude,0.057,Mapping pan-Arctic methane emissions at high spatial resolution using an adjoint atmospheric transport and inversion method and process-based wetland and lake biogeochemical models,,2015,10.5194/acpd-15-32469-2015,8,Z. Tan; Q. Zhuang; D. Henze; C. Frankenberg; E. Dlugokencky; C. Sweeney; A. Turner
exclude,0.057,A G-Band Doppler Radar for Atmospheric Profiling,IEEE Transactions on Geoscience and Remote Sensing,2024,10.1109/tgrs.2024.3398616,7,Juan M. Socuéllamos; Raquel Rodriguez Monje; Ken B. Cooper; M. Lebsock; S. P. M. Nagaraja; Jose V. Siles; Robert M. Beauchamp; S. Tanelli
exclude,0.057,Climate Impact of Cloud Water Inhomogeneity through Microphysical Processes in a Global Climate Model,Journal of Climate,2020,10.1175/jcli-d-19-0772.1,6,Haruka Hotta; Kentaroh Suzuki; D. Goto; M. Lebsock
exclude,0.057,Technical note: Common ambiguities in plant hydraulics,Biogeosciences,2022,10.5194/bg-19-4705-2022,5,Yujie Wang; C. Frankenberg
exclude,0.057,On the Synergy Between Numerics and Subgrid Scale Modeling in LES of Stratified Flows: Grid Convergence of a Stratocumulus-Topped Boundary Layer,,2016,,4,G. Matheou; D. Chung; J. Teixeira
exclude,0.057,Non-steady-state stomatal conductance modeling and its implications: from leaf to ecosystem,Biogeosciences,2024,10.5194/bg-21-1501-2024,4,Ke Liu; Yujie Wang; T. Magney; C. Frankenberg
exclude,0.057,CO profiles from SCIAMACHY observations using cloud slicing and comparison with model simulations,,2013,10.5194/acpd-13-11659-2013,3,Chengtang Liu; S. Beirle; T. Butler; P. Hoor; C. Frankenberg; P. Jöckel; M. P. D. Vries; U. Platt; A. Pozzer; M. Lawrence; J. Lelieveld; H. Tost; T. Wagner
exclude,0.057,Cloud Dynamics Revealed by a G-band Humidity-Sounding Differential Absorption Radar,International Radar Conference,2020,10.1109/radarconf2043947.2020.9266525,2,K. Cooper; R. Beauchamp; R. Roy; L. Millán; M. Lebsock; R. Monje
exclude,0.057,NASA Incubation Study on Planetary Boundary Layer,IEEE International Geoscience and Remote Sensing Symposium,2020,10.1109/igarss39084.2020.9323101,2,João Paulo Ramos Teixeira; J. Piepmeier; A. Nehrir
exclude,0.057,Department of Energy’s Atmospheric System Research (ASR) Program’s Workshop on the Future of Atmospheric Large Eddy Simulation (LES): Workshop Report,,2023,10.2172/2004980,1,Kyle Pressel; T. Heus; Yunyan Zhang; Chiel van Heerwaarden; A. Jaruga; G. Matheou; Mikael Witte; Laura Fierce; K. Lundquist; V. Ghate; Fan Yang; C. Chiu; David Richter
exclude,0.057,Differential Absorption Radar: An Emerging Technology for Remote Sounding of Water Vapor Within Clouds,,2017,,1,M. Lebsock; L. M. Valle; K. Cooper; J. Siles; R. Monje
exclude,0.057,Continuous observation of canopy water content changes with GPS sensors,,2021,10.5194/egusphere-egu21-15551,1,V. Humphrey; Brian L. Dorsey; C. Frankenberg
exclude,0.057,Conflicting drivers of land carbon uptake variability reconciled by land-atmosphere coupling,,2020,10.5194/egusphere-egu2020-11172,1,V. Humphrey; A. Berg; P. Ciais; C. Frankenberg; P. Gentine; M. Jung; M. Reichstein; Seneviratne Sonia I.
exclude,0.057,Mapping methane emissions using the airborne imaging spectrometer AVIRIS-NG,,2017,,1,A. Thorpe; C. Frankenberg; D. Thompson; R. Duren; B. Bue; R. Green
exclude,0.057,Demonstration of Technologies for Remote and in Situ Sensing of Atmospheric Methane Abundances - a Controlled Release Experiment,,2013,,1,A. Aubrey; A. Thorpe; L. Christensen; S. Dinardo; C. Frankenberg; T. Rahn; M. Dubey
exclude,0.057,Radiation feedback and grid convergence in LES of stratocumulus clouds,,2018,,0,G. Matheou; J. Teixeira
exclude,0.057,Unphysical scalar excursions in large-eddy simulations,,2016,,0,G. Matheou; P. Dimotakis
exclude,0.057,Anisotropy statistics in homogeneous stratified sheared turbulence,,2012,,0,G. Matheou; D. Chung
exclude,0.057,Grid-independence and convergence of statistics in an LES of turbulent mixing,,2008,,0,G. Matheou; P. Dimotakis
exclude,0.057,Observing the Boundary Layer from Space II Posters,,2019,,0,J. Teixeira; J. Santanello; M. Lebsock
exclude,0.057,Observed variability of the subtropical marine boundary layer,,2019,,0,M. Lebsock
exclude,0.057,An observationally-based evaluation of clouds and radiation in global climate numerical models using contemporary satellite data,,2016,,0,Juilin Li; D. Waliser; Wei‐Ting Chen; M. Deng; Seungwon Lee; T. L’Ecuyer; G. Stephens; M. Lebsock; M. Christensen; B. Guan; J. Jiang; J. Teixeira
exclude,0.057,The feasibility of water vapor sounding inside clouds or precipitation using a differential absorption radartechnique,,2016,,0,L. M. Valle; M. Lebsock; N. Livesey; K. Cooper; S. Tanelli
exclude,0.057,The three-dimensional distribution of cloud liquid water observed by the A-Train,,2016,,0,J. Leinonen; M. Lebsock; G. Stephens
exclude,0.057,Using Active Satellite Observations to Characterize Uncertatinty in Long Term Satellite Cloud Liquid Water Path Climatologies,,2014,,0,M. Lebsock
exclude,0.057,The Precipitation Susceptibility of Marine Low Clouds Derived from Measurements Collected by Cloudsat and MODIS,,2012,,0,G. Mace; S. Avey; S. Tanelli; M. Lebsock
exclude,0.057,THE RELATIONSHIP BETWEEN RAIN AND CLOUD WATER AS OBSERVED FROM THE A-TRAIN,,2010,,0,M. Lebsock; C. Kummerow
exclude,0.057,"Relationships between aerosol, cloud, and precipitation as observed from the A-train constellation of spaceborne sensors",,2009,,0,M. Lebsock
exclude,0.057,Cropland carbon uptake delayed by 2019 U.S. Midwest floods,,2020,10.5194/egusphere-egu2020-12141,0,Yi Yin; B. Byrne; Junjie Liu; P. Wennberg; P. Köhler; V. Humphrey; T. Magney; K. Davis; T. Gerken; S. Feng; J. Digangi; C. Frankenberg
exclude,0.057,"Regional Surveys of CH4 Point Sources Across North America: Campaigns, Algorithms, and Results",IEEE International Geoscience and Remote Sensing Symposium,2020,10.1109/igarss39084.2020.9323285,0,D. Thompson; B. Bue; R. Duren; C. Elder; C. Frankenberg; R. Green; S. Hook; G. Hulley; C. Miller; A. Thorpe; P. Dennison
exclude,0.057,Quantifying the Effect of Neglecting Variable Methane LIfetime on Methane Emissions Estimates,,2019,,0,N. Nguyen; C. Frankenberg; A. Turner; Y. Yin; M. Prather
exclude,0.057,Directly attributing methane and carbon dioxide emissions using the next generation Airborne Visible/Infrared Imaging Spectrometer (AVIRIS-NG),,2016,,0,A. Thorpe; C. Frankenberg; D. Thompson; R. Duren; B. Blue; R. Green; D. Roberts; P. Dennison; A. Ayasse
exclude,0.057,Quantifying lower tropospheric methane concentrations using near-IR and thermal IR satellite measurements: comparison to the GEOS-Chem model,,2015,10.5194/amtd-8-3851-2015,0,J. Worden; A. Turner; A. Bloom; S. Kulawik; Junjie Liu; Meemong Lee; R. Weidner; K. Bowman; C. Frankenberg; R. Parker; V. Payne
exclude,0.057,The Chlorophyll Fluorescence Imaging Spectrometer (CFIS): A New Airborne Instrument for Quantifying Solar-Induced Fluorescence,,2015,,0,D. Drewry; C. Frankenberg; M. Verma; J. Berry; D. Schimel; S. Geier; M. Schwochert
exclude,0.057,Using water isotopic measurements for understanding model biases in model simulations of the hydrological cycle over Western Siberia,,2014,,0,V. Gryazin; C. Risi; J. Jouzel; N. Kurita; J. Worden; C. Frankenberg; V. Bastrikov; K. Gribanov; O. Stukova
exclude,0.057,EEG Discrimination with Artificial Neural Networks,International Conference on Bio-inspired Systems and Signal Processing,2013,10.5220/0004249702360241,0,Sérgio Daniel Rodrigues; João Paulo Ramos Teixeira; P. Rodrigues
exclude,0.057,Dynamics of the Gong windstorm (Jan 2013) in the context of a 20-year high-resolution simulation of Iberian climate,,2014,,0,P. Miranda; M. Chinita; R. Cardoso; P. Soares; P. Viterbo; P. Pinto; Manuel Mendes
exclude,0.029,Remote sensing of solar-induced chlorophyll fluorescence (SIF) in vegetation: 50 years of progress.,Remote Sensing of Environment,2019,10.1016/j.rse.2019.04.030,634,G. Mohammed; R. Colombo; E. Middleton; U. Rascher; C. van der Tol; L. Nedbal; Y. Goulas; Ó. Pérez-Priego; A. Damm; M. Meroni; J. Joiner; S. Cogliati; W. Verhoef; Z. Malenovský; J. Gastellu‐Etchegorry; John R. Miller; L. Guanter; J. Moreno; I. Moya; J. Berry; C. Frankenberg; P. Zarco-Tejada
exclude,0.029,"Overview of Solar-Induced chlorophyll Fluorescence (SIF) from the Orbiting Carbon Observatory-2: Retrieval, cross-mission comparison, and global monitoring for GPP",,2018,10.1016/j.rse.2018.02.016,438,Ying Sun; C. Frankenberg; M. Jung; J. Joiner; L. Guanter; P. Köhler; T. Magney
exclude,0.029,California’s methane super-emitters,Nature,2019,10.1038/s41586-019-1720-3,376,R. Duren; A. Thorpe; K. Foster; Talha Rafiq; F. Hopkins; V. Yadav; B. Bue; D. Thompson; S. Conley; N. Colombi; C. Frankenberg; I. McCubbin; M. Eastwood; M. Falk; J. Herner; B. Croes; R. Green; C. Miller
exclude,0.029,Forest productivity and water stress in Amazonia: observations from GOSAT chlorophyll fluorescence,Proceedings of the Royal Society of London. Biological Sciences,2013,10.1098/rspb.2013.0171,338,Jung‐Eun Lee; C. Frankenberg; C. van der Tol; J. Berry; L. Guanter; C. Boyce; J. Fisher; E. Morrow; J. Worden; S. Asefi; Grayson Badgley; S. Saatchi
exclude,0.029,Airborne methane remote measurements reveal heavy-tail flux distribution in Four Corners region,Proceedings of the National Academy of Sciences of the United States of America,2016,10.1073/pnas.1605617113,328,C. Frankenberg; A. Thorpe; D. Thompson; G. Hulley; E. Kort; N. Vance; J. Borchardt; T. Krings; K. Gerilowski; C. Sweeney; S. Conley; B. Bue; A. Aubrey; S. Hook; R. Green
exclude,0.029,Terrestrial gross primary production inferred from satellite fluorescence and vegetation models,Global Change Biology,2014,10.1111/gcb.12652,191,N. Parazoo; K. Bowman; J. Fisher; C. Frankenberg; Dylan B. A. Jones; A. Cescatti; Ó. Pérez-Priego; G. Wohlfahrt; Leonardo Montagnani
exclude,0.029,Multisensor satellite observations of aerosol effects on warm clouds,,2008,10.1029/2008jd009876,172,M. Lebsock; G. Stephens; C. Kummerow
exclude,0.029,Satellite-based survey of extreme methane emissions in the Permian basin,Science Advances,2021,10.1126/sciadv.abf4507,172,I. Irakulis‐Loitxate; L. Guanter; Yin-Nian Liu; D. Varon; J. Maasakkers; Yuzhong Zhang; A. Chulakadabba; S. Wofsy; A. Thorpe; R. Duren; C. Frankenberg; D. Lyon; B. Hmiel; D. Cusworth; Yongguang Zhang; K. Segl; Javier Gorroño; Elena Sánchez-García; M. Sulprizio; Kaiqin Cao; Haijian Zhu; Jian Liang; Xun Li; I. Aben; D. Jacob
exclude,0.029,Four corners: The largest US methane anomaly viewed from space,,2014,10.1002/2014gl061503,165,E. Kort; C. Frankenberg; K. Costigan; R. Lindenmaier; M. Dubey; D. Wunch
exclude,0.029,The retrieval of warm rain from CloudSat,,2011,10.1029/2011jd016076,161,M. Lebsock; T. L’Ecuyer
exclude,0.029,"Solar Induced Chlorophyll Fluorescence: Origins, Relation to Photosynthesis and Retrieval",,2018,10.1016/b978-0-12-409548-9.10632-3,158,C. Frankenberg; J. Berry
exclude,0.029,On the precipitation susceptibility of clouds to aerosol perturbations,,2009,10.1029/2009gl038993,140,A. Sorooshian; G. Feingold; M. Lebsock; Hongli Jiang; G. Stephens
exclude,0.029,Simulations of chlorophyll fluorescence incorporated into the Community Land Model version 4,Global Change Biology,2015,10.1111/gcb.12948,137,Jung‐Eun Lee; J. Berry; C. Tol; Xi Yang; L. Guanter; A. Damm; I. Baker; C. Frankenberg
exclude,0.029,Global observations of aerosol impacts on precipitation occurrence in warm maritime clouds,,2009,10.1029/2008jd011273,118,T. L’Ecuyer; W. Berg; J. Haynes; M. Lebsock; T. Takemura
exclude,0.029,On the quantification of oceanic rainfall using spaceborne sensors,,2012,10.1029/2012jd017979,112,A. Behrangi; M. Lebsock; S. Wong; B. Lambrigtsen
exclude,0.029,The Multi-Sensor Advanced Climatology of Liquid Water Path (MAC-LWP).,Journal of Climate,2017,10.1175/jcli-d-16-0902.1,103,G. Elsaesser; C. O’Dell; M. Lebsock; R. Bennartz; T. Greenwald; F. Wentz
exclude,0.029,Precipitation driving of droplet concentration variability in marine low clouds,,2012,10.1029/2012jd018305,103,R. Wood; D. Leon; M. Lebsock; J. Snider; A. Clarke
exclude,0.029,Observed Impacts of COVID‐19 on Urban CO2 Emissions,Geophysical Research Letters,2020,10.1029/2020gl090037,95,A. Turner; Jinsol Kim; H. Fitzmaurice; Catherine Newman; K. Worthington; Katherine Chan; P. Wooldridge; Philipp Köehler; C. Frankenberg; R. Cohen
exclude,0.029,Unequal exposure to heatwaves in Los Angeles: Impact of uneven green spaces,Science Advances,2023,10.1126/sciadv.ade8501,92,Yi Yin; Liyin He; P. Wennberg; C. Frankenberg
exclude,0.029,Microphysical implications of cloud‐precipitation covariance derived from satellite remote sensing,,2013,10.1002/jgrd.50347,85,M. Lebsock; H. Morrison; A. Gettelman
exclude,0.029,Moisture availability mediates the relationship between terrestrial gross primary production and solar‐induced chlorophyll fluorescence: Insights from global‐scale variations,Global Change Biology,2020,10.1111/gcb.15373,83,Anping Chen; J. Mao; D. Ricciuto; J. Xiao; C. Frankenberg; Xing Li; P. Thornton; L. Gu; A. Knapp
exclude,0.029,Improving Estimates of Gross Primary Productivity by Assimilating Solar‐Induced Fluorescence Satellite Retrievals in a Terrestrial Biosphere Model Using a Process‐Based SIF Model,Journal of Geophysical Research - Biogeosciences,2019,10.1029/2019jg005040,82,C. Bacour; F. Maignan; Natasha MacBean; A. Porcar-Castell; J. Flexas; C. Frankenberg; P. Peylin; F. Chevallier; N. Vuichard; V. Bastrikov
exclude,0.029,ESD Reviews: Climate feedbacks in the Earth system and prospects for their evaluation,Earth System Dynamics,2019,10.5194/esd-10-379-2019,82,C. Heinze; V. Eyring; V. Eyring; P. Friedlingstein; Colin G. Jones; Y. Balkanski; W. Collins; T. Fichefet; Shuang Gao; A. Hall; D. Ivanova; D. Ivanova; W. Knorr; R. Knutti; A. Löw; M. Ponater; M. Schultz; M. Schulz; P. Siebesma; P. Siebesma; João Paulo Ramos Teixeira; G. Tselioudis; M. Vancoppenolle
exclude,0.029,Global satellite observations of column-averaged carbon dioxide and methane: The GHG-CCI XCO2 and XCH4 CRDP3 data set,,2017,10.1016/j.rse.2016.12.027,73,M. Buchwitz; M. Reuter; O. Schneising; W. Hewson; R. Detmers; H. Boesch; O. Hasekamp; I. Aben; H. Bovensmann; J. Burrows; A. Butz; F. Chevallier; B. Dils; C. Frankenberg; J. Heymann; G. Lichtenberg; M. Mazière; J. Notholt; R. Parker; T. Warneke; C. Zehner; D. Griffith; N. Deutscher; A. Kuze; H. Suto; D. Wunch
exclude,0.029,Retrieval of snowflake microphysical properties from multifrequency radar observations,Atmospheric Measurement Techniques,2018,10.5194/amt-2018-73,64,J. Leinonen; M. Lebsock; S. Tanelli; O. Sy; B. Dolan; R. Chase; Joseph A. Finlon; A. von Lerber; D. Moisseev
exclude,0.029,Exposing biases in retrieved low cloud properties from CloudSat: A guide for evaluating observations and climate data,,2013,10.1002/2013jd020224,61,M. Christensen; G. Stephens; M. Lebsock
exclude,0.029,Solar‐Induced Fluorescence Detects Interannual Variation in Gross Primary Production of Coniferous Forests in the Western United States,Geophysical Research Letters,2018,10.1029/2018gl077906,56,Lauren M. Zuromski; D. Bowling; P. Köhler; C. Frankenberg; M. Goulden; P. Blanken; John C. Lin
exclude,0.029,Seasonal variation in the canopy color of temperate evergreen conifer forests,New Phytologist,2020,10.1111/nph.17046,51,B. Seyednasrollah; D. Bowling; Rui Cheng; B. Logan; T. Magney; C. Frankenberg; Julia C. Yang; A. Young; K. Hufkens; M. A. Arain; T. A. Black; P. Blanken; R. Bracho; R. Jassal; D. Hollinger; B. Law; Z. Nešić; A. Richardson
exclude,0.029,Assessing fossil fuel CO2 emissions in California using atmospheric observations and models,Environmental Research Letters,2018,10.1088/1748-9326/aabd43,51,H. Graven; M. Fischer; T. Lueker; Seongeun Jeong; T. Guilderson; R. Keeling; R. Bambha; K. Brophy; W. Callahan; X. Cui; C. Frankenberg; K. Gurney; B. LaFranchi; S. Lehman; H. Michelsen; John B. Miller; S. Newman; W. Paplawsky; N. Parazoo; C. Sloop; S. Walker
exclude,0.029,Satellite footprint data from OCO-2 and TROPOMI reveal significant spatio-temporal and inter-vegetation type variabilities of solar-induced fluorescence yield in the U.S. Midwest,,2020,10.1016/j.rse.2020.111728,50,Cong Wang; K. Guan; B. Peng; Min Chen; Chongya Jiang; Yelu Zeng; Genghong Wu; Sheng Wang; Jin Wu; Xi Yang; C. Frankenberg; P. Köhler; J. Berry; C. Bernacchi; K. Zhu; C. Alden; G. Miao
exclude,0.029,AGU Advances Authors’ Response to Peer Review Comments on Satellite constraints on the latitudinal distribution and temperature sensitivity of wetland methane emissions,,2021,,49,Shuang Ma; J. Worden; A. Bloom; Yuzhong Zhang; B. Poulter; D. Cusworth; Yi Yin; S. Pandey; J. Maasakkers; Xiao Lu; Lu; Shen; J. Sheng; C. Frankenberg; C. Miller; D. Jacob
exclude,0.029,Continuous ground monitoring of vegetation optical depth and water content with GPS signals,Biogeosciences,2023,10.5194/bg-20-1789-2023,45,V. Humphrey; C. Frankenberg
exclude,0.029,Atmospheric Humidity Sounding Using Differential Absorption Radar Near 183 GHz,IEEE Geoscience and Remote Sensing Letters,2018,10.1109/lgrs.2017.2776078,42,K. Cooper; Raquel Rodriguez Monje; L. Millán; M. Lebsock; S. Tanelli; J. Siles; Choonsup Lee; Andrew Brown
exclude,0.029,Information content of near‐infrared spaceborne multiangular polarization measurements for aerosol retrievals,,2007,10.1029/2007jd008535,40,M. Lebsock; T. L’Ecuyer; G. Stephens
exclude,0.029,Effects of Chemical Feedbacks on Decadal Methane Emissions Estimates,Geophysical Research Letters,2020,10.1029/2019gl085706,39,N. Nguyen; A. Turner; Yi Yin; M. Prather; C. Frankenberg
exclude,0.029,Systematic Orbital Geometry-Dependent Variations in Satellite Solar-Induced Fluorescence (SIF) Retrievals,Remote Sensing,2020,10.3390/rs12152346,38,J. Joiner; Y. Yoshida; P. Köhler; P. Campbell; C. Frankenberg; C. Tol; Peiqi Yang; N. Parazoo; L. Guanter; Ying Sun
exclude,0.029,Observational Constraints on the Response of High‐Latitude Northern Forests to Warming,AGU Advances,2020,10.1029/2020av000228,33,Junjie Liu; P. Wennberg; N. Parazoo; Yi Yin; C. Frankenberg
exclude,0.029,Simplified physically based retrieval of sun-induced chlorophyll fluorescence from GOSAT data,IEEE Geoscience and Remote Sensing Letters,2015,10.1109/lgrs.2015.2407051,33,P. Köhler; L. Guanter; C. Frankenberg
exclude,0.029,Tracking Seasonal and Interannual Variability in Photosynthetic Downregulation in Response to Water Stress at a Temperate Deciduous Forest,Journal of Geophysical Research - Biogeosciences,2020,10.1029/2018jg005002,32,Liyin He; J. Wood; Ying Sun; T. Magney; D. Dutta; P. Köhler; Yongguang Zhang; Yi Yin; C. Frankenberg
exclude,0.029,Optimal inverse estimation of ecosystem parameters from observations of carbon and energy fluxes,Biogeosciences,2019,10.5194/bg-16-77-2019,30,D. Dutta; D. Schimel; Ying Sun; C. van der Tol; C. Frankenberg
exclude,0.029,Testing stomatal models at the stand level in deciduous angiosperm and evergreen gymnosperm forests using CliMA Land (v0.1),Geoscientific Model Development,2021,10.5194/gmd-14-6741-2021,29,Yujie Wang; P. Köhler; Liyin He; R. Doughty; R. Braghiere; J. Wood; C. Frankenberg
exclude,0.029,Comment on “Recent global decline of CO2 fertilization effects on vegetation photosynthesis”,Science,2021,10.1126/science.abg2947,28,C. Frankenberg; Yi Yin; B. Byrne; Liyin He; P. Gentine
exclude,0.029,On the Consequences of Resampling Microwave Radiometer Observations for Use in Retrieval Algorithms,,2009,10.1175/2009jamc2155.1,27,A. Rapp; M. Lebsock; C. Kummerow
exclude,0.029,Forests for forests: combining vegetation indices with solar-induced chlorophyll fluorescence in random forest models improves gross primary productivity prediction in the boreal forest,Environmental Research Letters,2022,10.1088/1748-9326/aca5a0,27,Z. Pierrat; J. Bortnik; Bruce Johnson; A. Barr; T. Magney; D. Bowling; N. Parazoo; C. Frankenberg; U. Seibt; J. Stutz
exclude,0.029,Remote‐sensing constraints on South America fire traits by Bayesian fusion of atmospheric and surface data,,2015,10.1002/2014gl062584,27,A. A. Bloom; J. Worden; Zhe Jiang; H. Worden; T. Kurosu; C. Frankenberg; D. Schimel
exclude,0.029,"A Comparison of In Situ Aircraft Measurements of Carbon Dioxide and Methane to GOSAT Data Measured Over Railroad Valley Playa, Nevada, USA",IEEE Transactions on Geoscience and Remote Sensing,2014,10.1109/tgrs.2014.2318201,26,J. Tadić; M. Loewenstein; C. Frankenberg; A. Butz; M. Roby; L. Iraci; E. Yates; W. Gore; A. Kuze
exclude,0.029,An investigation of microphysics and subgrid‐scale variability in warm‐rain clouds using the A‐Train observations and a multiscale modeling framework,,2017,10.1002/2016jd026404,25,Hanii Takahashi; M. Lebsock; Kentaroh Suzuki; G. Stephens; Minghuai Wang
exclude,0.029,"On the impact of canopy model complexity on simulated carbon, water, and solar-induced chlorophyll fluorescence fluxes",Biogeosciences,2021,10.5194/bg-2021-214,25,Yujie Wang; C. Frankenberg
exclude,0.029,Causes of WRF surface energy fluxes biases in a stratocumulus region,Climate Dynamics,2015,10.1007/s00382-015-2599-9,25,A. Jousse; A. Hall; F. Sun; João Paulo Ramos Teixeira
exclude,0.029,Difference in seasonal peak timing of soybean far-red SIF and GPP explained by canopy structure and chlorophyll content,Remote Sensing of Environment,2022,10.1016/j.rse.2022.113104,23,Genghong Wu; Chongya Jiang; H. Kimm; Sheng Wang; C. Bernacchi; C. Moore; A. Suyker; Xi Yang; T. Magney; C. Frankenberg; Youn-Mi Ryu; Benjamin Dechant; K. Guan
exclude,0.029,Interregional differences in MODIS‐derived cloud regimes,,2016,10.1002/2016jd025193,20,J. Leinonen; M. Lebsock; L. Oreopoulos; N. Cho
exclude,0.029,Regional Assessments of Low Clouds against Large-Scale Stability in CAM5 and CAM-CLUBB Using MODIS and ERA-Interim Reanalysis Data,,2015,10.1175/jcli-d-14-00184.1,20,T. Kubar; Graeme Stephens; M. Lebsock; V. Larson; P. Bogenschutz
exclude,0.029,An observed tropical oceanic radiative-convective cloud feedback.,,2010,10.1175/2009jcli3091.1,20,M. Lebsock; C. Kummerow; G. Stephens
exclude,0.029,"Consistent evaluation of GOSAT, SCIAMACHY, CarbonTracker, and MACC through comparisons to TCCON",,2015,10.5194/amtd-8-6217-2015,15,S. Kulawik; D. Wunch; C. O’Dell; C. Frankenberg; M. Reuter; T. Oda; F. Chevallier; V. Sherlock; M. Buchwitz; G. Osterman; C. Miller; P. Wennberg; I. Morino; M. Dubey; N. Deutscher; J. Notholt; F. Hase; T. Warneke; R. Sussmann; J. Robinson; K. Strong; M. Schneider; J. Wolf
exclude,0.029,Atmospheric General Circulation Models,Encyclopedia of Remote Sensing,2014,10.1007/978-0-387-36699-9_8,13,J. Teixeira; Mark Taylor; A. Persson; G. Matheou
exclude,0.029,Testing stomatal models at stand level in deciduous angiosperm and evergreen gymnosperm forests using CliMA Land (v0.1),,2021,10.5194/gmd-2021-154,13,Yujie Wang; P. Köhler; Liyin He; R. Doughty; R. Braghiere; J. Wood; C. Frankenberg
exclude,0.029,Eastern Pacific Cloud Aerosol Precipitation Experiment (EPCAPE) Science Plan,,2021,10.2172/1804710,12,Lynn Russell; B. Pnnl; D. Lubin; I. Silber; E. Eloranta; J. Muelmenstaedt; S. Burrows; A. Aiken; Dié Wang; M. Petters; Mark Miller; A. Ackerman; A. Fridlind; M. Witte; M. Lebsock; D. Painemal; R. Chang; J. Liggio; M. Wheeler
exclude,0.029,Incompressible variable-density turbulence in an external acceleration field,Journal of Fluid Mechanics,2017,10.1017/jfm.2017.490,9,Ilana Gat; G. Matheou; D. Chung; P. Dimotakis
exclude,0.029,First Light Demonstration of Red Solar Induced Fluorescence for Harmful Algal Bloom Monitoring,Geophysical Research Letters,2023,10.1029/2022gl101715,7,Kelly M. Luis; P. Köhler; C. Frankenberg; M. Gierach
exclude,0.029,Scientific Communities Striving for a Common Cause: Innovations in Carbon Cycle Science,Bulletin of The American Meteorological Society - (BAMS),2020,10.1175/bams-d-19-0306.1,7,M. Whelan; L. Anderegg; Grayson Badgley; J. Campbell; R. Commane; C. Frankenberg; T. Hilton; L. Kuai; N. Parazoo; Y. Shiga; Yuting Wang; J. Worden
exclude,0.029,"The greenhouse gas project of Esa's climate change initiative (GHG-CCI) : Overview, achievements and future plans","Algorithmic Approaches for Transportation Modeling, Optimization, and Systems",2015,10.5194/isprsarchives-xl-7-w3-165-2015,6,M. Buchwitz; M. Reuter; O. Schneising; H. Boesch; I. Aben; M. Alexe; R. Armante; P. Bergamaschi; H. Bovensmann; D. Brunner; B. Buchmann; J. Burrows; A. Butz; F. Chevallier; A. Chédin; C. Crevoisier; S. Gonzi; M. Mazière; E. D. Wachter; R. Detmers; B. Dils; C. Frankenberg; P. Hahne; O. Hasekamp; W. Hewson; J. Heymann; S. Houweling; M. Hilker; T. Kaminski; G. Kuhlmann; A. Laeng; T. V. Leeuwen; G. Lichtenberg; J. Marshall; S. Noel; J. Notholt; P. Palmer; R. Parker; M. Scholze; G. Stiller; T. Warneke; C. Zehner
exclude,0.029,Spatial Variation in Humidity and the Onset of Seasonal Influenza Across the Contiguous United States,GeoHealth,2021,10.1029/2021gh000469,6,E. Serman; H. Thrastarson; M. Franklin; João Paulo Ramos Teixeira
exclude,0.029,High Resolution Global Contiguous SIF Estimates Derived from OCO-2 SIF and MODIS,,2019,10.3334/ornldaac/1696,4,L. Yu; J. Wen; C. Y. Chang; C. Frankenberg; Y. Sun
exclude,0.029,2022: DOE-NOAA Marine Cloud Brightening Workshop,,2022,10.2172/1902718,3,G. Feingold; V. Ghate; Lynn Russell; P. Blossey; W. Cantrell; M. Christensen; M. Diamond; A. Gettelman; F. Glassmeier; James Haywood; F. Hoffmann; C. Kaul; M. Lebsock; A. McComiskey; D. McCoy; Y. Ming; J. Muelmenstaedt; A. Possner; Prasanth Prabhakaran; P. Quinn; S. Schmidt; R. Shaw; C. Singer; A. Sorooshian; V. Toll; Jessica S. Wan; R. Wood; Fan Yang; Jianhao Zhang; Xue-Song Zheng
exclude,0.029,Didactic Speech Synthesizer: Acoustic Module - Formants Model,International Conference on Bio-inspired Systems and Signal Processing,2013,10.5220/0004249603560359,3,João Paulo Ramos Teixeira; Anildo P. Fernandes
exclude,0.029,Modeling global carbon and water fluxes and hyperspectral canopy radiative transfer simultaneously using a next generation land surface model—CliMA Land,,2022,10.1002/essoar.10509956.1,2,Yujie Wang; R. Braghiere; M. Longo; A. Norton; P. Köhler; R. Doughty; Yi Yin; A. A. Bloom; C. Frankenberg
exclude,0.029,"Supplementary material to ""Accelerating methane growth rate from 2010 to 2017: leading contributions from the tropics and East Asia""",,2020,10.5194/acp-2020-649-supplement,2,Yi Yin; F. Chevallier; P. Ciais; P. Bousquet; M. Saunois; Bo Zheng; J. Worden; A. A. Bloom; R. Parker; D. Jacob; E. Dlugokencky; C. Frankenberg
exclude,0.029,Scaling Behavior of a Turbulent Kinetic Energy Closure Scheme for the Stably Stratified Atmosphere: A Steady-State Analysis,Journal of the Atmospheric Sciences,2020,10.1175/jas-d-19-0332.1,2,M. MacDonald; João Paulo Ramos Teixeira
exclude,0.029,Developing a voiced information retrieval system for the portuguese language capable to handle both brazilian and portuguese spoken versions,EUROSPEECH,1999,10.21437/eurospeech.1999-91,2,Márcio N. de Souza; E. Caprini; G. J. C. Machado; M. V. Ludolf; L. Calôba; J. Seixas; F. Resende; S. Netto; D. Freitas; João Paulo Ramos Teixeira; Carlos Espain; V. Pera; F. Moreira
exclude,0.029,Millimeter- and Submillimeter-Wave Differential Absorption Radar,European Radar Conference,2021,10.1109/eurad48048.2021.00102,1,K. Cooper; R. Roy; J. Siles; M. Lebsock; L. Millán; R. Rodriguez-Monje; R. Dengler; Omkar Pradhan; L. Tamppari; B. Drouin
exclude,0.029,Differential absorption radar techniques – Part 1: Surface pressure,,2014,10.5194/amtd-7-5795-2014,1,L. Millán; M. Lebsock; N. Livesey; S. Tanelli; G. Stephens
exclude,0.029,Probing the sensitivity of polarimetric O 2 A-band measurements to clouds with emphasis on potential OCO-2 and GOSAT retrievals,,2014,10.5194/amtd-7-9603-2014,1,S. Sanghavi; M. Lebsock; G. Stephens
exclude,0.029,Cloud Properties,Encyclopedia of Remote Sensing,2014,10.1007/978-0-387-36699-9_17,1,M. Lebsock; Steve Cooper
exclude,0.029,Satellite-based characterization of methane point sources in the Permian Basin,,2021,10.5194/egusphere-egu21-15877,1,I. Irakulis‐Loitxate; L. Guanter; Yin-Nian Liu; D. Varon; J. Maasakkers; Yuzhong Zhang; A. Chulakadabba; S. Wofsy; A. Thorpe; R. Duren; C. Frankenberg; D. Lyon; D. Cusworth; Yongguang Zhang; K. Segl; Javier Gorroño; Elena Sánchez-García; M. Sulprizio; I. Aben; D. Jacob
exclude,0.029,"Optimal Inverse Estimation of Ecosystem Parameters from
Observations of Carbon and Energy Fluxes",,2018,10.5194/bg-2018-303,1,D. Dutta; D. Schimel; Ying Sun; C. van der Tol; C. Frankenberg
exclude,0.029,The 4-Corners methane hotspot: Mapping CH 4 plumes at 60km through 1m resolution using space- and airborne spectrometers,,2015,,1,C. Frankenberg; A. Thorpe; S. Hook; R. Green; D. Thompson; E. Kort; G. Hulley; N. Vance; B. Bue; A. Aubrey
exclude,0.029,A climatology of cold pools distinct from background turbulence at the Eastern North Atlantic observations site,,,,1,M. Smalley; Mikael K. Witte; Jong‐Hoon Jeong; M. Chinita
exclude,0.029,Vorticity alignment and spectral statistics in a variable-density turbulent flow,,2016,,0,Ilana Gat; G. Matheou; D. Chung; P. Dimotakis
exclude,0.029,LES results of the GABLS4 exercice : an intercomparison of models in extremely stable conditions over Antarctica,,2016,,0,F. Couvreux; E. Bazile; G. Canut; Le Moigne; B. Maronga; van Bart Stratum; S. Basu; V. Fuka; A. Moene; J. Edwards; G. Matheou; É. Vignon; W. Maurel; O. Traullé
exclude,0.029,"Turbulence, Climate and Supercomputers",,2014,10.5642/steam.20140102.32,0,G. Matheou
exclude,0.029,Stochastic Convection Parameterizations,,2012,,0,J. Teixeira; C. Reynolds; K. Suselj; G. Matheou
exclude,0.029,On the Resolution and Noise Characteristics of GPS Radio Occultation Retrievals: A Simulation Study,,2012,,0,C. Ao; F. Xie; T. Meehan; A. Mannucci; G. Matheou
exclude,0.029,Dimming the Sun (DimSun) using Controllable Swarm of Smallbody Regolith Particles,IEEE Aerospace Conference,2025,10.1109/aero63441.2025.11068752,0,Saptarshi Bandyopadhyay; Sriramya Bhamidipati; Maira Saboia da Silva; Mark T. Richardson; M. Hakuba; M. Lebsock; Aditya A. Paranjape; A. Nanjangud; Tushar Jadhav; C. Percival; E. Fishbein; J. Reager; Amir Rahmani
exclude,0.029,"Comment on egusphere-2022-1217 Anonymous Referee #2 Referee comment on ""The classification of atmospheric hydrometeors and aerosols from the EarthCARE radar and lidar: the A-TC, C-TC and AC-TC products"" by Abdanour Irbah",,2023,,0,M. Lebsock
exclude,0.029,"Editorial: Remote sensing of cloud, aerosols, and radiation from satellites",Frontiers in Remote Sensing,2022,10.3389/frsen.2022.1040835,0,Á. M. da Silva; S. Kato; H. Baker; J. Redemann; D. Posselt; R. Ferrare; M. Lebsock
exclude,0.029,Demonstration of a New Water Vapor Radar Field Campaign Report,,2019,10.2172/1573484,0,M. Lebsock; B. Pnnl; R. Roy; K. Cooper; L. Millán
exclude,0.029,Exploiting the Surface Reflectance from CloudSat to Constrain the CLWP and Evaluate cloud climatologies.,,2018,,0,M. Lebsock
exclude,0.029,"Erratum to ""Atmospheric Humidity Sounding Using Differential Absorption Radar Near 183 GHz""",IEEE Geoscience and Remote Sensing Letters,2018,10.1109/lgrs.2018.2844561,0,K. Cooper; R. Monje; L. Millán; M. Lebsock; S. Tanelli; J. Siles; Choonsup Lee; Andrew Brown
exclude,0.029,"Supplementary material to ""Liquid marine cloud geometric thickness retrieved from OCO-2's oxygen A-band spectrometer""",,2018,10.5194/amt-2018-387-supplement,0,M. Richardson; J. Leinonen; H. Cronk; J. McDuffie; M. Lebsock; G. Stephens
exclude,0.029,Improvements to the JPL EDMF Cloud Parameterization by a Suite of Global A-Train Satellite Observations,,2017,,0,M. Smalley; K. Suselj; M. Lebsock
exclude,0.029,Differential Absorption Radar for Water Vapor Sounding,,2017,,0,M. Lebsock
exclude,0.029,"Correction to: An Observational View of Relationships Between Moisture Aggregation, Cloud, and Radiative Heating Profiles",Surveys in geophysics,2017,10.1007/s10712-017-9449-8,0,M. Lebsock; T. L’Ecuyer; R. Pincus
exclude,0.029,Performance assessment of a spaceborne cloud--precipitation radar concept,,2015,,0,J. Leinonen; M. Lebsock; S. Tanelli; K. Suzuki; H. Yashiro; Y. Miyamoto
exclude,0.029,Evaluation of interregional variability in MODIS cloud regimes,,2015,,0,J. Leinonen; M. Lebsock; L. Oreopoulos; N. Cho
exclude,0.029,A satellite observation test bed for cloud parameterization development,,2015,,0,M. Lebsock; K. Suselj
exclude,0.029,Physical-based validation of unified parameterization based on satellite observation of cloud and precipitation properties,,2015,,0,K. Suselj; M. Lebsock
exclude,0.029,Observational constraints on the sub-grid variability of cloud and rain: Implications for microphysical parameterization,,2012,,0,M. Lebsock; H. Morrison; A. Gettelman
exclude,0.029,Precipitation driving of droplet concentration 1 variability in marine low clouds 2 3 4,,2012,,0,R. Wood; D. Leon; M. Lebsock; J. Snider; A. Clarke
exclude,0.029,Sub-grid scale variability of cloud and rain: Implications for microphysical parameterization,,2012,,0,M. Lebsock
exclude,0.029,A Climate Process Team focused on better representation of aerosol indirect effects in climate models through improved cloud macrophysical parameterization,,2011,,0,R. Wood; V. Larson; L. Donner; J. Golaz; H. Guo; A. Gettelman; H. Morrison; P. Bogenschutz; G. Feingold; T. Yamaguchi; Seoung-Soo Lee; G. Stephens; M. Lebsock; T. Kubar; D. Grosvenor
exclude,0.029,Aerosol Indirect Effects on Warm Clouds as Observed by the A-Train Satellites,,2008,,0,G. Stephens; M. Lebsock
exclude,0.029,Sensitivity analysis and optimal estimation retrieval of aerosol optical properties over oceans utilizing simulated multi-angular and polarized radiances,SPIE Remote Sensing,2005,10.1117/12.638609,0,M. Lebsock; G. Stephens
exclude,0.029,"Supplemental Information for ""A Convolutional Neural Network for Spatial Downscaling of Space Derived Solar-Induced Chlorophyll Fluorescence (SIFnet)""",,2021,,0,Johannes Gensheimer; A. Turner; P. Köhler; C. Frankenberg; Jia Chen
exclude,0.029,"Combining SIF, reflectance, and leaf scale measuremnts to assess the effcets of interannual changes in winter rainfall on tree physiology during the following summer drought period in a dry Mediterranean pine forest",,2021,10.5194/egusphere-egu21-15086,0,A. Cochavi; E. Rotenberg; F. Tatarinov; Philipp Kӧhler; C. Frankenberg; D. Yakir
exclude,0.029,"Supplementary material to ""The Global Methane Budget 2000–2017""",,2019,10.5194/essd-2019-128-supplement,0,M. Saunois; A. Stavert; B. Poulter; P. Bousquet; J. Canadell; R. Jackson; P. Raymond; E. Dlugokencky; S. Houweling; P. Patra; P. Ciais; V. Arora; D. Bastviken; P. Bergamaschi; D. Blake; G. Brailsford; L. Bruhwiler; K. Carlson; M. Carrol; S. Castaldi; N. Chandra; C. Crevoisier; P. Crill; K. Covey; C. Curry; G. Etiope; C. Frankenberg; N. Gedney; M. Hegglin; L. Höglund-Isaksson; G. Hugelius; M. Ishizawa; A. Ito; G. Janssens‑Maenhout; K. Jensen; F. Joos; T. Kleinen; P. Krummel; R. Langenfelds; G. Laruelle; Licheng Liu; T. Machida; S. Maksyutov; K. McDonald; J. McNorton; P. Miller; J. Melton; I. Morino; J. Müller; Fabiola Murgía-Flores; V. Naik; Y. Niwa; S. Noce; S. O'Doherty; R. Parker; C. Peng; S. Peng; G. Peters; C. Prigent; R. Prinn; M. Ramonet; P. Régnier; W. Riley; J. Rosentreter; A. Segers; I. Simpson; Hao Shi; Steven J. Smith; L. Steele; B. Thornton; H. Tian; Y. Tohjima; F. Tubiello; A. Tsuruta; N. Viovy; A. Voulgarakis; T. Weber; M. van Weele; G. R. van der Werf; R. Weiss; D. Worthy; D. Wunch; Yiyi Yin; Y. Yoshida; Wenxing Zhang; Zhen Zhang; Yuanhong Zhao; Bo Zheng; Qing Zhu; Qiu'an Zhu; Q. Zhuang
exclude,0.029,The Response of Sun-induced Chlorophyll Fluorescence to Remotely Sensed Surface Soil Moisture and Terrestrial Water Storage,,2019,,0,V. Humphrey; P. Gentine; C. Frankenberg
exclude,0.029,"CMS: Atmospheric CO2 and C Isotopes, Fossil Fuel Contributions, California, 2014-2015",,2018,10.3334/ornldaac/1641,0,H. Graven; M. Fischer; T. Lueker; Seongeun Jeong; T. Guilderson; R. Keeling; R. Bambha; K. Brophy; W. Callahan; X. Cui; C. Frankenberg; K. Gurney; B. LaFranchi; S. Lehman; H. Michelsen; John B. Miller; S. Newman; W. Paplawsky; N. Parazoo; C. Sloop; S. Walker
exclude,0.029,Effects of Methane and Hydroxyl Radical Chemistry on Decadal Methane Emissions Estimates,,2018,,0,N. Nguyen; C. Frankenberg; Y. Yin; A. Turner
exclude,0.029,"Variations of Solar-Induced Fluorescence, Carbon Dioxide, and Water Cycle",,2018,,0,A. Studwell; Xun Jiang; A. Corbett; E. Creecy; J. La; Liming Li; C. Frankenberg; Y. Yung
exclude,0.029,A Multi-decadal Time Series of Vegetation Chlorophyll Fluorescence and Derived Gross Primary Production for NASA MEaSUREs,,2018,,0,N. Parazoo; C. Frankenberg; P. Koehler; J. Joiner; Y. Yoshida; V. Yadav; Ying Sun; D. Drewry; T. Magney; D. Schimel; T. Kurosu
exclude,0.029,Lawrence Berkeley National Laboratory Recent Work Title Assessing fossil fuel CO 2 emissions in California using atmospheric observations and models,,2018,,0,H. Graven; M. Fischer; T. Lueker; S. Jeong; T. Guilderson; R. Keeling; R. Bambha; K. Brophy; Callahan; X. Cui; C. Frankenberg; K. Gurney; B. LaFranchi; S. Lehman; H. Michelsen; J. Miller; S. Newman; W. Paplawsky; N. Parazoo; C. Sloop; S. Walker
exclude,0.029,Remote sensing of methane and carbon dioxide point sources from space: lessons-learned and future prospects,,2018,,0,R. Duren; A. Thorpe; C. Frankenberg; Siraput Jongaramrungruang; S. Rao; K. Foster; V. Yadav; B. Bue; D. Thompson; Markus Foote; P. Dennison; R. Green; C. Miller
exclude,0.029,Contribution of tropical wetland and biomass burning emissions to the methane growth rate: new insights from lower tropospheric partial column retrievals,,2017,,0,Yi Yin; J. Worden; A. Bloom; C. Frankenberg
exclude,0.029,OCO-2 chlorophyll fluorescence tracks late-summer photosynthesis decrease due to water stress at Missouri Ozark site,,2017,,0,Liyin He; C. Frankenberg; J. Wood; Y. Sun
exclude,0.029,A Pilot Study to Evaluate California's Fossil Fuel CO 2 Emissions Using Atmospheric Observations,,2016,,0,H. Graven; M. Fischer; T. Lueker; T. Guilderson; K. Brophy; R. Keeling; T. Arnold; R. Bambha; W. Callahan; J. Campbell; X. Cui; C. Frankenberg; Y. Hsu; L. Iraci; Seongeun Jeong; Jooil Kim; B. LaFranchi; S. Lehman; A. Manning; H. Michelsen; John B. Miller; S. Newman; B. Paplawsky; N. Parazoo; C. Sloop; S. Walker; M. Whelan; D. Wunch
exclude,0.029,Consistency of SIF and EVI based GPP estimates over boreal evergreen needle leaf forests with atmospheric CO2 measurements,,2016,,0,B. Byrne; D. Wunch; Dylan B. A. Jones; K. Strong; F. Deng; C. Frankenberg
exclude,0.029,Attributing methane and carbon dioxide emissions from anthropogenic and natural sources using AVIRIS-NG,,2016,,0,A. Thorpe; C. Frankenberg; D. Thompson; R. Duren; A. Aubrey; B. Bue; R. Green; K. Gerilowksi; T. Krings; J. Borchardt; E. Kort; C. Sweeney; S. Conley; D. Roberts; P. Dennison; A. Ayasse
exclude,0.029,Mapping pan-Arctic CH 4 emissions using an adjoint method by integrating process-based wetland and lake biogeochemical models and atmospheric CH 4 concentrations,,2015,,0,Z. Tan; Q. Zhuang; D. Henze; C. Frankenberg; E. Dlugokencky; C. Sweeney; A. Turner
exclude,0.029,TOPDOWN 2015: A Multi-aircraft Assessment of Methane Emissions in the Four Corners Region,,2015,,0,E. Kort; M. L. Smith; A. Gvakharia; C. Sweeney; C. Frankenberg; S. Conley
exclude,0.029,Airborne passive remote sensing of large-scale methane emissions from oil fields in California's San Joaquin Valley and validation by airborne in-situ measurements - Initial results from COMEX,,2015,,0,K. Gerilowski; S. Krautwurst; D. Thompson; A. Thorpe; R. Kolyer; H. Jonsson; T. Krings; C. Frankenberg; M. Horstjann; I. Leifer; M. Eastwood; R. Green; S. Vigil; M. Fladeland; D. Schüttemeyer; J. Burrows; H. Bovensmann
exclude,0.029,Orbiting Carbon Observatory-2 (OCO-2) Cloud Screening; Validation Against Collocated MODIS and Initial Comparison to CALIOP Data,,2015,,0,A. Savtchenko; M. Gunson; D. Crisp; P. Partain; A. Chang; E. J. Rosenthal; C. Frankenberg; R. Nelson; A. Eldering; C. O’Dell; Heather Cronk; T. Taylor
exclude,0.029,Assimilation of atmospheric CH4 products,,2014,,0,S. Massart; A. Agustí-Panareda; I. Aben; A. Butz; F. Chevallier; C. Crevosier; R. Engelen; C. Frankenberg; O. Hasekamp
exclude,0.029,The added value of water isotopic measurements,,2014,,0,V. Gryazin; C. Risi; J. Jouzel; N. Kurita; J. Worden; C. Frankenberg; V. Bastrikov; K. Gribanov; O. Stukova
exclude,0.029,A Comparison of Aerosol Parameterizations in the ACOS X CO2 Retrieval Algorithm,,2014,,0,R. Nelson; C. O’Dell; D. Crisp; A. Eldering; C. Frankenberg; M. Gunson; V. Natraj; D. Fu
exclude,0.029,Remote Sensing of chlorophyll fluorescence and the impact of clouds on the retrival,,2013,,0,P. Köhler; L. Guanter; C. Frankenberg
exclude,0.029,Effet of instrument sensitivity on relationships between total-column δD and precipitable water,,2013,,0,C. Risi; D. Noone; C. Frankenberg; J. Worden
exclude,0.029,CO profiles from SCIAMACHY cloud slicing,,2013,,0,C. Liu; S. Beirle; T. Butler; P. Hoor; C. Frankenberg; P. Jöckel; M. P. D. Vries; U. Platt; A. Pozzer; M. Lawrence; J. Lelieveld; H. Tost; T. Wagner
exclude,0.029,Implementação de Técnica para a Detecção do Complexo QRS em Sinais de ECG,,2020,10.14209/sbrt.2020.1570644478,0,G. S. Lazaretti; Khaled Bakri; E. Kuhn; João Paulo Ramos Teixeira
exclude,0.0,Global and time-resolved monitoring of crop photosynthesis with chlorophyll fluorescence,Proceedings of the National Academy of Sciences of the United States of America,2014,10.1073/pnas.1320008111,1008,L. Guanter; Yongguang Zhang; M. Jung; J. Joiner; M. Voigt; J. Berry; C. Frankenberg; A. Huete; P. Zarco-Tejada; Jung‐Eun Lee; M. Moran; G. Ponce-Campos; C. Beer; Gustau Camps-Valls; N. Buchmann; D. Gianelle; K. Klumpp; A. Cescatti; J. Baker; T. Griffis
exclude,0.0,Linking chlorophyll a fluorescence to photosynthesis for remote sensing applications: mechanisms and challenges.,Journal of Experimental Botany,2014,10.1093/jxb/eru191,1004,A. Porcar-Castell; E. Tyystjärvi; J. Atherton; C. van der Tol; J. Flexas; E. Pfündel; J. Moreno; C. Frankenberg; J. Berry
exclude,0.0,An update on Earth's energy balance in light of the latest global observations,,2012,10.1038/ngeo1580,912,G. Stephens; Juilin Li; M. Wild; C. Clayson; N. Loeb; S. Kato; T. L’Ecuyer; P. Stackhouse; M. Lebsock; T. Andrews
exclude,0.0,CloudSat mission: Performance and early science after the first year of operation,,2008,10.1029/2008jd009982,907,G. Stephens; D. Vane; S. Tanelli; E. Im; S. Durden; M. Rokey; D. Reinke; P. Partain; G. Mace; R. Austin; T. L’Ecuyer; J. Haynes; M. Lebsock; Kentaroh Suzuki; D. Waliser; Dong L. Wu; J. Kay; A. Gettelman; Zhien Wang; R. Marchand
exclude,0.0,"Remote sensing of drought: Progress, challenges and opportunities",,2015,10.1002/2014rg000456,798,A. Aghakouchak; A. Farahmand; F. Melton; João Paulo Ramos Teixeira; Martha C. Anderson; B. Wardlow; C. Hain
exclude,0.0,Optical vegetation indices for monitoring terrestrial ecosystems globally,Nature Reviews Earth & Environment,2022,10.1038/s43017-022-00298-5,703,Yelu Zeng; D. Hao; A. Huete; Benjamin Dechant; J. Berry; J. M. Chen; J. Joiner; C. Frankenberg; B. Bond‐Lamberty; Youn-Mi Ryu; J. Xiao; G. Asrar; Min Chen
exclude,0.0,OCO-2 advances photosynthesis observation from space via solar-induced chlorophyll fluorescence,Science,2017,10.1126/science.aam5747,641,Ying Sun; C. Frankenberg; J. Wood; D. Schimel; M. Jung; L. Guanter; D. Drewry; D. Drewry; M. Verma; A. Porcar-Castell; T. Griffis; L. Gu; T. Magney; P. Köhler; Bradley S. Evans; K. Yuen
exclude,0.0,Observing terrestrial ecosystems and the carbon cycle from space,Global Change Biology,2015,10.1111/gcb.12822,489,D. Schimel; R. Pavlick; J. Fisher; G. Asner; S. Saatchi; P. Townsend; C. Miller; C. Frankenberg; K. Hibbard; P. Cox
exclude,0.0,Prospects for Chlorophyll Fluorescence Remote Sensing from the Orbiting Carbon Observatory-2,,2014,10.1016/j.rse.2014.02.007,473,C. Frankenberg; C. O’Dell; J. Berry; L. Guanter; J. Joiner; P. Köhler; R. Pollock; T. Taylor
exclude,0.0,Joint control of terrestrial gross primary productivity by plant phenology and physiology,Proceedings of the National Academy of Sciences of the United States of America,2015,10.1073/pnas.1413090112,387,J. Xia; S. Niu; P. Ciais; I. Janssens; Jiquan Chen; C. Ammann; A. Arain; P. Blanken; A. Cescatti; D. Bonal; N. Buchmann; P. Curtis; Shiping Chen; Jinwei Dong; L. Flanagan; C. Frankenberg; T. Georgiadis; C. Gough; D. Hui; G. Kiely; Jianwei Li; M. Lund; V. Magliulo; B. Marcolla; L. Merbold; Leonardo Montagnani; E. Moors; J. Olesen; S. Piao; A. Raschi; O. Roupsard; A. Suyker; M. Urbaniak; F. Vaccari; A. Varlagin; T. Vesala; M. Wilkinson; Ensheng Weng; G. Wohlfahrt; Liming Yan; Yiqi Luo
exclude,0.0,Contrasting carbon cycle responses of the tropical continents to the 2015–2016 El Niño,Science,2017,10.1126/science.aam5690,301,Junjie Liu; K. Bowman; D. Schimel; N. Parazoo; Zhe Jiang; Meemong Lee; A. Bloom; D. Wunch; C. Frankenberg; Ying Sun; O. ChristopherW.; Dell; Kevin Robert Gurney; D. Menemenlis; M. Gierach; David Crisp; A. Eldering
exclude,0.0,Drought onset mechanisms revealed by satellite solar‐induced chlorophyll fluorescence: Insights from two contrasting extreme events,,2015,10.1002/2015jg003150,292,Ying Sun; R. Fu; R. Dickinson; J. Joiner; C. Frankenberg; L. Gu; Youlong Xia; N. Fernando
exclude,0.0,The Orbiting Carbon Observatory-2 early science investigations of regional carbon dioxide fluxes,Science,2017,10.1126/science.aam5745,257,A. Eldering; P. Wennberg; D. Crisp; D. Schimel; M. Gunson; A. Chatterjee; Jian Liu; F. Schwandner; Ying Sun; C. O’Dell; C. Frankenberg; T. Taylor; B. Fisher; G. Osterman; D. Wunch; J. Hakkarainen; J. Tamminen; B. Weir
exclude,0.0,Application of satellite solar-induced chlorophyll fluorescence to understanding large-scale variations in vegetation phenology and function over northern high latitude forests,,2017,10.1016/j.rse.2016.11.021,230,Sujong Jeong; D. Schimel; C. Frankenberg; D. Drewry; Joshua B. Fisher; M. Verma; Joseph A. Berry; Jung‐Eun Lee; J. Joiner
exclude,0.0,Snowfall‐driven mass change on the East Antarctic ice sheet,,2012,10.1029/2012gl053316,177,C. Boening; M. Lebsock; F. Landerer; G. Stephens
exclude,0.0,NIRvP: a robust structural proxy for sun-induced chlorophyll fluorescence and photosynthesis across scales,Remote Sensing of Environment,2020,10.31223/x5zs35,170,Benjamin Dechant; Y. Ryu; Grayson Badgley; P. Köhler; U. Rascher; M. Migliavacca; Yongguang Zhang; G. Tagliabue; K. Guan; M. Rossini; Y. Goulas; Yelu Zeng; C. Frankenberg; J. Berry
exclude,0.0,Effect of environmental conditions on the relationship between solar‐induced fluorescence and gross primary productivity at an OzFlux grassland site,,2017,10.1002/2016jg003580,163,M. Verma; D. Schimel; Bradley J. Evans; C. Frankenberg; J. Beringer; D. Drewry; T. Magney; I. Marang; L. Hutley; C. Moore; A. Eldering
exclude,0.0,Assessing the benefit of satellite-based Solar-Induced Chlorophyll Fluorescence in crop yield prediction,International Journal of Applied Earth Observation and Geoinformation,2020,10.1016/j.jag.2020.102126,147,B. Peng; K. Guan; Wang Zhou; Chongya Jiang; C. Frankenberg; Ying Sun; Liyin He; P. Köhler
exclude,0.0,The Greenhouse Gas Climate Change Initiative (GHG-CCI): Comparison and quality assessment of near-surface-sensitive satellite-derived CO2 and CH4 global data sets,,2015,10.1016/j.rse.2013.04.024,131,M. Buchwitz; M. Reuter; O. Schneising; H. Boesch; S. Guerlet; B. Dils; I. Aben; R. Armante; P. Bergamaschi; T. Blumenstock; H. Bovensmann; D. Brunner; B. Buchmann; J. Burrows; A. Butz; A. Chédin; F. Chevallier; C. Crevoisier; N. Deutscher; C. Frankenberg; F. Hase; O. Hasekamp; J. Heymann; T. Kaminski; A. Laeng; G. Lichtenberg; M. Mazière; S. Noel; J. Notholt; J. Orphal; C. Popp; R. Parker; M. Scholze; R. Sussmann; G. Stiller; T. Warneke; C. Zehner; A. Bril; D. Crisp; D. Griffith; A. Kuze; C. O’Dell; S. Oshchepkov; V. Sherlock; H. Suto; P. Wennberg; D. Wunch; T. Yokota; Y. Yoshida
exclude,0.0,Status of high‐latitude precipitation estimates from observations and reanalyses,Journal of Geophysical Research - Atmospheres,2016,10.1002/2015jd024546,127,A. Behrangi; M. Christensen; Mark T. Richardson; M. Lebsock; Graeme L. Stephens; G. Huffman; D. Bolvin; R. Adler; Alex Gardner; Bjorn Lambrigtsen; Eric Fetzer
exclude,0.0,Multiscale analyses of solar‐induced florescence and gross primary production,,2017,10.1002/2016gl070775,123,J. Wood; T. Griffis; J. Baker; C. Frankenberg; M. Verma; K. Yuen
exclude,0.0,Connecting active to passive fluorescence with photosynthesis: a method for evaluating remote sensing measurements of Chl fluorescence.,New Phytologist,2017,10.1111/nph.14662,111,T. Magney; C. Frankenberg; J. Fisher; Ying Sun; G. North; T. S. Davis; A. Kornfeld; K. Siebke
exclude,0.0,An Update on the Oceanic Precipitation Rate and Its Zonal Distribution in Light of Advanced Observations from Space,,2014,10.1175/jcli-d-13-00679.1,110,A. Behrangi; G. Stephens; R. Adler; G. Huffman; B. Lambrigtsen; M. Lebsock
exclude,0.0,Interpreting seasonal changes in the carbon balance of southern Amazonia using measurements of XCO2 and chlorophyll fluorescence from GOSAT,,2013,10.1002/grl.50452,105,N. Parazoo; K. Bowman; C. Frankenberg; Jung‐Eun Lee; Joshua B. Fisher; J. Worden; Dylan B. A. Jones; J. Berry; G. Collatz; I. Baker; M. Jung; Junjie Liu; G. Osterman; C. O’Dell; Athena Sparks; A. Butz; S. Guerlet; Y. Yoshida; Huilin Chen; C. Gerbig
exclude,0.0,A Comparison of Precipitation Occurrence from the NCEP Stage IV QPE Product and theCloudSatCloud Profiling Radar,,2014,10.1175/jhm-d-13-048.1,90,M. Smalley; T. L’Ecuyer; M. Lebsock; J. Haynes
exclude,0.0,Tundra photosynthesis captured by satellite‐observed solar‐induced chlorophyll fluorescence,,2017,10.1002/2016gl070842,78,K. Luus; R. Commane; N. Parazoo; J. Benmergui; E. Euskirchen; C. Frankenberg; Joanna Joiner; J. Lindaas; C. E. Miller; W. Oechel; D. Zona; S. Wofsy; John C. Lin
exclude,0.0,Deconstructing the precipitation susceptibility construct: Improving methodology for aerosol-cloud precipitation studies,,2010,10.1029/2009jd013426,54,A. Sorooshian; G. Feingold; M. Lebsock; Hongli Jiang; G. Stephens
exclude,0.0,High Resolution Global Contiguous Solar‐Induced Chlorophyll Fluorescence (SIF) of Orbiting Carbon Observatory‐2 (OCO‐2),,2018,10.1029/2018gl081109,53,L. Yu; J. Wen; C. Y. Chang; C. Frankenberg; Ying Sun
exclude,0.0,Fire decline in dry tropical ecosystems enhances decadal land carbon sink,Nature Communications,2020,10.1038/s41467-020-15852-2,46,Yi Yin; A. Bloom; J. Worden; S. Saatchi; Yan Yang; Mat Williams; Junjie Liu; Zhe Jiang; H. Worden; K. Bowman; C. Frankenberg; D. Schimel
exclude,0.0,Aerosol effect on the warm rain formation process: Satellite observations and modeling,,2013,10.1002/jgrd.50043,45,Kentaroh Suzuki; G. Stephens; M. Lebsock
exclude,0.0,Global mean frequency increases of daily and sub-daily heavy precipitation in ERA5,Environmental Research Letters,2021,10.1088/1748-9326/ac0caa,45,M. Chinita; Mark Richardson; J. Teixeira; P. Miranda
exclude,0.0,CloudSat and CALIPSO within the A-Train: Ten Years of Actively Observing the Earth System,,2017,10.1175/bams-d-16-0324.1,42,Graeme L. Stephens; D. Winker; Jacques Pelon; C. Trepte; D. Vane; Cheryl Yuhas; T. L’Ecuyer; M. Lebsock
exclude,0.0,Arctic Observation and Reanalysis Integrated System: A New Data Product for Validation and Climate Study,,2016,10.1175/bams-d-14-00273.1,41,M. Christensen; A. Behrangi; T. L’Ecuyer; N. Wood; M. Lebsock; G. Stephens
exclude,0.0,LES approach for high Reynolds number wall-bounded flows with application to turbulent channel flow,Journal of Computational Physics,2008,10.1016/j.jcp.2008.04.015,40,C. Pantano; D. Pullin; P. Dimotakis; G. Matheou
exclude,0.0,"Extreme events driving year-to-year differences in gross primary
productivity across the US",Biogeosciences,2020,10.1002/essoar.10504378.1,40,A. Turner; P. Köhler; T. Magney; C. Frankenberg; I. Fung; R. Cohen
exclude,0.0,Marked Impacts of Pollution Mitigation on Crop Yields in China,Earth's Future,2022,10.1029/2022ef002936,39,Liyin He; Jing Wei; Yuan Wang; Quanbiao Shang; Junjie Liu; Yi Yin; C. Frankenberg; Jonathan H. Jiang; Zhanqing Li; Y. Yung
exclude,0.0,Solar Induced Chlorophyll Fluorescence,,2015,,39,C. Frankenberg
exclude,0.0,Regional Intensification of the Tropical Hydrological Cycle During ENSO,,2018,10.1029/2018gl077598,36,G. Stephens; M. Hakuba; M. Webb; M. Lebsock; Q. Yue; B. Kahn; S. Hristova-Veleva; A. Rapp; C. Stubenrauch; G. Elsaesser; J. Slingo
exclude,0.0,LES of an inclined sonic jet into a turbulent crossflow at Mach 3.6,,2011,10.1080/14685248.2010.522580,35,A. Ferrante; G. Matheou; P. Dimotakis
exclude,0.0,Preflight Spectral Calibration of the Orbiting Carbon Observatory 2,IEEE Transactions on Geoscience and Remote Sensing,2017,10.1109/tgrs.2016.2645614,35,R. Lee; C. O’Dell; D. Wunch; C. Roehl; G. Osterman; J. Blavier; R. Rosenberg; L. Chapsky; C. Frankenberg; Sarah L. Hunyadi-Lay; B. Fisher; D. Rider; D. Crisp; R. Pollock
exclude,0.0,Attributing differences of solar-induced chlorophyll fluorescence (SIF)-gross primary production (GPP) relationships between two C4 crops: corn and miscanthus,Agricultural and Forest Meteorology,2022,10.1016/j.agrformet.2022.109046,33,Genghong Wu; K. Guan; Chongya Jiang; H. Kimm; G. Miao; C. Bernacchi; C. Moore; E. Ainsworth; Xi Yang; J. Berry; C. Frankenberg; Min Chen
exclude,0.0,Gross primary production (GPP) and red solar induced fluorescence (SIF) respond differently to light and seasonal environmental conditions in a subalpine conifer forest,Agricultural and Forest Meteorology,2022,10.1016/j.agrformet.2022.108904,32,Julia C. Yang; T. Magney; L. Albert; A. Richardson; C. Frankenberg; J. Stutz; K. Grossmann; S. Burns; B. Seyednasrollah; P. Blanken; D. Bowling
exclude,0.0,Influence of ENSO and the NAO on terrestrial carbon uptake in the Texas‐northern Mexico region,,2015,10.1002/2015gb005125,32,N. Parazoo; E. Barnes; J. Worden; A. Harper; Kevin B. Bowman; C. Frankenberg; S. Wolf; M. Litvak; T. Keenan
exclude,0.0,Decomposing reflectance spectra to track gross primary production in a subalpine evergreen forest,Biogeosciences,2020,10.5194/bg-2020-41,31,Rui Cheng; T. Magney; D. Dutta; D. Bowling; B. Logan; S. Burns; P. Blanken; K. Grossmann; S. Lopez; A. Richardson; J. Stutz; C. Frankenberg
exclude,0.0,"Remote sensing of solar induced Chlorophyll Fluorescence from satellites, airplanes and ground-based stations",IEEE International Geoscience and Remote Sensing Symposium,2016,10.1109/igarss.2016.7729436,29,C. Frankenberg; D. Drewry; S. Geier; M. Verma; P. Lawson; J. Stutz; K. Grossmann
exclude,0.0,Tipping point in North American Arctic-Boreal carbon sink persists in new generation Earth system models despite reduced uncertainty,Environmental Research Letters,2023,10.1088/1748-9326/acb226,28,R. Braghiere; J. Fisher; K. Miner; C. Miller; J. Worden; D. Schimel; C. Frankenberg
exclude,0.0,Segmental durations predicted with a neural network,Interspeech,2003,10.21437/eurospeech.2003-91,24,João Paulo Ramos Teixeira; D. Freitas
exclude,0.0,Observational Constraint for Precipitation in Extratropical Cyclones: sensitivity to data sources,,2018,10.1175/jamc-d-17-0289.1,23,C. Naud; J. Booth; M. Lebsock; M. Grecu
exclude,0.0,"Phonetic events from the labeling the european portuguese database for speech synthesis, FEUP/IPBDB",Interspeech,2001,10.21437/eurospeech.2001-400,21,João Paulo Ramos Teixeira; D. Freitas; D. Braga; M. Barros; V. Latsch
exclude,0.0,"Two-Year Comparison of Airborne Measurements of CO2 and CH4 With GOSAT at Railroad Valley, Nevada",IEEE Transactions on Geoscience and Remote Sensing,2016,10.1109/tgrs.2016.2539973,17,Tomoak Tanaka; E. Yates; L. Iraci; Matthew S. Johnson; W. Gore; J. Tadić; M. Loewenstein; A. Kuze; C. Frankenberg; A. Butz; Y. Yoshida
exclude,0.0,"Analysis and Forecasting Incidence, Intensive Care Unit Admissions, and Projected Mortality Attributable to COVID-19 in Portugal, the UK, Germany, Italy, and France: Predictions for 4 Weeks Ahead",Bioengineering,2021,10.3390/bioengineering8060084,16,Kathleen Carvalho; J. Vicente; M. Jakovljevic; João Paulo Ramos Teixeira
exclude,0.0,"Global GOSAT, OCO-2 and OCO-3 Solar Induced Chlorophyll 1 Fluorescence Datasets 2",,2021,,15,R. Doughty; T. Kurosu; N. Parazoo; P. Köhler; Yujie Wang; 3. Ying; Sun; C. Frankenberg
exclude,0.0,New Methods for Measurements of Photosynthesis from Space,,2013,,15,C. Frankenberg
exclude,0.0,Acoustic Analysis of Chronic Laryngitis - Statistical Analysis of Sustained Speech Parameters,International Conference on Bio-inspired Systems and Signal Processing,2018,10.5220/0006586301680175,15,João Paulo Ramos Teixeira; J. Fernandes; F. Teixeira; P. Fernandes
exclude,0.0,Reply to Magnani et al.: Linking large-scale chlorophyll fluorescence observations with cropland gross primary production,Proceedings of the National Academy of Sciences of the United States of America,2014,10.1073/pnas.1406996111,14,L. Guanter; Yongguang Zhang; M. Jung; J. Joiner; M. Voigt; J. Berry; C. Frankenberg; A. Huete; P. Zarco-Tejada; Jung‐Eun Lee; M. Moran; G. Ponce-Campos; C. Beer; Gustau Camps-Valls; N. Buchmann; D. Gianelle; K. Klumpp; A. Cescatti; J. Baker; T. Griffis
exclude,0.0,"GriddingMachine, a database and software for Earth system modeling at global and regional scales",Scientific Data,2022,10.1038/s41597-022-01346-x,12,Yujie Wang; P. Köhler; R. Braghiere; M. Longo; R. Doughty; A. A. Bloom; C. Frankenberg
exclude,0.0,Verification of a fluid-dynamics solver using correlations with linear stability results,Journal of Computational Physics,2008,10.1016/j.jcp.2008.01.055,11,G. Matheou; C. Pantano; P. Dimotakis
exclude,0.0,Analysis of the relation between GPS tropospheric delay and intense precipitation,Remote Sensing,2013,10.1117/12.2028732,11,P. Benevides; J. Catalão; P. Miranda; M. Chinita
exclude,0.0,Mineral Luminescence Observed From Space,Geophysical Research Letters,2021,10.1029/2021gl095227,10,P. Köhler; W. Fischer; G. Rossman; J. Grotzinger; R. Doughty; Yujie Wang; Yi Yin; C. Frankenberg
exclude,0.0,Determination of Harmonic Parameters in Pathological Voices—Efficient Algorithm,Applied Sciences,2023,10.3390/app13042333,10,J. Fernandes; Diamantino Freitas; A. Júnior; João Paulo Ramos Teixeira
exclude,0.0,Impact of radiation variations on temporal upscaling of instantaneous Solar-Induced Chlorophyll Fluorescence,Agricultural and Forest Meteorology,2022,10.1016/j.agrformet.2022.109197,9,Rui Cheng; P. Köhler; C. Frankenberg
exclude,0.0,Response to Comment on “Contrasting carbon cycle responses of the tropical continents to the 2015–2016 El Niño”,Science,2018,10.1126/science.aat1211,9,Junjie Liu; K. W. Bowman; D. Schimel; N. Parazoo; Zhe Jiang; Meemong Lee; A. Bloom; D. Wunch; C. Frankenberg; Ying Sun; Chris W. O'Dell; Kevin Robert Gurney; D. Menemenlis; M. Gierach; D. Crisp; A. Eldering
exclude,0.0,Prediction of fujisaki model's phrase commands,Interspeech,2003,10.21437/eurospeech.2003-154,9,João Paulo Ramos Teixeira; D. Freitas; H. Fujisaki
exclude,0.0,Modelização paramétrica de sinais para aplicação em sistemas de conversão texto-fala,,1995,,7,João Paulo Ramos Teixeira
exclude,0.0,Correcting Biased Evaporation in CloudSat Warm Rain,IEEE Transactions on Geoscience and Remote Sensing,2017,10.1109/tgrs.2017.2722469,6,P. Kalmus; M. Lebsock
exclude,0.0,Special issue on remote sensing of greenhouse gas emissions,Remote Sensing of Environment,2022,10.1016/j.rse.2022.113069,6,A. Thorpe; P. Dennison; L. Guanter; C. Frankenberg; I. Aben
exclude,0.0,"High Resolution Global Contiguous SIF Estimates from OCO-2 SIF and MODIS, Version 2",,2021,10.3334/ornldaac/1863,6,L. Yu; J. Wen; C. Y. Chang; C. Frankenberg; Y. Sun
exclude,0.0,"L2 Daily Solar-Induced Fluorescence (SIF) from ERS-2 GOME, 1995-2003",,2019,10.3334/ornldaac/1758,6,J. Joiner; Y. Yoshida; P. Koehler; C. Frankenberg; N. Parazoo
exclude,0.0,Capturing complete spatial context in satellite observations of greenhouse gases,Optical Engineering + Applications,2016,10.1117/12.2238766,6,C. Miller; C. Frankenberg; A. Kuhnert; G. Spiers; A. Eldering; M. Rud; T. Pagano; Daniel W. Wilson; C. Brooks; D. Jaffe
exclude,0.0,Global Monitoring of Terrestrial Chlorophyll Fluorescence from Space: Status and Potential for Carbon Cycle Research,,2015,,6,L. Guanter; P. Koehler; S. Walther; Y. Zhang; J. Joiner; C. Frankenberg
exclude,0.0,Status of the CloudSat Mission,,2020,10.1007/978-3-030-24568-9_2,5,M. Lebsock; T. L’Ecuyer; N. Wood; J. Haynes; M. Smalley
exclude,0.0,Downscaled-GOME2-SIF,,2019,10.2905/21935ffc-b797-4bee-94da-8fec85b3f9e1,5,G. Duveiller; F. Filipponi; S. Walther; P. Köhler; C. Frankenberg; L. Guanter; A. Cescatti
exclude,0.0,Acceleration-driven variable-density turbulent flow,,2016,,4,Ilana Gat; G. Matheou; D. Chung; P. Dimotakis
exclude,0.0,Crosscutting Airborne Remote Sensing Technologies for Oil and Gas and Earth Science Applications,,2015,10.4043/25984-ms,4,A. Aubrey; C. Frankenberg; R. Green; M. Eastwood; D. Thompson; A. Thorpe
exclude,0.0,NEW MEASUREMENTS OF CHLOROPHYLL FLUORESCENCE WITH GOME-2 AND COMPARISONS WITH THE SEASONAL CYCLE OF GPP FROM FLUX TOWERS,,2014,,4,J. Joiner; Y. Yoshida; L. Guanter; R. Lindstrot; Max Voigt; M. Jung; A. Vasilkov; E. Middleton; K. Huemmrich; C. Tucker; C. Frankenberg; J. Berry; K. Schaefer; P. Koehler
exclude,0.0,Evaluation of a Segmental Durations Model for TTS,International Conference on Computational Processing of the Portuguese Language,2003,10.1007/3-540-45011-4_6,4,João Paulo Ramos Teixeira; D. Freitas
exclude,0.0,"L2 Solar-Induced Fluorescence (SIF) from SCIAMACHY, 2003-2012",,2021,10.3334/ornldaac/1871,3,J. Joiner; Y. Yoshida; P. Koehler; C. Frankenberg; N. Parazoo
exclude,0.0,Supporting Information for ”Global retrievals of solar induced chlorophyll ﬂuorescence with TROPOMI: ﬁrst results and inter-sensor comparison to OCO-2”,,2018,,3,P. Köhler; C. Frankenberg; T. Magney; L. Guanter; J. Joiner; J. Landgraf
exclude,0.0,PhotoSpec - Ground-based Remote Sensing of Solar-Induced Chlorophyll Fluorescence,,2015,,3,K. Grossmann; C. Frankenberg; U. Seibt; S. Hurlock; A. Pivovaroff; J. Stutz
exclude,0.0,The TROPOSIF global sun-induced fluorescence data set from the Sentinel-5P TROPOMI mission. TROPOSIF_L2B [Data set],,2021,10.5270/esa-s5p_innovation-sif-20180501_20210320-v2.1-202104,2,L. Guanter; C. Bacour; A. Schneider; I. Aben; T. V. Kempen; F. Maignan; C. Retscher; P. Köhler; C. Frankenberg; J. Joiner; Yu Shrike Zhang; Noveltis Troposif Team
exclude,0.0,Moisture availability mediates the relationship between terrestrial gross primary production and solar‐induced fluorescence: Insights from global scale variations,,2020,,2,Anping Chen; J. Mao; D. Ricciuto; J. Xiao; C. Frankenberg; Xing Li; P. Thornton; L. Gu; A. Knapp
exclude,0.0,D-81519 OCO-2 Algorithm Theoretical Basis Document IMAP-DOAS preprocessor,,2014,,2,C. Frankenberg
exclude,0.0,A formação em enfermagem de reabilitação em Portugal entre 1963 e 2005,Revista de Enfermagem Referência,2021,10.12707/rv20054,2,Nuno Correia; João Paulo Ramos Teixeira; Rafael Bernardes; P. Queirós
exclude,0.0,Alzheimer's electroencephalogram event scalp localization,Systems,2015,10.1109/nds.2015.7332640,2,P. Rodrigues; D. Freitas; João Paulo Ramos Teixeira
exclude,0.0,Evaluation of EEG spectral features in alzheimer disease discrimination,European Signal Processing Conference,2013,10.5281/zenodo.43596,2,P. Rodrigues; Bruno C. Bispo; D. Freitas; João Paulo Ramos Teixeira; A. Carreres
exclude,0.0,On the Use of Prosodic Labelling in Corpus-Based Linguistic Studies of Spontaneous Speech,"International Conference on Text, Speech and Dialogue",2003,10.1007/978-3-540-39398-6_55,2,D. Braga; D. Freitas; João Paulo Ramos Teixeira; Aldina Marques
exclude,0.0,FMCW radars at 95 and 183 GHz for planetary and earth science remote sensing,Global Symposium on Millimeter-Waves,2016,10.1109/gsmm.2016.7500330,1,K. Cooper; S. Durden; M. Choukroun; M. Lebsock; J. Siles; R. Monje; Choonsup Lee
exclude,0.0,Algae Blooms on the Greenland Ice Sheet Detected Through Solar-Induced Fluorescence,IEEE Transactions on Geoscience and Remote Sensing,2023,10.1109/tgrs.2023.3305194,1,C. Gerlein‐Safdi; P. Köhler; Shujie Wang; M. Flanner; G. Keppel‐Aleks; C. Frankenberg
exclude,0.0,FERTILIZATION EFFECTS ON VEGETATION PHOTOSYNTHESIS”,,2021,,1,C. Frankenberg; Yi Yin; B. Byrne; Liyin He; P. Gentine
exclude,0.0,"High Resolution Land Cover-Specific Solar-Induced Fluorescence, Midwestern USA, 2018",,2021,10.3334/ornldaac/1813,1,C. Wang; K. Guan; B. Peng; C. Jiang; J. Peng; G. Wu; C. Frankenberg; P. Koehler; X. Yang; Y. Cai; Y. Huang
exclude,0.0,Thermal fertilization of the high-latitude northern forests,,2020,10.1002/essoar.10503282.1,1,Junjie Liu; P. Wennberg; N. Parazoo; Yi Yin; C. Frankenberg
exclude,0.0,HIPPO model-satellite comparison,,2016,,1,C. Frankenberg; S. Kulawik; S. Wofsy; F. Chevallier; B. Daube; E. Kort; C. O’Dell; E. Olsen; G. Osterman
exclude,0.0,Overview of Global Monitoring of Terrestrial Chlorophyll Fluorescence from Space,,2016,,1,L. Guanter; Yongguang Zhang; P. Köhler; S. Walther; C. Frankenberg; J. Joiner
exclude,0.0,The GHG-CCI project of ESA's climate change initiative: Data products and application,,2016,,1,M. Buchwitz; M. Reuter; O. Schneising; H. Boesch; I. Aben; M. Alexe; P. Bergamaschi; H. Bovensmann; D. Brunner; B. Buchmann; J. Burrows; A. Butz; F. Chevallier; C. Crevoisier; M. Mazière; E. D. Wachter; R. Detmers; B. Dils; Liang Feng; C. Frankenberg; O. Hasekamp; W. Hewson; J. Heymann; S. Houweling; T. Kaminski; A. Laeng; T. V. Leeuwen; G. Lichtenberg; J. Marshall; S. Noel; J. Notholt; P. Palmer; R. Parker; A. Sundström; M. Scholze; G. Stiller; T. Warneke; C. Zehner
exclude,0.0,THE GREENHOUSE GAS PROJECT OF ESA’S CLIMATE CHANGE INITIATIVE (GHG-CCI): PHASE 2 ACHIEVEMENTS AND FUTURE PLANS,,2015,,1,M. Buchwitz; M. Reuter; O. Schneising; H. Boesch; I. Aben; M. Alexe; R. Armante; P. Bergamaschi; H. Bovensmann; D. Brunner; B. Buchmann; J. Burrows; A. Butz; F. Chevallier; A. Chédin; C. Crevoisier; M. Mazière; E. D. Wachter; R. Detmers; B. Dils; C. Frankenberg; S. Gonzi; P. Hahne; O. Hasekamp; W. Hewson; J. Heymann; S. Houweling; M. Hilker; T. Kaminski; G. Kuhlmann; A. Laeng; G. Lichtenberg; J. Marshall; S. Noël; J. Notholt; P. Palmer; R. Parker; M. Scholze; G. Stiller; T. Warneke; C. Zehner
exclude,0.0,OPTIMAL ESTIMATES OF GLOBAL TERRESTRIAL GROSS PRIMARY PRODUCTION FROM SATELLITE FLUORESCENCE AND DGVMS,,2014,,1,N. Parazoo; K. Bowman; J. Fisher; C. Frankenberg; Dylan B. A. Jones; A. Cescatti; Ó. Pérez-Priego; G. Wohlfahrt; Leonardo Montagnani
exclude,0.0,Calculations for chlorophyll fluorescence incorporated into the Community Land Model,,2014,,1,Jung‐Eun Lee; J. Berry; C. Tol; L. Guanter; A. Damm; I. Baker; C. Frankenberg
exclude,0.0,Smart Data Driven System for Pathological Voices Classification,OL2A,2022,10.1007/978-3-031-23236-7_29,1,J. Fernandes; Arnaldo Candido; Diamantino Freitas; João Paulo Ramos Teixeira
exclude,0.0,"Supporting material for ""Reappraisal of the effective radiative forcing of ozone-depleting substances""",,2020,10.5281/zenodo.3923155,1,Olaf Morgenstern; F. O’Connor; B. Johnson; G. Zeng; J. Mulcahy; Jonny H. T. Williams; João Paulo Ramos Teixeira; M. Michou; P. Nabat; L. Horowitz; V. Naik; L. T. Sentman; M. Deushi; S. Bauer; K. Tsigaridis; D. Shindell; D. Kinnison
exclude,0.0,Evaluation of a system for F0 contour prediction for european Portuguese,Interspeech,2005,10.21437/interspeech.2005-564,1,João Paulo Ramos Teixeira; D. Freitas; H. Fujisaki
exclude,0.0,A Project of Speech Input and Output in an E-commerce Application,PorTAL,2002,10.1007/3-540-45433-0_22,1,D. Freitas; António Moura; D. Braga; Hélder Ferreira; João Paulo Ramos Teixeira; M. Barros; Paulo Gouveia; V. Latsch
exclude,0.0,Variable length coding of transformed LSF coefficients,EUROSPEECH,1999,10.21437/eurospeech.1999-375,1,João Paulo Ramos Teixeira; Elisabete Rosa Paulo; D. Freitas; M. Pinto
exclude,0.0,Comment on gmd-2022-162 Anonymous Referee,,2022,,0,M. Chinita; Mikael Witte; M. Kurowski; J. Teixeira; K. Suselj; G. Matheou
exclude,0.0,WindBots: A Concept for Persistent In Situ Science Explorers for Gas Giants,,2018,10.1007/978-3-319-73845-1_12,0,A. Stoica; V. Adumitroaie; M. Quadrelli; G. Matheou; M. Witek; Marco Cipolato; Marco Dolci; J. Roggeveen; K. Petersen; K. Andreyeva; Hunter Hall; Benjamin Donitz; Leon Kim
exclude,0.0,"on Stratified Flows , 1 ( 1 )",,2017,,0,Ilana Gat; G. Matheou; D. Chung; P. Dimotakis
exclude,0.0,WindBots: Robotic In-Situ Science Explorers for Jupiter,,2016,,0,A. Stoica; V. Adumitroaie; M. Quadrelli; G. Matheou; M. Witek; Marco Dolci; J. Roggeveen; K. Andreyeva; K. Petersen; Marco Cipolato; W. Engblom; A. Ingersoll; P. Marcus
exclude,0.0,A buoyancy-adjusted extension of the stretched-vortex subgrid-scale model,,2010,,0,D. Chung; G. Matheou
exclude,0.0,Fluid dynamics code verification based on linear stability analysis,,2005,,0,G. Matheou; C. Pantano; P. Dimotakis
exclude,0.0,G-Band Radar Demonstration for Microphysics Field Campaign Report,,2025,10.2172/3018525,0,M. Lebsock; R. Rodriguez-Monje; K. Cooper
exclude,0.0,Reply on RC2,,2021,10.5194/amt-2021-111-ac2,0,M. Lebsock
exclude,0.0,Reply on RC1,,2021,10.5194/amt-2021-111-ac1,0,M. Lebsock
exclude,0.0,Validation of the Vapor In-cloud Profiling Radar,,2020,,0,M. Lebsock
exclude,0.0,referee comment,,2020,10.5194/amt-2020-80-rc2,0,M. Lebsock
exclude,0.0,formal review,,2018,10.5194/acp-2018-697-rc1,0,M. Lebsock
exclude,0.0,Response to reviewers Response to Reviewer # 1,,2018,,0,M. Lebsock
exclude,0.0,Dynamically driven super C-C intensification of the tropical hydrological cycle,,2017,,0,M. Hakuba; G. Stephens; B. Kahn; Q. Yue; M. Lebsock; S. Hristova-Veleva; A. Rapp; C. Stubenrauch
exclude,0.0,A MAGIC error budget of CloudSat warm marine rain,,2016,,0,P. Kalmus; M. Lebsock
exclude,0.0,Using CloudSat and the A-Train for Model Evaluation,,2013,,0,M. Lebsock; Kenta Suzuki; G. Stephens
exclude,0.0,Complementary information from TRMM and CloudSat to improve our global estimate of precipitation,,2013,,0,A. Behrangi; G. Stephens; R. Adler; G. Huffman; B. Lambrigtsen; M. Lebsock
exclude,0.0,On Precipitation in the Southeastern Pacific Marine Subsidence Region,,2012,,0,A. Rapp; M. Lebsock; T. L’Ecuyer
exclude,0.0,Understanding Aerosol Effects on Precipitation using the Precipitation Susceptibility Construct,,2009,,0,A. Sorooshian; G. Feingold; M. Lebsock; H. Jiang; G. Stephens
exclude,0.0,A dual-frequency (W-band and G-band) radar optimal estimation framework to retrieve drizzle properties more accurately,,,,0,Juan M. Socuéllamos; M. Lebsock; Raquel Rodriguez Monje; M. Kurowski; Derek J. Posselt; Robert M. Beauchamp
exclude,0.0,Comment on bg-2022-84 Anonymous,,2022,,0,C. Frankenberg
exclude,0.0,Technical note: Photosynthetic capacity estimation is dependent on model assumptions,,2022,,0,Yujie Wang; C. Frankenberg
exclude,0.0,Investigation of Urban Vegetative Fluxes of Carbon Dioxide over the Greater Toronto and Hamilton Area,,2022,10.1002/essoar.10510330.1,0,Sabrina Madsen; D. Wunch; M. A. Arain; C. Frankenberg; P. Koehler; C. Rogers; R. Staebler; F. Vogel; Dien Wu
exclude,0.0,"Supplementary material to ""Testing stomatal models at stand level in deciduous angiosperm and evergreen gymnosperm forests using CliMA Land (v0.1)""",,2021,10.5194/gmd-2021-154-supplement,0,Yujie Wang; P. Köhler; Liyin He; R. Doughty; R. Braghiere; J. Wood; C. Frankenberg
exclude,0.0,Physical and ecophysiological controls on the relationship between solar-induced chlorophyll fluorescence and gross primary productivity across diurnal and seasonal scales in the boreal forest,,2021,10.1002/essoar.10509279.1,0,Z. Pierrat; T. Magney; N. Parazoo; K. Grossmann; Bruce Johnson; A. Barr; J. Bortnik; A. Norton; A. Maguire; D. Bowling; U. Seibt; C. Frankenberg; J. Stutz
exclude,0.0,Comment on bg-2021-37,,2021,10.5194/bg-2021-37-rc2,0,C. Frankenberg
exclude,0.0,Comment on amt-2020-433,,2021,10.5194/amt-2020-433-rc2,0,C. Frankenberg
exclude,0.0,Solar-Induced Chlorophyll Fluorescence at Red,,2020,,0,P. Köhler; M. Behrenfeld; J. Landgraf; J. Joiner; T. Magney; C. Frankenberg
exclude,0.0,"Supplementary material to ""Wide Discrepancies in the Magnitude and Direction of Modelled SIF in Response to Light Conditions""",,2020,10.5194/bg-2019-508-supplement,0,N. Parazoo; T. Magney; A. Norton; B. Raczka; C. Bacour; F. Maignan; Ian Baker; Yongguang Zhang; Bo Qiu; M. Shi; N. Macbean; D. Bowling; S. Burns; P. Blanken; J. Stutz; K. Grossman; C. Frankenberg
exclude,0.0,Supplementary Materials for “Observed impacts of COVID-19 on urban CO 2 emissions”,,2020,,0,A. Turner; Jinsol Kim; H. Fitzmaurice; Catherine Newman; K. Worthington; Katherine Chan; P. Wooldridge; P. K¨ohler; C. Frankenberg; R. C. Cohen
exclude,0.0,TROPOMI solar-induced chlorophyll fluorescence improves the monitoring of crop productivity,,2019,,0,Liyin He; C. Frankenberg; K. Guan; T. Magney; P. Koehler; V. Humphrey; Y. Sun; D. Lobell
exclude,0.0,Evaluation of Carotenoid Pigment Indices from High Resolution Satellites to Track the Photosynthetic Seasonality in Evergreen Forests,,2019,,0,R. Cheng; T. Magney; D. Bowling; P. Koehler; A. Richardson; C. Frankenberg
exclude,0.0,An optimized high spatial resolution fluorescence dataset to better understand terrestrial ecosystem dynamics of productivity,,2019,,0,G. Duveiller; F. Filipponi; S. Walther; C. Frankenberg; Philipp Kölher; L. Guanter; A. Cescatti
exclude,0.0,"Satellite-based dry-season SIF, greenness, and GPP of moist Amazonian forests during ENSO events using GOME-2, TROPOMI, OCO-2, and MODIS",,2019,,0,R. Doughty; X. Xiao; P. Koehler; T. Magney; C. Frankenberg; X. Wu; Y. Qin; Y. Zhang; B. Moore
exclude,0.0,Review of Oshio et al 0-level offset GOSAT paper,,2019,10.5194/amt-2019-234-rc2,0,C. Frankenberg
exclude,0.0,"CLM Simulated Solar-Induced Fluorescence, Niwot Ridge, Colorado, USA, 1998-2018",,2019,10.3334/ornldaac/1720,0,B. Raczka; A. Porcar-Castell; T. Magney; Jung‐Eun Lee; P. Koehler; C. Frankenberg; K. Grossmann; B. Logan; J. Stutz; P. Blanken; S. Burns; H. Duarte; Xi Yang; John C. Lin; D. Bowling
exclude,0.0,Review,,2019,10.5194/amt-2019-240-rc1,0,C. Frankenberg
exclude,0.0,Thermal fertilization of the boreal forest contributes about half to the increase of CO2 seasonal amplitude over the northern hemisphere since 1960s,,2019,,0,J. Liu; P. Wennberg; N. Parazoo; C. Frankenberg; Y. Yin
exclude,0.0,PhotoSpec - Comprehensive Ground-Based Studies of Solar-Induced Chlorophyll Fluorescence: From the New Methods for Measurements of Photosynthesis from Space Study,,2018,,0,C. Frankenberg; D. Drewry; J. Stutz
exclude,0.0,SIF Comparisons of TROPOMI Data with GOME-2 over Tropical Regions,,2018,,0,Y. Yoshida; J. Joiner; P. Köhler; C. Frankenberg; L. Guanter; N. Parazoo
exclude,0.0,Adding the datasets to the long-term satellite-based Solar-Induced Fluorescence (SIF) record,,2018,,0,J. Joiner; Y. Yoshida; P. Koehler; C. Frankenberg; L. Guanter; N. Parazoo
exclude,0.0,MODIS-based gross primary productivity and GPP phenology for Arctic and boreal ecosystems,,2018,,0,R. Yu; G. Hmimina; K. Huemmrich; D. Billesbach; A. Lyapustin; Y. Wang; C. Frankenberg; P. Koehler; Z. Xu; J. Gamon
exclude,0.0,Assimilation of fluorescence products to constrain gross primary production in the terrestrial biosphere model ORCHIDEE,,2018,,0,F. Maignan; C. Bacour; N. Macbean; P. Peylin; V. Bastrikov; M. Disney; J. Flexas; C. Frankenberg; J. Gómez-Dans; L. Guanter; J. Joiner; P. Köhler; P. Lewis; A. Porcar-Castell
exclude,0.0,On the joint use of solar-induced fluorescence (SIF) and spectrally resolved reflectance to track light use efficiency at a subalpine evergreen forest,,2018,,0,R. Cheng; T. Magney; D. Dutta; D. Bowling; B. Logan; C. Frankenberg
exclude,0.0,Eye in the sky offers clearest vision of Earth,Nature,2017,10.1038/550301a,0,Junjie Liu; K. Bowman; D. Schimel; N. Parazoo; Zhe Jiang; Meemong Lee; A. Bloom; D. Wunch; C. Frankenberg; Ying Sun; O. ChristopherW.; Dell; K. Gurney; D. Menemenlis; M. Gierach; D. Crisp; A. Eldering
exclude,0.0,Comparison of several satellite-derived Sun-Induced Fluorescence products,,2017,,0,C. Bacour; F. Maignan; N. Macbean; P. Köhler; M. Vountas; N. Khosravi; L. Guanter; J. Joiner; C. Frankenberg; P. Somkuti; P. Peylin
exclude,0.0,Drivers and variability of the Chl fluorescence emission spectrum from the leaf through the canopy,,2017,,0,T. Magney; C. Frankenberg; K. Grossman; P. Koehler; G. North; A. Porcar-Castell; J. Stutz; J. Fisher
exclude,0.0,Seasonality of photosynthesis of a Rocky Mountain subalpine forest: implications for SIF as a metric for GPP,,2017,,0,D. Bowling; P. Blanken; S. Burns; C. Frankenberg; K. Grossman; John C. Lin; B. Logan; T. Magney; A. Richardson; J. Stutz; D. Aubrecht
exclude,0.0,Drivers and variability of Chl fluorescence emission spectra from the leaf to canopy,,2017,,0,T. Magney; C. Frankenberg; Katja Grobmann; P. Köhler; J. Stutz; J. Fisher; G. North; Ying Sun; D. Bowling; S. Burns; A. Porcar-Castell
exclude,0.0,Detecting regional carbon-climate feedbacks in the Arctic,,2016,,0,N. Parazoo; C. Koven; C. Miller; R. Commane; S. Wofsy; C. Frankenberg; K. Luus
exclude,0.0,"The Aliso Canyon super-emitter: inital results of observations by AVIRIS-C and the Hyperion Spacecraft, with implications for global spectroscopic CH4 monitoring",,2016,,0,D. Thompson; A. Thorpe; C. Frankenberg; R. Green; R. Duren; A. Aubrey; L. Guanter; A. Hollstein; E. Middleton; L. Ong; S. Ungar
exclude,0.0,OCO-2 Solar-induced Fluorescence Data Portal and Applications to Crop Yield Estimation,,2016,,0,A. Zhai; J. Jiang; C. Frankenberg; Y. Yung; Y. S. Choi
exclude,0.0,"Spectral dependence of SIF: assessing the relationships among photosynthesis, active, and passive fluorescence at the leaf-scale",,2016,,0,T. Magney; C. Frankenberg; J. Fisher; Ying Sun; G. North; T. S. Davis
exclude,0.0,Spectroscopic detection and monitoring of environmental hazards,,2016,,0,D. Thompson; R. Green; A. Thorpe; C. Frankenberg; R. Duren; C. Miller; E. Middleton; S. Ungar; L. Guanter; A. Hollstein
exclude,0.0,Applications of Solar Induced Fluorescence (SIF) to Constrain Global Photosynthesis,,2015,,0,N. Parazoo; C. Frankenberg; K. Bowman
exclude,0.0,Carbon cycle relevant measurements with the TROPOMI instrument on the Sentinel 5 Precursor mission,,2015,,0,I. Aben; J. A. D. Brugh; Haili Hu; T. Borsdorff; R. Scheepmaker; R. V. Hees; M. Krijger; P. Tol; R. Hoogeveen; A. Butz; C. Frankenberg; L. Guanter; P. Koehler; S. Houweling; O. Hasekamp; P. Veefkind; J. Landgraf
exclude,0.0,Using a multi-scale approach to identify and quantify oil and gas emissions: a case study for GHG emissions verification,,2015,,0,C. Sweeney; E. Kort; C. Rella; S. Conley; A. Karion; T. Lauvaux; C. Frankenberg
exclude,0.0,Validation of GOSAT data products; interim report on the GOSAT/TANSO Project,,2015,,0,D. Crisp; A. Eldering; M. Gunson; C. Frankenberg; B. Fisher; G. Osterman; C. Miller; V. Payne; C. Bruegge; F. Schwandner; C. O’Dell; T. Taylor; P. Wennberg
exclude,0.0,Comparing observations of fossil fuel-derived CO 2 in California with predictions from bottom-up inventories,,2015,,0,H. Graven; T. Lueker; M. Fischer; T. Guilderson; R. Keeling; K. Brophy; T. Arnold; R. Bambha; W. Callahan; J. Campbell; C. Frankenberg; Y. Hsu; L. Iraci; Seongeun Jeong; J. Kim; B. LaFranchi; S. Lehman; A. Manning; H. Michelsen; J. Miller; S. Newman; N. Parazoo; C. Sloop; S. Walker; M. Whelan; D. Wunch
exclude,0.0,Validation and attribution of solar induced fluorescence (SIF) from OCO-2: first results,,2015,,0,M. Verma; D. Schimel; C. Frankenberg; D. Drewry; A. Eldering; M. Gunson; Bradley J. Evans; J. Beringer; L. Hutley; C. Moore; I. Marang
exclude,0.0,Seasonal decoupling between vegetation greenness and function over northern high latitude forests,,2014,,0,S. Jeong; D. Schimel; C. Frankenberg; D. Drewry; J. Fisher; M. Verma; J. Berry; J. Lee; J. Joiner; L. Guanter
exclude,0.0,Top-down Constraints on Combustion Characteristics During the 2010 South America Drought Fires.,,2014,,0,A. Bloom; J. Worden; Z. Jiang; C. Frankenberg; T. Kurosu; F. Landerer; D. Schimel
exclude,0.0,A Preliminary Assessment of Orbiting Carbon Observatory-2 (OCO-2) Measurements Using TCCON Data,,2014,,0,P. Wennberg; B. Fisher; C. Roehl; D. Wunch; G. Osterman; A. Eldering; B. Naylor; H. Nguyen; L. Mandrake; C. O’Dell; C. Frankenberg; V. Natraj; T. Taylor; M. Smyth; D. Crisp; H. Pollock; V. Payne; M. Gunson; R. Salawitch
exclude,0.0,Filling Gaps in Global Data Sets: The Role of New Vegetation Remote Sensing Data Products,,2014,,0,D. Schimel; J. Fisher; R. Pavlick; S. Saatchi; G. Asner; C. Frankenberg; P. Townsend
exclude,0.0,The carbon cycle response of the Amazon forest during the 2010 drought in dynamic global vegetation models,,2014,,0,A. Harper; P. Friedlingstein; S. Sitch; P. Cox; Chris D. Jones; A. Arneth; A. Arvanitis; P. Ciais; C. Frankenberg; A. Jain; Etsushi Kato; S. Levis; N. Parazoo; B. Poulter; B. Stocker; A. Wiltshire; S. Zaehle
exclude,0.0,Tropical forest response to elevated CO 2 : Model-experiment integration at the AmazonFACE site.,,2014,,0,C. Frankenberg; J. Berry; L. Guanter; J. Joiner
exclude,0.0,Linkages Between Terrestrial Carbon Uptake and Interannual Climate Variability over the Texas-northern Mexico High Plains,,2014,,0,N. Parazoo; E. Barnes; J. Worden; A. Harper; K. Bowman; C. Frankenberg
exclude,0.0,"Estimating Tropical Asian carbon fluxes from GOSAT, CONTRAIL and IASI",,2014,,0,S. Basu; A. Butz; M. Krol; C. Frankenberg; C. Clerbaux; T. Machida; O. Hasekamp; I. Aben
exclude,0.0,First glimpse of solar induced chlorophyll fluorescence (SIF) from the Orbiting Carbon Observatory-2.,,2014,,0,C. Frankenberg; C. O’Dell
exclude,0.0,Evaluation of terrestrial primary production using biosphere models and space-based measurements of fluorescence,,2013,,0,N. Parazoo; Kevin R. Bowman; C. Frankenberg; S. Sitch; J. Fisher; D. Jones; P. Friedlingstein; B. Poulter
exclude,0.0,Overview and Analysis of ACOS B3.4 XCO2,,2013,,0,C. O’Dell; I. Polonsky; C. Frankenberg; D. Crisp; A. Eldering; M. Gunson; D. Wunch; P. Wennberg; S. Basu; F. Chevallier
exclude,0.0,First Version of a Support System for the Medical Diagnosis of Pathologies in the Larynx,International Joint Conference on Biomedical Engineering Systems and Technologies,2022,10.1007/978-3-031-38854-5_1,0,J. Fernandes; Diamantino Freitas; João Paulo Ramos Teixeira
exclude,0.0,Voice Pathologies The Most Comum Features and Classification Tools,,2022,,0,Joana Filipa; Teixeira Fernandes; Diamantino Freitas; João Paulo Ramos Teixeira
exclude,0.0,Voice Pathologies : The Most Comum Features and Classification Tools,Iberian Conference on Information Systems and Technologies,2021,10.23919/cisti52073.2021.9476466,0,Joana Filipa Teixeira Fernandes; D. Freitas; João Paulo Ramos Teixeira
exclude,0.0,Pure-tone Audiogram - Measuring Auditory Sensitivity over the Age,International Conference on Biomedical Electronics and Devices,2013,10.5220/0004328802930296,0,João Paulo Ramos Teixeira; P. Fernandes
exclude,0.0,Estudo da estrutura do campo do vapor de água em tempestades severas em Portugal Continental,,2013,,0,M. Chinita
