suggested_action,relevance,title,venue,year,doi,citations_s2,authors
recommend,0.349,A Catchment‐Based Hydrologic and Routing Modeling System with explicit river channels,,2008,10.1029/2007jd009691,25,Gopi Goteti; J. Famiglietti; K. Asante
recommend,0.326,"Estimating the relative impact of measurement, parameter, and flow law errors on discharge from the Surface Water and Ocean Topography mission",Journal of Hydrometeorology,2022,10.1175/jhm-d-22-0078.1,10,R. Frasson; M. Turmon; M. Durand; C. David
recommend,0.302,Will the Surface Water and Ocean Topography (SWOT) Satellite Mission Observe Floods?,Geophysical Research Letters,2019,10.1029/2019gl084686,56,R. Frasson; G. Schumann; A. Kettner; G. Brakenridge; W. Krajewski
recommend,0.279,The Surface Water and Ocean Topography (SWOT) Mission River Database (SWORD): A Global River Network for Satellite Data Products,Water Resources Research,2021,10.1029/2021wr030054,187,E. Altenau; T. Pavelsky; M. Durand; Xiao Yang; R. Frasson; Liam Bendezu
recommend,0.279,Estimating River Discharge With Swath Altimetry: A Proof of Concept Using AirSWOT Observations,Geophysical Research Letters,2019,10.1029/2018gl080771,62,S. Tuozzolo; G. Lind; B. Overstreet; J. Mangano; M. Fonstad; M. Hagemann; R. Frasson; K. Larnier; P. Garambois; J. Monnier; M. Durand
recommend,0.279,Characterizing water surface elevation under different flow conditions for the upcoming SWOT mission,Journal of Hydrology,2018,10.1016/j.jhydrol.2018.04.046,38,A. Domeneghetti; G. Schumann; R. Frasson; R. Wei; T. Pavelsky; A. Castellarin; A. Brath; M. Durand
recommend,0.279,Satellite Requirements to Capture Water Propagation in Earth's Rivers,Reviews of Geophysics,2025,10.1029/2024rg000871,11,A. Cerbelaud; C. David; T. Pavelsky; S. Biancamaria; P. Garambois; C. Kittel; F. Papa; P. Bates; M. Tourian; M. Durand; R. Frasson; H. Oubanas; M. Simard; G. Schumann; G. Allen; A. Tarpanelli; S. Wongchuig; J. Wade; M. Tom; Philippe Malaterre; C. Gleason; J. Crétaux; K. Nielsen; O. Elmi; C. Schwatke; D. Scherer; L. Gal; A. Paris; A. Dasgupta; S. Munier; D. Feng; P. Bauer‐Gottwein; F. Hossain; D. Yamazaki; B. Kitambo; S. Mischel; M. Bonnema; K. Verma; K. Andreadis; N. Picot; J. Benveniste
recommend,0.279,A Large-Scale Evaluation of SWOT-Derived Water Surface Elevations: Precision Drivers and Strategies to Enhance Data Availability,Remote Sensing,2026,10.3390/rs18101609,1,Thiago Lappicy; Daniel Beltrão; L. Sales; T. Almeida; G. G. Pessoa; S. Souza; R. Frasson; R. Cicerelli
recommend,0.256,Modeling large‐scale inundation of Amazonian seasonally flooded wetlands,,2007,10.1029/2007gl030156,257,Matthew D. Wilson; P. Bates; D. Alsdorf; B. Forsberg; M. Horritt; J. Melack; F. Frappart; J. Famiglietti
recommend,0.256,How well will the Surface Water and Ocean Topography (SWOT) mission observe global reservoirs?,,2014,10.1002/2015wr017952,64,K. Solander; J. Reager; J. Famiglietti
recommend,0.256,Observing Rivers With Varying Spatial Scales,Water Resources Research,2019,10.1029/2019wr026476,25,E. Rodríguez; M. Durand; R. Frasson
recommend,0.256,Enhancing SWOT discharge assimilation through spatiotemporal correlations,,2019,10.1016/j.rse.2019.111450,23,Yuan Yang; P. Lin; C. Fisher; M. Turmon; J. Hobbs; C. Emery; J. Reager; C. David; Hui Lu; Kun Yang; Yang Hong; E. Wood; M. Pan
recommend,0.256,Anticipated Improvements to River Surface Elevation Profiles From the Surface Water and Ocean Topography Mission,Frontiers in Earth Science,2019,10.3389/feart.2019.00102,19,T. Langhorst; T. Pavelsky; R. Frasson; R. Wei; A. Domeneghetti; E. Altenau; M. Durand; J. Minear; K. Wegmann; M. Fuller
recommend,0.256,A Kalman Filter Approach for Estimating Daily Discharge Using Space‐Based Discharge Estimates,Water Resources Research,2025,10.1029/2024wr037667,4,Siqi Ke; M. Tourian; N. Sneeuw; R. Frasson; R. Paiva; M. Durand; C. Gleason; O. Elmi; P. Malaterre; C. David
recommend,0.233,GRACE‐based Mass Conservation as a Validation Target for Basin‐Scale Evapotranspiration in the Contiguous United States,Water Resources Research,2020,10.1029/2019wr026594,45,M. Pascolini‐Campbell; J. Reager; J. Fisher
recommend,0.233,Using the Surface Water and Ocean Topography Mission Data to Estimate River Bathymetry and Channel Roughness,,2021,10.1016/b978-0-12-819412-6.00005-5,6,R. Frasson
recommend,0.233,The Potential of SWOT River Discharge Estimates to Constrain Hydrological Processes Globally in Ungaged Basins,IEEE International Geoscience and Remote Sensing Symposium,2020,10.1109/igarss39084.2020.9323156,4,M. Durand; C. Gleason; R. Frasson; T. Pavelsky
recommend,0.233,Detecting Water‐Surface Superelevation in Meandering Rivers Using Surface Water and Ocean Topography (SWOT) Satellite Data,Geophysical Research Letters,2026,10.1029/2025gl119167,2,Tasneem Haq Meem; B. Rhoads; Jida Wang; R. Frasson
recommend,0.233,"A Methodological Framework to Combine Multiple Precipitation Datasets for Improving Streamflow Simulations: A test study in the Saskatchewan River basin, Canada",,2020,10.5194/egusphere-egu2020-12547,0,Jefferson S. Wong; Fuad Yassin; J. Famiglietti
recommend,0.233,High Precision Altimetry Using Spaceborne Grazing Angle GNSS-Reflectometry Over Tonlé Sap Lake,IEEE Journal of Selected Topics in Applied Earth Observations and Remote Sensing,2026,10.1109/jstars.2026.3662584,0,Ieee Margaret Scott Graduate Student Member; Alexa Putnam; Ieee Rashmi Shah Senior Member; Cédric H. David; J. Minear; C. Roesler; Ieee Y. Jade Morton Fellow; Y. Jade
recommend,0.209,Basin scale estimates of evapotranspiration using GRACE and other observations,,2004,10.1029/2004gl020873,500,M. Rodell; J. Famiglietti; Jianli Chen; S. Seneviratne; P. Viterbo; S. Holl; C. Wilson
recommend,0.209,Recent Changes in Land Water Storage and its Contribution to Sea Level Variations,Surveys in geophysics,2016,10.1007/s10712-016-9399-6,98,Y. Wada; J. Reager; B. Chao; Jida Wang; M. Lo; Chunqiao Song; YuWen Li; A. Gardner
recommend,0.209,ET-WB: water-balance-based estimations of terrestrial evaporation over global land and major global basins,Earth System Science Data,2023,10.5194/essd-15-4571-2023,34,Jinghua Xiong; Li Xu; H. Chandanpurkar; J. Famiglietti; Chong Zhang; G. Ghiggi; Shenglian Guo; Yun Pan; B. Vishwakarma
recommend,0.209,GRACE satellite observations reveal the severity of recent water over-consumption in the United States,Scientific Reports,2017,10.1038/s41598-017-07450-y,32,K. Solander; J. Reager; Y. Wada; J. Famiglietti; R. Middleton
recommend,0.209,On the Desiccation of the South Aral Sea Observed from Spaceborne Missions,Remote Sensing,2018,10.3390/rs10050793,29,Alka Singh; A. Behrangi; J. Fisher; J. Reager
recommend,0.209,Drought Cascade in the Terrestrial Water Cycle: Evidence From Remote Sensing,Geophysical Research Letters,2021,10.1029/2021gl093482,27,A. Farahmand; J. Reager; N. Madani
recommend,0.209,Characterization of Basin-Scale Dynamic Storage–Discharge Relationship Using Daily GRACE Based Storage Anomaly Data,Géosciences,2020,10.3390/geosciences10100404,8,D. Sharma; S. Patnaik; B. Biswal; J. Reager
recommend,0.186,Groundwater depletion in the Middle East from GRACE with implications for transboundary water management in the Tigris-Euphrates-Western Iran region,Water Resources Research,2013,10.1002/wrcr.20078,757,K. Voss; J. Famiglietti; M. Lo; C. Linage; M. Rodell; S. Swenson
recommend,0.186,Improving parameter estimation and water table depth simulation in a land surface model using GRACE water storage and estimated base flow data,,2010,10.1029/2009wr007855,141,M. Lo; J. Famiglietti; P. Yeh; T. Syed
recommend,0.186,Characteristic mega-basin water storage behavior using GRACE,Water Resources Research,2013,10.1002/wrcr.20264,74,J. Reager; J. Famiglietti
recommend,0.186,Constraining water table depth simulations in a land surface model using estimated baseflow,,2008,10.1016/j.advwatres.2008.06.007,47,M. Lo; P. Yeh; J. Famiglietti
recommend,0.186,GRACE storage-runoff hystereses reveal the dynamics of regional watersheds,,2015,10.5194/hess-19-3253-2015,45,E. Sproles; E. Sproles; E. Sproles; S. Leibowitz; J. Reager; P. J. Wigington; J. Famiglietti; S. Patil
recommend,0.186,An Open-Source Tool to Facilitate the Processing of GRACE Observations and GLDAS Outputs: An Evaluation in Bangladesh,Frontiers in Environmental Science,2019,10.3389/fenvs.2019.00155,33,A. Purdy; C. David; M. S. Sikder; J. Reager; H. Chandanpurkar; N. Jones; M. Matin
recommend,0.186,Statistical prediction of terrestrial water storage changes in the Amazon Basin using tropical Pacific and North Atlantic sea surface temperature anomalies,,2014,10.5194/hess-18-2089-2014,30,C. Linage; J. Famiglietti; J. Randerson
recommend,0.186,Model-data fusion of hydrologic simulations and GRACE terrestrial water storage observations to estimate changes in water table depth,Advances in Water Resources,2019,10.1016/j.advwatres.2019.04.004,25,D. Stampoulis; J. Reager; C. David; K. Andreadis; J. Famiglietti; T. Farr; A. Trangsrud; R. Basilio; J. Sabo; G. Osterman; P. Lundgren; Zhen Liu
recommend,0.186,Quantifying Groundwater's Contribution to Regional Environmental‐Flows in Diverse Hydrologic Landscapes,Water Resources Research,2023,10.1029/2022wr033153,15,C. Mohan; T. Gleeson; T. Forstner; J. Famiglietti; Inge E. M. de Graaf
recommend,0.186,Influence of Nonseasonal River Discharge on Sea Surface Salinity and Height,Journal of Advances in Modeling Earth Systems,2022,10.1029/2021ms002715,13,H. Chandanpurkar; Tong Lee; Xiaochun Wang; Hong Zhang; S. Fournier; I. Fenty; I. Fukumori; D. Menemenlis; C. Piecuch; J. Reager; O. Wang; J. Worden
recommend,0.186,The impact of spatial resolution on inland water quality monitoring from space,Environmental Research Communications,2024,10.1088/2515-7620/ad7dd8,10,R. Frasson; David R. Ardila; Joshua Pease; Erin L. Hestir; Courtney Bright; Nick Carter; Arnold G. Dekker; David R. Thompson; Robert O. Green; Alex Held
recommend,0.186,Poor correlation between large-scale environmental flow violations and freshwater biodiversity: implications for water resource management and the freshwater planetary boundary,Hydrology and Earth System Sciences,2022,10.5194/hess-26-6247-2022,9,C. Mohan; T. Gleeson; J. Famiglietti; Vili Virkki; M. Kummu; M. Porkka; L. Wang‐Erlandsson; Xander Huggins; D. Gerten; S. Jähnig
recommend,0.186,ExEP yield modeling tool and validation test results,Optical Engineering + Applications,2017,10.1117/12.2274468,7,R. Morgan; M. Turmon; C. Delacroix; D. Savransky; Daniel Garrett; P. Lowrance; Xiangkun Liu; P. Nuñez
recommend,0.186,How Well Can We Estimate River Discharge Based on the Surface Water and Ocean Topography (SWOT) Mission Observations? The Ungaged Basin Scenario.,,2019,,0,H. Oubanas; R. Frasson; K. Larnier; C. Gleason; M. Durand
recommend,0.186,Land–Ocean Pathways Linking Indo‐Pacific Sea Surface Temperature Variability to Tropical Atlantic Coastal Salinity,Journal of Geophysical Research - Oceans,2026,10.1029/2025jc023816,0,S. Jarugula; S. Fournier; J. Reager; M. Pascolini‐Campbell
recommend,0.163,Global sea-level budget 1993–present,Earth System Science Data,2018,10.5194/essd-10-1551-2018,517,A. Cazenave; B. Meyssignac; M. Ablain; M. Balmaseda; J. Bamber; V. Barletta; B. Beckley; J. Benveniste; E. Berthier; A. Blazquez; T. Boyer; D. Cáceres; D. Chambers; N. Champollion; B. Chao; Jianli Chen; Lijing Cheng; J. Church; S. Chuter; J. Cogley; S. Dangendorf; D. Desbruyères; P. Döll; C. Domingues; U. Falk; J. Famiglietti; L. Fenoglio-Marc; R. Forsberg; Gaia Galassi; A. Gardner; A. Groh; B. Hamlington; A. Hogg; M. Horwath; V. Humphrey; L. Husson; M. Ishii; A. Jaeggi; S. Jevrejeva; G. Johnson; N. Kolodziejczyk; J. Kusche; K. Lambeck; F. Landerer; P. Leclercq; B. Legrésy; E. Leuliette; W. Llovel; L. Longuevergne; B. Loomis; S. Luthcke; M. Marcos; B. Marzeion; C. Merchant; M. Merrifield; G. Milne; G. Mitchum; Yara Mohajerani; M. Monier; D. Monselesan; S. Nerem; H. Palanisamy; F. Paul; B. Pérez; C. Piecuch; R. Ponte; S. Purkey; J. Reager; R. Rietbroek; E. Rignot; R. Riva; D. Roemmich; L. Sørensen; I. Sasgen; E. Schram; S. Seneviratne; C. Shum; G. Spada; D. Stammer; R. V. D. Wal; I. Velicogna; K. Schuckmann; Y. Wada; Yiguo Wang; C. Watson; D. Wiese; S. Wijffels; R. Westaway; G. Wöppelmann; B. Wouters
recommend,0.163,Recent global decline in endorheic basin water storages,Nature Geoscience,2018,10.1038/s41561-018-0265-7,406,Jida Wang; Chunqiao Song; J. Reager; Fangfang Yao; J. Famiglietti; Y. Sheng; G. MacDonald; F. Brun; H. Schmied; R. Marston; Y. Wada
recommend,0.163,Uncertainty in global groundwater storage estimates in a Total Groundwater Stress framework,Water Resources Research,2015,10.1002/2015wr017351,218,A. Richey; B. Thomas; M. Lo; J. Famiglietti; S. Swenson; M. Rodell
recommend,0.163,Detection of Continental Hydrology and Glaciology Signals from GRACE: A Review,,2008,10.1007/s10712-008-9048-9,218,G. Ramillien; J. Famiglietti; J. Wahr
recommend,0.163,Total basin discharge for the Amazon and Mississippi River basins from GRACE and a land‐atmosphere water balance,,2005,10.1029/2005gl024851,202,T. Syed; J. Famiglietti; Jianli Chen; M. Rodell; S. Seneviratne; P. Viterbo; C. Wilson
recommend,0.163,Downscaling GRACE Remote Sensing Datasets to High-Resolution Groundwater Storage Change Maps of California's Central Valley,Remote Sensing,2018,10.3390/rs10010143,145,M. Miro; J. Famiglietti
recommend,0.163,"Global Relationships Between River Width, Slope, Catchment Area, Meander Wavelength, Sinuosity, and Discharge",Geophysical Research Letters,2019,10.1029/2019gl082027,132,R. Frasson; T. Pavelsky; M. Fonstad; Michael T. Durand; George H. Allen; G. Schumann; C. Lion; R. Edward Beighley; Xiao Yang
recommend,0.163,A novel approach to monitoring wetland dynamics using CYGNSS: Everglades case study,Remote Sensing of Environment,2019,10.1016/j.rse.2019.111417,106,M. Morris; C. Chew; J. Reager; R. Shah; C. Zuffada
recommend,0.163,Fresh Submarine Groundwater Discharge to the Near‐Global Coast,Geophysical Research Letters,2019,10.1029/2019gl082749,105,YaoQuan Zhou; A. Sawyer; C. David; J. Famiglietti
recommend,0.163,Satellite observations of terrestrial water storage provide early warning information about drought and fire season severity in the Amazon,,2013,10.1002/jgrg.20046,88,Yang Chen; I. Velicogna; J. Famiglietti; J. Randerson
recommend,0.163,"Seasonal global mean sea level change from satellite altimeter, GRACE, and geophysical models",,2005,10.1007/s00190-005-0005-9,76,Jianli Chen; C. Wilson; B. Tapley; J. Famiglietti; M. Rodell
recommend,0.163,Utilizing combined deviations of precipitation and GRACE-based terrestrial water storage as a metric for drought characterization: A case study over major Indian river basins,Journal of Hydrology,2019,10.1016/j.jhydrol.2019.02.053,75,D. Sinha; T. Syed; J. Reager
recommend,0.163,Global Estimates of River Flow Wave Travel Times and Implications for Low‐Latency Satellite Data,,2018,10.1029/2018gl077914,63,G. Allen; C. David; K. Andreadis; F. Hossain; J. Famiglietti
recommend,0.163,GMD Perspective: the quest to improve the evaluation of groundwater representation in continental to global scale models,,2021,10.5194/gmd-2021-97,61,T. Gleeson; Thorsten Wagener; P. Döll; S. Zipper; C. West; Y. Wada; Richard Taylor; B. Scanlon; R. Rosolem; S. Rahman; Nurudeen Oshinlaja; R. Maxwell; M. Lo; Hyungjun Kim; M. Hill; A. Hartmann; G. Fogg; J. Famiglietti; A. Ducharne; I. Graaf; M. Cuthbert; L. Condon; E. Bresciani; M. Bierkens
recommend,0.163,Remote Sensing of Groundwater: Current Capabilities and Future Directions,Water Resources Research,2022,10.1029/2022wr032219,59,Kyra H. Adams; J. Reager; P. Rosen; D. Wiese; T. Farr; S. Rao; B. Haines; D. Argus; Zhen Liu; Ryann Smith; J. Famiglietti; M. Rodell
recommend,0.163,Origin of interannual variability in global mean sea level,Proceedings of the National Academy of Sciences of the United States of America,2020,10.1073/pnas.1922190117,45,B. Hamlington; C. Piecuch; J. Reager; H. Chandanpurkar; T. Frederikse; R. Nerem; J. Fasullo; S. Cheon
recommend,0.163,Assessing Water Balance Closure Using Multiple Data Assimilation and Remote Sensing-Based Datasets for Canada,Journal of Hydrometeorology,2021,10.1175/jhm-d-20-0131.1,25,Jefferson S. Wong; Xuebin Zhang; S. Gharari; R. Shrestha; H. Wheater; J. Famiglietti
recommend,0.163,CARDAMOM-FluxVal Version 1.0: a FLUXNET-based Validation System for CARDAMOM Carbon and Water Flux Estimates,Geoscientific Model Development,2021,10.5194/gmd-2021-190,22,Yan Yang; A. Bloom; Shuang Ma; P. Levine; A. Norton; N. Parazoo; J. Reager; J. Worden; G. R. Quetin; T. Smallman; Mat Williams; Liang; Xu; S. Saatchi
recommend,0.163,A High‐Resolution Land Data Assimilation System Optimized for the Western United States,JAWRA Journal of the American Water Resources Association,2021,10.1111/1752-1688.12910,20,J. Erlingis; M. Rodell; C. Peters-Lidard; Bailing Li; Sujay V. Kumar; J. Famiglietti; S. Granger; J. Hurley; Pang‐Wei Liu; D. Mocko
recommend,0.163,Global partitioning of runoff generation mechanisms using remote sensing data,Hydrology and Earth System Sciences,2019,10.5194/hess-24-1415-2020,4,J. Lucey; J. Reager; S. Lopez
recommend,0.163,Impacts of river segmentation strategies on reach-averaged product uncertainties for the upcoming Surface Water and Ocean Topography (SWOT) mission,,2016,,0,R. Frasson; R. Wei; J. Minear; S. Tuozzolo; A. Domeneghetti; M. Durand
recommend,0.163,Reduced Uncertainties from Multifrequency Constraints on Terrestrial Carbon and Water Processes,IEEE International Geoscience and Remote Sensing Symposium,2019,10.1109/igarss.2019.8898581,0,V. Meyer; A. Bloom; M. Burgin; J. Reager; R. Shah; A. Konings
review,0.14,Satellites measure recent rates of groundwater depletion in California's Central Valley,,2011,10.1029/2010gl046442,861,J. Famiglietti; M. Lo; S. L. Ho; J. Bethune; K. Anderson; T. Syed; S. Swenson; C. Linage; M. Rodell
review,0.14,Estimating groundwater storage changes in the Mississippi River basin (USA) using GRACE,,2007,10.1007/s10040-006-0103-7,667,M. Rodell; Jianli Chen; H. Kato; J. Famiglietti; J. Nigro; C. Wilson
review,0.14,Groundwater depletion during drought threatens future water security of the Colorado River Basin,Geophysical Research Letters,2014,10.1002/2014gl061055,340,S. Castle; B. Thomas; J. Reager; M. Rodell; S. Swenson; J. Famiglietti
review,0.14,A comparison of terrestrial water storage variations from GRACE with in situ measurements from Illinois,,2006,10.1029/2006gl026962,236,S. Swenson; P. Yeh; J. Wahr; J. Famiglietti
review,0.14,Illuminating water cycle modifications and Earth system resilience in the Anthropocene,Water Resources Research,2020,10.1029/2019wr024957,163,T. Gleeson; L. Wang‐Erlandsson; M. Porkka; S. Zipper; F. Jaramillo; D. Gerten; I. Fetzer; Sarah E. Cornell; L. Piemontese; Line J. Gordon; J. Rockström; T. Oki; M. Sivapalan; Y. Wada; K. Brauman; M. Flörke; M. Bierkens; Bernhard Lehner; Patrick Keys; M. Kummu; Thorsten Wagener; S. Dadson; Tara J. Troy; Will Steffen; M. Falkenmark; J. Famiglietti
review,0.14,Groundwater rejuvenation in parts of India influenced by water-policy change implementation,Scientific Reports,2017,10.1038/s41598-017-07058-2,149,S. Bhanja; A. Mukherjee; M. Rodell; Y. Wada; Siddhartha Chattopadhyay; I. Velicogna; K. Pangaluru; J. Famiglietti
review,0.14,Estimating profile soil moisture and groundwater variations using GRACE and Oklahoma Mesonet soil moisture data,,2008,10.1029/2007wr006057,134,S. Swenson; J. Famiglietti; J. Basara; J. Wahr
review,0.14,Hotspots for social and ecological impacts from freshwater stress and storage loss,Nature Communications,2022,10.1038/s41467-022-28029-w,127,Xander Huggins; T. Gleeson; M. Kummu; S. Zipper; Y. Wada; T. Troy; J. Famiglietti
review,0.14,Terrestrial water mass load changes from Gravity Recovery and Climate Experiment (GRACE),,2006,10.1029/2005wr004255,113,K. Seo; C. Wilson; J. Famiglietti; Jianli Chen; M. Rodell
review,0.14,Assimilation of GRACE Terrestrial Water Storage Observations into a Land Surface Model for the Assessment of Regional Flood Potential,Remote Sensing,2015,10.3390/rs71114663,93,J. Reager; Alys C. Thomas; E. Sproles; M. Rodell; H. Beaudoing; Bailing Li; J. Famiglietti
review,0.14,Automated River Reach Definition Strategies: Applications for the Surface Water and Ocean Topography Mission,,2017,10.1002/2017wr020887,60,R. Frasson; R. Wei; M. Durand; J. Minear; A. Domeneghetti; G. Schumann; B. Williams; E. Rodríguez; Christophe Picamilh; C. Lion; T. Pavelsky; P. Garambois
review,0.14,Predicting flood damage probability across the conterminous United States,Environmental Research Letters,2022,10.1088/1748-9326/ac4f0f,50,Elyssa L. Collins; G. Sanchez; A. Terando; Charles C. Stillwell; H. Mitásová; A. Sebastian; R. Meentemeyer
review,0.14,Groundwater deeper than 500 m contributes less than 0.1% of global river discharge,Communications Earth & Environment,2023,10.1038/s43247-023-00697-6,31,G. Ferguson; J. McIntosh; S. Jasechko; Ji‐Hyun Kim; J. Famiglietti; J. McDonnell
review,0.14,Optimal estimation of snow and ice surface parameters from imaging spectroscopy measurements,,2021,10.5194/egusphere-egu21-14359,30,Niklas Bohn; D. Thompson; N. Carmon; J. Susiluoto; M. Turmon; M. Helmlinger; R. Green; J. Cook; L. Guanter
review,0.14,Retrieving global surface soil moisture from GRACE satellite gravity data,,2020,10.1016/j.jhydrol.2020.124717,30,M. Sadeghi; Lun Gao; A. Ebtehaj; J. Wigneron; W. Crow; J. Reager; A. Warrick
review,0.14,Evaluation of global land-to-ocean fresh water discharge and evapotranspiration using space-based observations,,2009,10.1016/j.jhydrol.2009.05.014,26,K. Seo; D. Waliser; B. Tian; B. Tian; J. Famiglietti; T. Syed
review,0.14,Using GRACE in a streamflow recession to determine drainable water storage in the Mississippi River basin,Hydrology and Earth System Sciences,2019,10.5194/hess-23-3269-2019,24,H. Ehalt Macedo; R. Beighley; C. David; J. Reager
review,0.14,Using big data analytics to synthesize research domains and identify emerging fields in urban climatology,WIREs Climate Change,2020,10.1002/wcc.688,17,Fei Huo; Li Xu; Yanping Li; J. Famiglietti; Zhenhua Li; Y. Kajikawa; Fei Chen
review,0.14,Cascading Dynamics of the Hydrologic Cycle in California Explored through Observations and Model Simulations,Géosciences,2020,10.3390/geosciences10020071,16,E. Massoud; M. Turmon; J. Reager; J. Hobbs; Zhen Liu; C. David
review,0.14,"An Evaluation of Remotely Sensed and In Situ Data Sufficiency for SGMA‐Scale Groundwater Studies in the Central Valley, California",JAWRA Journal of the American Water Resources Association,2021,10.1111/1752-1688.12898,16,Kyra H. Kim; Zhen Liu; M. Rodell; H. Beaudoing; E. Massoud; James Kitchens; M. Dudek; P. Saylor; Forrest Corcoran; J. Reager
review,0.14,Satellite hydrology observations as operational indicators of forecasted fire danger across the contiguous United States,,2020,10.5194/nhess-20-1097-2020,12,A. Farahmand; E. N. Stavros; J. Reager; A. Behrangi; J. Randerson; B. Quayle
review,0.14,Information content of soil hydrology in a west Amazon watershed as informed by GRACE,Hydrology and Earth System Sciences,2022,10.5194/hess-26-1407-2022,10,E. Massoud; A. Bloom; M. Longo; J. Reager; P. Levine; J. Worden
review,0.14,The Salinity of Coastal Waters as a Bellwether for Global Water Cycle Changes,Geophysical Research Letters,2023,10.1029/2023gl106684,6,S. Fournier; J. Reager; H. Chandanpurkar; M. Pascolini‐Campbell; S. Jarugula
review,0.14,"Satellite Hydrology Observations as Operational Indicators of Forecasted
Fire Danger across the Contiguous United States",,2019,10.5194/nhess-2019-129,5,A. Farahmand; E. N. Stavros; J. Reager; A. Behrangi; J. Randerson; B. Quayle
review,0.14,"Information content of soil hydrology in the Amazon as informed by
GRACE",,2021,10.5194/hess-2021-104,2,E. Massoud; A. A. Bloom; Marcos Longo; J. Reager; Paul A. Levine; John R. Worden
review,0.14,Revisiting Sub‐Surface Drought Cascades With Daily Satellite Observations of Soil Moisture and Terrestrial Water Storage,Water Resources Research,2025,10.1029/2024wr039321,1,Daniel Blank; Annette Eicker; J. Reager; A. Güntner
review,0.14,"Modeling water flow, depth and inundation extent over the rivers of the Contiguous US within a Catchment-based Land Surface Modeling Framework",,2011,,0,Z. Liu; C. David; J. Famiglietti
review,0.14,"Expected Performance of the Upcoming Surface Water and Ocean Topography Mission Measurements of River Height, Width, and Slope",,2017,,0,R. Wei; R. Frasson; B. Williams; E. Rodriguez; T. Pavelsky; E. Altenau; M. Durand
review,0.14,California Reservoir Drought Sensitivity and Exhaustion Risk Using Statistical Graphical Models,,2016,,0,Armeen Taeb; J. Reager; M. Turmon; V. Chandrasekaran
review,0.116,Low degree spherical harmonic influences on Gravity Recovery and Climate Experiment (GRACE) water storage estimates,,2005,10.1029/2005gl022964,191,Jianli Chen; M. Rodell; C. Wilson; J. Famiglietti
review,0.116,"Separation of large scale water storage patterns over Iran using GRACE, altimetry and hydrological data",,2014,10.1016/j.rse.2013.09.025,178,E. Forootan; R. Rietbroek; J. Kusche; M. Sharifi; J. Awange; M. Schmidt; P. Omondi; J. Famiglietti
review,0.116,CYGNSS data map flood inundation during the 2017 Atlantic hurricane season,Scientific Reports,2018,10.1038/s41598-018-27673-x,156,C. Chew; J. Reager; E. Small
review,0.116,Attenuation effect on seasonal basin-scale water storage changes from GRACE time-variable gravity,,2007,10.1007/s00190-006-0104-2,123,Jianli Chen; C. Wilson; J. Famiglietti; M. Rodell
review,0.116,Urban flood modeling with porous shallow-water equations: A case study of model errors in the presence of anisotropic porosity,,2015,10.1016/j.jhydrol.2015.01.059,121,Byung-Hyun Kim; B. Sanders; J. Famiglietti; V. Guinot
review,0.116,Interannual variations of river water storage from a multiple satellite approach: A case study for the Rio Negro River basin,,2008,10.1029/2007jd009438,118,F. Frappart; F. Papa; J. Famiglietti; C. Prigent; W. Rossow; F. Seyler
review,0.116,Global Estimates of Reach‐Level Bankfull River Width Leveraging Big Data Geospatial Analysis,Geophysical Research Letters,2020,10.1029/2019gl086405,64,P. Lin; M. Pan; G. Allen; R. Frasson; Zhenzhong Zeng; Dai Yamazaki; E. Wood
review,0.116,GMD perspective: The quest to improve the evaluation of groundwater representation in continental- to global-scale models,Geoscientific Model Development,2021,10.5194/gmd-14-7545-2021,60,T. Gleeson; T. Wagener; P. Döll; S. Zipper; C. West; Y. Wada; Richard Taylor; B. Scanlon; R. Rosolem; S. Rahman; Nurudeen Oshinlaja; Reed Maxwell; M. Lo; Hyungjun Kim; M. Hill; A. Hartmann; G. Fogg; J. Famiglietti; A. Ducharne; Inge E. M. de Graaf; M. Cuthbert; L. Condon; E. Bresciani; M. Bierkens
review,0.116,Development of a hydrometeorological forcing data set for global soil moisture estimation,,2005,10.1002/joc.1203,56,Aaron A. Berg; J. Famiglietti; M. Rodell; R. Reichle; U. Jambor; S. Holl; Paul R. Houser
review,0.116,Validation of Simulated Runoff From Six Terrestrial Ecosystem Models: Results From Vemap,,2004,10.1890/02-5287,55,W. Gordon; J. Famiglietti; N. Fowler; T. Kittel; K. Hibbard
review,0.116,"Tracking sea surface salinity and dissolved oxygen on a river-influenced, seasonally stratified shelf, Mississippi Bight, northern Gulf of Mexico",Continental Shelf Research,2018,10.1016/j.csr.2018.09.009,53,B. Dzwonkowski; S. Fournier; J. Reager; Scott P. Milroy; Kyeong Park; A. Shiller; A. Greer; I. Soto; S. L. Dykstra; V. Sanial
review,0.116,The power of forecasts to advance ecological theory,Methods in Ecology and Evolution,2022,10.1111/2041-210x.13955,48,Abigail S. L. Lewis; Christine R. Rollinson; A. Allyn; J. Ashander; S. Brodie; Cole B. Brookson; Elyssa L. Collins; M. Dietze; Amanda S. Gallinat; Noel P D Juvigny-Khenafou; Gerbrand Koren; D. McGlinn; H. Moustahfid; Jody A. Peters; N. Record; C. J. Robbins; J. Tonkin; G. Wardle
review,0.116,Using GRACE to estimate snowfall accumulation and assess gauge undercatch corrections in high latitudes.,Journal of Climate,2018,10.1175/jcli-d-18-0163.1,41,A. Behrangi; A. Gardner; J. Reager; J. Fisher; Daqing Yang; G. Huffman; R. Adler
review,0.116,A High-Resolution Data Assimilation Framework for Snow Water Equivalent Estimation across the Western United States and Validation with the Airborne Snow Observatory,Journal of Hydrometeorology,2019,10.1175/jhm-d-18-0009.1,36,C. Oaida; J. Reager; K. Andreadis; C. David; S. Levoe; T. Painter; K. Bormann; A. Trangsrud; M. Girotto; J. Famiglietti
review,0.116,Glacier Ice Surface Properties in South‐West Greenland Ice Sheet: First Estimates From PRISMA Imaging Spectroscopy Data,Journal of Geophysical Research - Biogeosciences,2021,10.1029/2021jg006718,24,Niklas Bohn; B. Di Mauro; R. Colombo; D. Thompson; J. Susiluoto; N. Carmon; M. Turmon; L. Guanter
review,0.116,"Ocean mass, sterodynamic effects, and vertical land motion largely explain US coast relative sea level rise",Communications Earth & Environment,2021,10.1038/s43247-021-00300-w,24,T. Harvey; B. Hamlington; T. Frederikse; R. Nerem; C. Piecuch; W. Hammond; G. Blewitt; P. Thompson; D. Bekaert; F. Landerer; J. Reager; Robert E Kopp; H. Chandanpurkar; I. Fenty; D. Trossman; J. Walker; C. Boening
review,0.116,Separating decadal global water cycle variability from sea level rise,Scientific Reports,2017,10.1038/s41598-017-00875-5,21,B. Hamlington; J. Reager; M. Lo; K. Karnauskas; R. Leben
review,0.116,Uncertainty quantification for a global imaging spectroscopy surface composition investigation,,2020,10.1016/j.rse.2020.112038,20,N. Carmon; D. Thompson; Niklas Bohn; J. Susiluoto; M. Turmon; P. Brodrick; D. Connelly; A. Braverman; K. Cawse-Nicholson; R. Green; M. Gunson
review,0.116,"Intercomparison of In-Situ and Remote Sensing Salinity Products in the Gulf of Mexico, a River-Influenced System",Remote Sensing,2018,10.3390/rs10101590,20,J. Vazquez-Cuervo; S. Fournier; B. Dzwonkowski; J. Reager
review,0.116,GRACE‐FO and ECOSTRESS Synergies Constrain Fine‐Scale Impacts on the Water Balance,Geophysical Research Letters,2021,10.1029/2021gl093984,17,M. Pascolini‐Campbell; J. Fisher; J. Reager
review,0.116,The Seasonality of Global Land and Ocean Mass and the Changing Water Cycle,Geophysical Research Letters,2021,10.1029/2020gl091248,16,H. Chandanpurkar; J. Reager; J. Famiglietti; R. Nerem; D. Chambers; M. Lo; B. Hamlington; T. Syed
review,0.116,Developing spring wheat in the Noah-MP land surface model (v4.4) for growing season dynamics and responses to temperature stress,Geoscientific Model Development,2023,10.5194/gmd-16-3809-2023,15,Zhe Zhang; Yanping Li; Fei Chen; P. Harder; W. Helgason; J. Famiglietti; Prasanth Valayamkunnath; Cenlin He; Zhenhua Li
review,0.116,HESS Opinions: Improving the evaluation of groundwater representation in continental to global scale models,,2019,10.5194/hess-2020-378,15,T. Gleeson; T. Wagener; P. Döll; S. Zipper; C. West; Y. Wada; R. Taylor; B. Scanlon; R. Rosolem; S. Rahman; Nurudeen Oshinlaja; R. Maxwell; M. Lo; Hyungjun Kim; M. Hill; A. Hartmann; G. Fogg; J. Famiglietti; A. Ducharne; Inge E. M. de Graaf; M. Cuthbert; L. Condon; E. Bresciani; M. Bierkens
review,0.116,Global Terrestrial Water Storage Reconstruction Using Cyclostationary Empirical Orthogonal Functions (1979-2020),Remote Sensing,2022,10.3390/rs14225677,10,H. Chandanpurkar; B. Hamlington; J. Reager
review,0.116,Spatially interactive modeling of land change identifies location-specific adaptations most likely to lower future flood risk,Scientific Reports,2023,10.1038/s41598-023-46195-9,9,G. Sanchez; A. Petrasova; Megan M. Skrip; Elyssa L. Collins; Margaret A Lawrimore; John B. Vogler; Adam J. Terando; Jelena Vukomanovic; H. Mitásová; R. Meentemeyer
review,0.116,Engaging the User Community for Advancing Societal Applications of the Surface Water Ocean Topography Mission,,2017,10.1175/bams-d-17-0161.1,8,F. Hossain; M. Srinivasan; C. Peterson; A. Andral; E. Beighley; E. Anderson; R. Amini; C. Birkett; D. Bjerklie; Cheryl Ann Blain; Selma Cherchali; Cédric H. David; B. Doorn; J. Escurra; L. Fu; C. Frans; J. Fulton; Subhrendu Gangopadhay; Subimal Ghosh; C. Gleason; M. Gosset; J. Hausman; G. Jacobs; John T. Jones; Y. Kaheil; B. Laignel; P. Le Moigne; Li Li; F. Lefèvre; R. Mason; A. Mehta; A. Mukherjee; A. Nguy-Robertson; S. Ricci; A. Paris; T. Pavelsky; N. Picot; G. Schumann; S. Shrestha; P. Le Traon; E. Trehubenko
review,0.116,Large Scale Variability of Ground Water Storage: the Mississippi River Basin (Invited),,2010,,3,M. Rodell; T. Townsend; J. Famiglietti; Bailing Li; Jack Nigro
review,0.116,How Well Will the Surface Water and Ocean Topography Mission Measure Water Surface Heights and Slopes in Complex Terrain,,2018,,1,R. Frasson; M. Durand; T. Pavelsky; C. W. Chen; B. Williams; A. Fore; Xiao Yang
review,0.116,Estimates of Soil Moisture Using the Land Information System for Land Surface Water Storage: Case Study for the Western States Water Mission,,2017,,0,P. W. Liu; J. Famiglietti; S. Levoe; J. Reager; C. David; S. Kumar; Bailing Li; C. Peters-Lidard
review,0.116,"Multi-scale Analysis of the Fluxes Between Terrestrial Water Storage, Groundwater, and Stream Discharge in the Columbia River Basin",,2013,,0,E. Sproles; S. Leibowitz; P. J. Wigington; S. Patil; J. Reager; J. Famiglietti
review,0.116,Water Storage Changes in the Tigris-Euphrates River Basin and the Middle East from GRACE with Implications for Transboundary Water Management,,2011,,0,K. Voss; J. Famiglietti; M. Lo; C. Linage
review,0.116,How frequently will the Surface Water and Ocean Topography (SWOT) observe floods,,2017,,0,R. Frasson; G. Schumann
review,0.116,Human contributions to evapotranspiration mitigate swings in dry-to-wet year transitions,Communications Sustainability,2026,10.1038/s44458-025-00002-w,0,Z. Pierrat; Rebecca N. Gustine; Anna Boser; Sophie Ruehr; Christine M. Lee; J. Reager; K. Cawse-Nicholson
review,0.116,Applications Program Status for the Mass Change Decadal Observable Mission Study,,2020,10.5194/gstm2020-20,0,M. Srinivasan; J. Reager; Carmen Böening; M. Rodell; R. Baize; B. Doorn; M. Pandiyan; Kirsten Reith
review,0.116,GRACE/GRACE-FO to constrain regional to global Evapotranspiration,,2020,10.5194/gstm2020-7,0,J. Reager; M. Pascolini‐Campbell
review,0.093,Satellite-based estimates of groundwater depletion in India,Nature,2009,10.1038/nature08238,2685,M. Rodell; I. Velicogna; J. Famiglietti
review,0.093,Quantifying renewable groundwater stress with GRACE,Water Resources Research,2015,10.1002/2015wr017349,754,A. Richey; B. Thomas; M. Lo; J. Reager; J. Famiglietti; K. Voss; S. Swenson; M. Rodell
review,0.093,Reply to comment by H. Vereecken et al. on “Field observations of soil moisture variability across scales”,,2008,10.1029/2008wr007323,420,J. Famiglietti; D. Ryu; A. Berg; M. Rodell; T. Jackson
review,0.093,Remote sensing of groundwater storage changes in Illinois using the Gravity Recovery and Climate Experiment (GRACE),,2006,10.1029/2006wr005374,355,P. Yeh; S. Swenson; J. Famiglietti; M. Rodell
review,0.093,Divergent effects of climate change on future groundwater availability in key mid-latitude aquifers,Nature Communications,2020,10.1038/s41467-020-17581-y,346,Wen‐Ying Wu; M. Lo; Y. Wada; J. Famiglietti; J. Reager; P. Yeh; A. Ducharne; Zong‐Liang Yang
review,0.093,SMAP soil moisture improves global evapotranspiration,Remote Sensing of Environment,2018,10.1016/j.rse.2018.09.023,213,A. Purdy; J. Fisher; M. Goulden; A. Colliander; G. Halverson; K. Tu; J. Famiglietti
review,0.093,The Water Planetary Boundary: Interrogation and Revision,One Earth,2019,10.31223/osf.io/swhma,140,T. Gleeson; L. Wang‐Erlandsson; S. Zipper; M. Porkka; F. Jaramillo; D. Gerten; I. Fetzer; S. Cornell; L. Piemontese; L. Gordon; J. Rockström; T. Oki; M. Sivapalan; Y. Wada; K. Brauman; M. Flörke; M. Bierkens; B. Lehner; P. Keys; M. Kummu; T. Wagener; S. Dadson; T. Troy; W. Steffen; M. Falkenmark; J. Famiglietti
review,0.093,Upscaling of field-scale soil moisture measurements using distributed land surface modeling,,2005,10.1016/j.advwatres.2004.10.004,116,W. Crow; D. Ryu; J. Famiglietti
review,0.093,Calibration of an impedance probe for estimation of surface soil water content over large regions,,2005,10.1016/j.jhydrol.2005.01.003,115,M. Cosh; T. Jackson; R. Bindlish; J. Famiglietti; D. Ryu
review,0.093,Understanding of Contemporary Regional Sea‐Level Change and the Implications for the Future,Reviews of Geophysics,2020,10.1029/2019rg000672,100,B. Hamlington; A. Gardner; E. Ivins; J. Lenaerts; J. Reager; D. Trossman; E. Zaron; S. Adhikari; A. Arendt; A. Aschwanden; B. Beckley; D. Bekaert; G. Blewitt; L. Caron; D. Chambers; H. Chandanpurkar; K. Christianson; B. Csathó; R. Cullather; R. DeConto; J. Fasullo; T. Frederikse; J. Freymueller; D. Gilford; M. Girotto; W. Hammond; R. Hock; N. Holschuh; Robert E Kopp; F. Landerer; E. Larour; D. Menemenlis; M. Merrifield; J. Mitrovica; R. S. Nerem; I. Nias; V. Nieves; S. Nowicki; K. Pangaluru; C. Piecuch; R. Ray; D. Rounce; N. Schlegel; H. Seroussi; M. Shirzaei; W. Sweet; I. Velicogna; N. Vinogradova; T. Wahl; D. Wiese; M. Willis
review,0.093,Discharge Estimation in Ungauged Basins Through Variational Data Assimilation: The Potential of the SWOT Mission,,2017,10.1002/2017wr021735,79,H. Oubanas; I. Gejadze; P. Malaterre; M. Durand; R. Wei; R. Frasson; A. Domeneghetti
review,0.093,Earth's water reservoirs in a changing climate,Proceedings of the Royal Society A,2020,10.1098/rspa.2019.0458,79,G. Stephens; J. Slingo; E. Rignot; J. Reager; M. Hakuba; P. Durack; J. Worden; R. Rocca
review,0.093,Monitoring Groundwater Change in California’s Central Valley Using Sentinel-1 and GRACE Observations,Géosciences,2019,10.3390/geosciences9100436,61,Zhen Liu; Pang-Wei Liu; E. Massoud; T. Farr; P. Lundgren; J. Famiglietti
review,0.093,A global near-real-time soil moisture index monitor for food security using integrated SMOS and SMAP,Remote Sensing of Environment,2020,10.1016/j.rse.2020.111864,58,S. Sadri; M. Pan; Y. Wada; N. Vergopolan; J. Sheffield; J. Famiglietti; Y. Kerr; E. Wood
review,0.093,Groundwater Connections and Sustainability in Social‐Ecological Systems,Ground Water,2023,10.1111/gwat.13305,54,Xander Huggins; T. Gleeson; J. Castilla-Rho; C. Holley; V. Re; J. Famiglietti
review,0.093,What drives 20th century polar motion?,Earth and Planetary Science Letters,2018,10.1016/j.epsl.2018.08.059,54,S. Adhikari; L. Caron; B. Steinberger; J. Reager; K. Kjeldsen; B. Marzeion; E. Larour; E. Ivins
review,0.093,Crustal Groundwater Volumes Greater Than Previously Thought,Geophysical Research Letters,2021,10.1029/2021gl093549,43,G. Ferguson; J. McIntosh; O. Warr; B. Sherwood Lollar; C. Ballentine; J. Famiglietti; Ji‐Hyun Kim; J. Michalski; J. Mustard; J. Tarnas; J. McDonnell
review,0.093,Field-scale crop water consumption estimates reveal potential water savings in California agriculture,Nature Communications,2024,10.1038/s41467-024-46031-2,40,Anna S Boser; Kelly K. Caylor; Ashley E. Larsen; M. Pascolini‐Campbell; J. Reager; T. Carleton
review,0.093,Impact of Pacific and Atlantic sea surface temperatures on interannual and decadal variations of GRACE land water storage in tropical South America,,2013,10.1002/jgrd.50820,39,C. Linage; Hyungjun Kim; J. Famiglietti; Jin-Yi Yu
review,0.093,"Climate‐Induced Saltwater Intrusion in 2100: Recharge‐Driven Severity, Sea Level‐Driven Prevalence",Geophysical Research Letters,2024,10.1029/2024gl110359,38,Kyra Adams; J. Reager; B. Buzzanga; Cédric H. David; Audrey H. Sawyer; B. Hamlington
review,0.093,"Unprecedented continental drying, shrinking freshwater availability, and increasing land contributions to sea level rise",Science Advances,2025,10.1126/sciadv.adx0298,36,H. Chandanpurkar; James S. Famiglietti; Kaushik Gopalan; D. Wiese; Y. Wada; Kaoru Kakinuma; J. Reager; Fan Zhang
review,0.093,"A comparison of the gravity field over Central Europe from superconducting gravimeters, GRACE and global hydrological models, using EOF analysis",,2012,10.1111/j.1365-246x.2012.05404.x,35,D. Crossley; C. Linage; J. Hinderer; J. Boy; J. Boy; J. Famiglietti
review,0.093,The Mass Change Designated Observable Study: Overview and Results,Earth and Space Science,2022,10.1029/2022ea002311,35,D. Wiese; B. Bienstock; C. Blackwood; J. Chrone; B. Loomis; J. Sauber-Rosenberg; M. Rodell; R. Baize; D. Bearden; K. Case; Scott D. Horner; S. Luthcke; J. Reager; M. Srinivasan; L. Tsaoussi; F. Webb; A. Whitehurst; V. Zlotnicki; J. Sauber
review,0.093,Satellite Observations of the Tropical Terrestrial Carbon Balance and Interactions With the Water Cycle During the 21st Century,Reviews of Geophysics,2021,10.1029/2020rg000711,31,J. Worden; S. Saatchi; M. Keller; A. Bloom; Junjie Liu; N. Parazoo; J. Fisher; K. Bowman; J. Reager; Kristen A. Fahy; D. Schimel; R. Fu; S. Worden; Yi Yin; P. Gentine; A. Konings; G. R. Quetin; Mat Williams; H. Worden; M. Shi; A. Barkhordarian
review,0.093,Global patterns of water‐driven human migration,WIREs Water,2023,10.1002/wat2.1647,21,Li Xu; J. Famiglietti
review,0.093,A Streamflow-oriented Ranking-based Methodological Framework to Combine Multiple Precipitation Datasets across Large River Basins,Journal of Hydrology,2021,10.1016/j.jhydrol.2021.127174,14,Jefferson S. Wong; Fuad Yassin; J. Famiglietti; J. Pomeroy
review,0.093,An exploration of expected number of exoplanets for a 6m class direct imaging observatory,Astronomical Telescopes + Instrumentation,2022,10.1117/12.2630609,11,R. Morgan; D. Savransky; M. Turmon; Grace Genszler; E. Mamajek; T. Robinson; K. Stapelfeldt
review,0.093,"FarmCan: a physical, statistical, and machine learning model to forecast crop water deficit for farms",Hydrology and Earth System Sciences,2022,10.5194/hess-26-5373-2022,6,S. Sadri; J. Famiglietti; M. Pan; H. Beck; A. Berg; E. Wood
review,0.093,Conceptualizing Cascading Effects of Resilience in Human–Water Systems,,2021,10.1093/oso/9780190095888.003.0039,6,Li Xu; Feng Mao; J. Famiglietti; J. Pomeroy; C. Pahl‐Wostl
review,0.093,"Reconstructing Repetitive Flood Exposure Across 78 Events From 1996 to 2020 in North Carolina, USA",Earth's Future,2025,10.1029/2025ef006026,5,Helena M. Garcia; Antonia Sebastian; Kieran P. Fitzmaurice; M. Hino; Elyssa L. Collins; G. Characklis
review,0.093,River Water Level Prediction in Satellite Images using Support Vector Machine,,2012,,4,R. Kalaivani; P. Thangaraj; L. Smith; F. Frappart; F. Papa; J. Famiglietti; C. Prigent; B. Rossow; F. Seyler; C. Tzimopoulos; P. Ginidi; R. Chopra; V. Verma; P. K. Sharma; M. Coe; D. Alsdorf; J. Melack; T. Dunne; L. Mertes; L. Hess
review,0.093,Asymmetric Response of Land Storage to ENSO Phase and Duration,Water,2019,10.3390/w11112249,3,H. Chandanpurkar; J. Fasullo; J. Reager; R. Nerem; J. Famiglietti
review,0.093,Water surface elevation from the upcoming SWOT mission under different flows conditions,,2017,,2,A. Domeneghetti; G. Schumann; R. Wei; R. Frasson; M. Durand; T. Pavelsky; A. Castellarin; A. Brath
review,0.093,A Virtual Surface Water Satellite Mission: Identifying Key Science Issues,,2004,,1,G. Goteti; J. Famiglietti; D. Alsdorf; P. Bates; E. Clark; D. Lettenmaier; D. Moller; E. Rodriguez; M. D. Wilson
review,0.093,Advancing a transdisciplinary approach for a paradigm shift in water management in US cities,Environmental Research: Water,2026,10.1088/3033-4942/ae3acb,0,Elizaveta Litvak; Peter M. Groffman; C. Vörösmarty; Justin Stoler; J. Famiglietti; Kate Albrecht; P. Bixler
review,0.093,Poor correlation between large-scale environmental flow violations and freshwater biodiversity: implications for water resource management and water planetary boundary,,2021,10.1002/essoar.10507838.1,0,C. Mohan; T. Gleeson; J. Famiglietti; Vili Virkki; M. Kummu; M. Porkka; Xander Huggins; L. Wang‐Erlandsson; D. Gerten; Sonja C. Jähnig
review,0.093,Using GRACE mission for detecting water storage variations in large lakes around the world,,2012,,0,H. Liu; C. Linage; J. Reager; J. Famiglietti
review,0.093,Using GRACE Total Water Storage Changes to constrain River Routing Models in the Amazon River basin,,2010,,0,C. Linage; M. Lo; J. Famiglietti; Ram Lakhan Ray; R. Beighley
review,0.093,Interannual Variations of River Water Storage in the Rio Negro River basin from a Multiple Satellite Approach,,2007,,0,F. Frappart; F. Papa; J. Famiglietti; C. Prigent; W. Rossow; F. Seyler
review,0.093,An investigation of the spatial and temporal characteristics of extreme dry and wet events across NLDAS-2 models,Journal of Hydrometeorology,2023,10.1175/jhm-d-23-0038.1,0,M. Pascolini‐Campbell; J. Reager
review,0.093,Terrestrial water storage across scales: Applications of the GRACE satellite mission for global hydrology,,2012,,0,J. Reager
exclude,0.07,Hyperresolution global land surface modeling: Meeting a grand challenge for monitoring Earth's terrestrial water,,2011,10.1029/2010wr010090,836,E. Wood; J. Roundy; T. Troy; L. V. van Beek; M. Bierkens; E. Blyth; A. De Roo; P. Döll; M. Ek; J. Famiglietti; D. Gochis; N. C. van de Giesen; P. Houser; P. Jaffé; S. Kollet; B. Lehner; D. Lettenmaier; C. Peters-Lidard; M. Sivapalan; J. Sheffield; A. Wade; P. Whitehead
exclude,0.07,Human–water interface in hydrological modelling : current status and future directions,,2017,10.5194/hess-21-4169-2017,267,Yoshihide Wada; Yoshihide Wada; M. Bierkens; A. Roo; P. Dirmeyer; J. Famiglietti; N. Hanasaki; M. Konar; Junguo Liu; Junguo Liu; H. Schmied; T. Oki; T. Oki; Y. Pokhrel; M. Sivapalan; T. Troy; A. Dijk; T. Emmerik; M. V. Huijgevoort; H. V. Lanen; C. Vörösmarty; C. Vörösmarty; N. Wanders; N. Wanders; H. Wheater
exclude,0.07,Global terrestrial water storage capacity and flood potential using GRACE,,2009,10.1029/2009gl040826,194,J. Reager; J. Famiglietti
exclude,0.07,Groundwater depletion in California’s Central Valley accelerates during megadrought,Nature Communications,2022,10.1038/s41467-022-35582-x,158,Pang‐Wei Liu; J. Famiglietti; A. Purdy; Kyra H. Adams; A. L. McEvoy; J. Reager; R. Bindlish; D. Wiese; C. David; M. Rodell
exclude,0.07,Evaluation of 10 Methods for Initializing a Land Surface Model,,2005,10.1175/jhm414.1,151,M. Rodell; P. Houser; A. Berg; J. Famiglietti
exclude,0.07,Characterization of footprint‐scale surface soil moisture variability using Gaussian and beta distribution functions during the Southern Great Plains 1997 (SGP97) hydrology experiment,,2005,10.1029/2004wr003835,104,D. Ryu; J. Famiglietti
exclude,0.07,The sensitivity of US wildfire occurrence to pre-season soil moisture conditions across ecosystems,Environmental Research Letters,2018,10.1088/1748-9326/aa9853,83,Daniel Jensen; J. Reager; B. Zajic; N. Rousseau; M. Rodell; E. Hinkley
exclude,0.07,"Remote Sensing of Terrestrial Water Storage, Soil Moisture and Surface Waters",,2013,10.1029/150gm16,80,J. Famiglietti
exclude,0.07,Effect of water table dynamics on land surface hydrologic memory,,2010,10.1029/2010jd014191,77,M. Lo; J. Famiglietti
exclude,0.07,The hidden crisis beneath our feet,Science,2021,10.1126/science.abh2867,71,J. Famiglietti; G. Ferguson
exclude,0.07,Projecting groundwater storage changes in California’s Central Valley,Scientific Reports,2018,10.1038/s41598-018-31210-1,58,E. Massoud; A. Purdy; M. Miro; J. Famiglietti
exclude,0.07,Regional terrestrial water storage change and evapotranspiration from terrestrial and atmospheric water balance computations,,2008,10.1029/2007jd009045,55,P. Yeh; J. Famiglietti
exclude,0.07,Optimal estimation of spectral surface reflectance in challenging atmospheres,Remote Sensing of Environment,2019,10.1016/j.rse.2019.111258,52,D. Thompson; K. Babu; A. Braverman; M. Eastwood; R. Green; J. Hobbs; J. Jewell; B. Kindel; S. Massie; M. Mishra; A. Mathur; V. Natraj; P. Townsend; F. Seidel; M. Turmon
exclude,0.07,The Total Drainable Water Storage of the Amazon River Basin: A First Estimate Using GRACE,,2018,10.1029/2017wr021674,50,M. Tourian; J. Reager; N. Sneeuw
exclude,0.07,Remote detection of water management impacts on evapotranspiration in the Colorado River Basin,,2016,10.1002/2016gl068675,48,S. Castle; J. Reager; B. Thomas; A. Purdy; M. Lo; J. Famiglietti; Q. Tang
exclude,0.07,Quantifying uncertainty for remote spectroscopy of surface composition,,2020,10.1016/j.rse.2020.111898,46,D. Thompson; A. Braverman; P. Brodrick; A. Candela; N. Carmon; R. Clark; D. Connelly; R. Green; R. Kokaly; Longlei Li; N. Mahowald; Ronald L. Miller; G. Okin; T. Painter; G. Swayze; M. Turmon; Jouni Susilouto; David S. Wettergreen
exclude,0.07,Increases in the annual range of soil water storage at northern middle and high latitudes under global warming,,2015,10.1002/2015gl064110,42,Wen‐Ying Wu; C. Lan; M. Lo; J. Reager; J. Famiglietti
exclude,0.07,Precipitation response to land subsurface hydrologic processes in atmospheric general circulation model simulations,,2011,10.1029/2010jd015134,42,M. Lo; J. Famiglietti
exclude,0.07,Reply to comment by Keith J. Beven and Hannah L. Cloke on “Hyperresolution global land surface modeling: Meeting a grand challenge for monitoring Earth's terrestrial water”,,2012,10.1029/2011wr011202,40,E. Wood; J. Roundy; T. Troy; R. Beek; M. Bierkens; E. Blyth; A. Roo; P. Döll; Mike Ek; J. Famiglietti; D. Gochis; N. Giesen; P. Houser; P. Jaffé; S. Kollet; B. Lehner; D. Lettenmaier; C. Peters-Lidard; M. Sivapalan; J. Sheffield; A. Wade; P. Whitehead
exclude,0.07,FireStem2D – A Two-Dimensional Heat Transfer Model for Simulating Tree Stem Injury in Fires,PLoS ONE,2013,10.1371/journal.pone.0070110,40,Efthalia K. Chatziefstratiou; G. Bohrer; A. Bova; R. Subramanian; R. Frasson; A. Scherzer; B. Butler; M. Dickinson
exclude,0.07,Estimating snow water equivalent from GPS vertical site-position observations in the western United States,Water Resources Research,2013,10.1002/wrcr.20173,35,Karli J. Ouellette; C. de Linage; J. Famiglietti
exclude,0.07,Estimation of hydrological drought recovery based on precipitation and Gravity Recovery and Climate Experiment (GRACE) water storage deficit,,2021,10.5194/hess-25-511-2021,35,Alka Singh; J. Reager; A. Behrangi
exclude,0.07,Calibration of stormwater management model using flood extent data,,2014,10.1680/wama.12.00051,29,Byunhyun Kim; B. Sanders; Kun-Yeon Han; Young-Ju Kim; J. Famiglietti
exclude,0.07,"Simulating Human Water Regulation: The Development of an Optimal Complexity, Climate-Adaptive Reservoir Management Model for an LSM",,2016,10.1175/jhm-d-15-0056.1,24,K. Solander; J. Reager; B. Thomas; C. David; J. Famiglietti
exclude,0.07,Satellite- and Reanalysis-Based Mass Balance Estimates of Global Continental Discharge (1993–2015),,2017,10.1175/jcli-d-16-0708.1,22,H. Chandanpurkar; J. Reager; J. Famiglietti; T. Syed
exclude,0.07,Identifying ENSO-related interannual and decadal variability on terrestrial water storage,Scientific Reports,2021,10.1038/s41598-021-92729-4,16,S. Cheon; B. Hamlington; J. Reager; H. Chandanpurkar
exclude,0.07,Introducing Spatially Distributed Fire Danger from Earth Observations (FDEO) Using Satellite-Based Data in the Contiguous United States,Remote Sensing,2020,10.3390/rs12081252,15,A. Farahmand; E. N. Stavros; J. Reager; A. Behrangi
exclude,0.07,Unified Topographic and Atmospheric Correction for Remote Imaging Spectroscopy,Frontiers in Remote Sensing,2022,10.3389/frsen.2022.916155,14,N. Carmon; A. Berk; Niklas Bohn; P. Brodrick; O. Kalashnikova; Hai Nguyen; D. Thompson; M. Turmon
exclude,0.07,Towards Real-time Classification of Astronomical Transients,,2008,10.1063/1.3059064,14,A. Mahabal; S. Djorgovski; Roy Williams; A. Drake; C. Donalek; M. Graham; B. Moghaddam; M. Turmon; J. Jewell; Aditya Khosla; B. Hensley
exclude,0.07,Faster Exo-Earth yield for HabEx and LUVOIR via extreme precision radial velocity prior knowledge,,2021,10.1117/1.jatis.7.2.021220,12,R. Morgan; D. Savransky; M. Turmon; B. Mennesson; Walker L. Dula; D. Keithly; E. Mamajek; P. Newman; P. Plavchan; T. Robinson; G. Roudier; C. Stark
exclude,0.07,Modeling groundwater levels in California's Central Valley by hierarchical Gaussian process and neural network regression,Journal of Geophysical Research,2023,10.48550/arxiv.2310.14555,8,A. Pradhan; Kyra H. Adams; V. Chandrasekaran; Zhen Liu; J. Reager; Andrew M. Stuart; M. Turmon
exclude,0.07,The safe development paradox of the United States regulatory floodplain,PLoS ONE,2024,10.1371/journal.pone.0311718,6,G. Sanchez; Margaret A Lawrimore; A. Petrasova; Jonh Vogler; Elyssa L. Collins; V. Petras; Truffaut Harper; Emma J Butzler; Ross K. Meentemeyer
exclude,0.07,Statistical Mapping of Freshwater Origin and Fate Signatures as Land/Ocean “Regions of Influence” in the Gulf of Mexico,Journal of Geophysical Research: Oceans,2019,10.1029/2018jc014784,6,S. Fournier; J. Reager; B. Dzwonkowski; J. Vazquez-Cuervo
exclude,0.07,Estimation of hydrological drought recovery based on GRACE water storage deficit,,2019,10.5194/hess-2019-590,5,Alka Singh; J. Reager; A. Behrangi
exclude,0.07,Comparing evaporation from water balance framework and multiple models on a global scale,Journal of Hydrology,2024,10.1016/j.jhydrol.2024.131924,4,Jinghua Xiong; Abhishek; Chong Zhang; Li Xu; H. Chandanpurkar; J. Famiglietti; Pat J.‐F. Yeh; Zhongbo Yu; Ningpeng Dong; Haoran Hao; Shuang Yi; Lei Cheng; Shenglian Guo; Yun Pan
exclude,0.07,Ground Water Storage Variability in the Mississippi River Basin and Potential Estimation Using GRACE,,2005,,3,M. Rodell; D. Rowlands; S. Klosko; F. LeMoine; S. Luthcke; Johnny Chen; J. Famiglietti; C. Wilson
exclude,0.07,The AquaSat-1 Mission Concept: Actionable Information on Water Quality and Aquatic Ecosystems for Australia and Western USA,IEEE International Geoscience and Remote Sensing Symposium,2023,10.1109/igarss52108.2023.10282912,3,Courtney Bright; David R. Ardila; Erin L. Hestir; Tim J. Malthus; M. Matthews; David R. Thompson; Nick Carter; Arnold G. Dekker; R. Frasson; Robert O. Green; Alex Held; Klaus Joehnk; Jeremy Kravitz; Joshua Pease; C. Roelfsema; C. Seubert; Bozena Wojtasiewicz
exclude,0.07,"Editorial for the Special Issue ""Remote Sensing of Flow Velocity, Channel Bathymetry, and River Discharge""",Remote Sensing,2020,10.3390/rs12142304,2,C. Legleiter; T. Pavelsky; M. Durand; G. Allen; A. Tarpanelli; R. Frasson; Inci Güneralp; A. Woodget
exclude,0.07,Remote Sensing of Terrestrial Water Storage with GRACE and Future Satellite Gravimetry Missions,,2011,,1,M. Rodell; M. Watkins; J. Famiglietti
exclude,0.07,A first estimate of the expected distribution of SWOT river discharge accuracy,,2018,,1,M. Durand; R. Frasson; S. Tuozzolo; C. Gleason; P. Garambois; P. Malaterre
exclude,0.07,Tree-level hydrodynamic approach for modeling aboveground water storage and stomatal conductance highlights the effects of tree hydraulic strategy; AGU Full Meeting ; ;,,2016,,1,G. Bohrer; A. Matheny; S. Fatichi; R. Frasson
exclude,0.07,Poor correlation between large-scale environmental flow 1 violations and freshwater biodiversity: implications for water 2 resource management and water planetary boundary,,2022,,0,C. Mohan; T. Gleeson; J. Famiglietti; Vili Virkki; M. Kummu; 4. Miina; Porkka; L. Wang‐Erlandsson; Xander Huggins; D. Gerten; Sonja C. Jähnig
exclude,0.07,GMD Perspective : the quest to improve the 1 evaluation of groundwater representation in 2 continental to global scale models 3 4,,2021,,0,T. Gleeson; Thorsten Wagener; P. Döll; S. Zipper; C. West; Yoshihide; Wada; Richard Taylor; B. Scanlon; R. Rosolem; S. Rahman; Nurudeen Oshinlaja; R. Maxwell; M. Lo; Hyungjun Kim; M. Hill; A. Hartmann; G. Fogg; J. Famiglietti; A. Ducharne; I. Graaf; M. Cuthbert; L. Condon; E. Bresciani; M. Bierkens
exclude,0.07,HESS Opinions : Improving the evaluation of 1 groundwater representation in continental to 2 global scale models 3 4,,2020,,0,T. Gleeson; T. Wagener; P. Döll; S. Zipper; C. West; Yoshihide; Wada; Richard Taylor; B. Scanlon; R. Rosolem; S. Rahman; Nurudeen Oshinlaja; R. Maxwell; M. Lo; Hyungjun Kim; M. Hill; A. Hartmann; G. Fogg; J. Famiglietti; A. Ducharne; I. Graaf; M. Cuthbert; L. Condon; Etienne; Bresciani; M. Bierkens
exclude,0.07,The Western States Water Mission: A Hyper-Resolution Hydrological Modeling and Data Integration Platform,,2016,,0,J. Famiglietti; R. Basilio; A. Trangsrud; K. Andreadis; Dan Cricthon; C. David; T. Farr; S. Malhotra; K. Neff; J. Reager
exclude,0.07,Sensitivity of Ocean Processes to Changes and Uncertainties in Global River Discharge,,2015,,0,H. Chandanpurkar; S. Yeager; J. Reager; J. Famiglietti
exclude,0.07,Assessing the impacts of water management on evapotranspiration in the Colorado River Basin,,2014,,0,S. Castle; J. Reager; B. Thomas; A. Purdy; M. Lo; M. Rodell; J. Famiglietti
exclude,0.07,Statistical analysis of climate-driven spatio-temporal variations of GRACE Total Water Storage in the Amazon River basin,,2012,,0,C. Linage; Hyungjun Kim; J. Famiglietti
exclude,0.07,The influence of ENSO on global surface water storage using GRACE,,2011,,0,T. Phillips; R. Nerem; B. Fox‐Kemper; J. Famiglietti; B. Rajagopalan
exclude,0.07,Title Hyperresolution global land surface modeling : Meeting a grand challenge for monitoring Earth ' s terrestrial water Permalink,,2011,,0,E. Wood; J. Roundy; T. Troy; L. V. Beek; M. Bierkens; E. Blyth; A. Roo; P. Döll; M. Ek; J. Famiglietti; D. Gochis; N. Giesen; P. Houser; P. Jaffé; S. Kollet; B. Lehner; D. Lettenmaier; Christa Peters; Lidard; M. Sivapalan; J. Sheffield; A. Wade; P. Whitehead
exclude,0.07,River Basin Scale Water Balance Using GRACE,,2011,,0,E. McWilliams; M. Rodell; H. Beaudoing; J. Famiglietti
exclude,0.07,Continental Water Storage Changes From GRACE And GLDAS,,2004,,0,T. Syed; J. Famiglietti; M. Rodell; Johnny Chen; K. Seo; C. Wilson
exclude,0.07,Exploring the Effect of River Spatial Variability on SWOT Discharge Accuracy,Advances in Water Resources,2026,10.1016/j.advwatres.2026.105384,0,Yushan Zhang; Michael Durand; S. Coss; R. Frasson; E. Prior; C. Gleason
exclude,0.07,Measurement of River Widths and Heights from ArcticDEM and High-Resolution Satellite Imagery,,2019,,0,B. Yadav; C. Dai; M. Durand; I. Howat; R. Frasson
exclude,0.07,Expected contribution of SWOT to estimates of global river discharge,,2019,,0,M. Durand; C. Gleason; T. Pavelsky; R. Frasson
exclude,0.07,A User Needs Assessment for the next Mass Change Satellite Mission,,2020,10.5194/egusphere-egu2020-12732,0,M. Srinivasan; M. Rodell; J. Reager; B. Doorn; Laura J. Rogers
exclude,0.07,Towards a better understanding of flood generation and surface water inundation mechanisms using NASA remote sensing data products,,2017,,0,J. Lucey; J. Reager; S. Lopez
exclude,0.07,Satellite Observations of Groundwater Storage Variations and Their Application for Water Security Monitoring,,2015,,0,M. Rodell; J. Famiglietti; B. Li; S. Kumar; J. Reager
exclude,0.047,"The future of evapotranspiration: Global requirements for ecosystem functioning, carbon and climate feedbacks, agricultural management, and water resources",,2017,10.1002/2016wr020175,779,J. Fisher; F. Melton; E. Middleton; C. Hain; Martha C. Anderson; R. Allen; M. Mccabe; S. Hook; D. Baldocchi; P. Townsend; A. Kilic; K. Tu; Diego D. Miralles; J. Perret; J. Lagouarde; D. Waliser; A. Purdy; A. French; D. Schimel; J. Famiglietti; G. Stephens; E. Wood
exclude,0.047,The Helioseismic and Magnetic Imager (HMI) Vector Magnetic Field Pipeline: SHARPs – Space-Weather HMI Active Region Patches,,2014,10.1007/s11207-014-0529-3,678,M. Bobra; Xudong Sun; J. Hoeksema; M. Turmon; Yang Liu; K. Hayashi; G. Barnes; K. Leka
exclude,0.047,Analysis of terrestrial water storage changes from GRACE and GLDAS,,2008,10.1029/2006wr005779,570,T. Syed; J. Famiglietti; M. Rodell; Jianli Chen; C. Wilson
exclude,0.047,A GRACE‐based water storage deficit approach for hydrological drought characterization,,2014,10.1002/2014gl059323,438,Alys C. Thomas; J. Reager; J. Famiglietti; M. Rodell
exclude,0.047,River basin flood potential inferred using GRACE gravity observations at several months lead time,,2014,10.1038/ngeo2203,256,J. Reager; B. Thomas; J. Famiglietti
exclude,0.047,"An intercomparison of remote sensing river discharge estimation algorithms from measurements of river height, width, and slope",,2016,10.1002/2015wr018434,209,Michael Durand; C. Gleason; P. Garambois; D. Bjerklie; L. Smith; H. Roux; E. Rodríguez; Paul D. Bates; T. Pavelsky; J. Monnier; Xiao-Ming Chen; G. Baldassarre; J. Fiset; Nicolas Flipo; R. Frasson; J. Fulton; N. Goutal; F. Hossain; E. Humphries; J. Minear; Micah M. Mukolwe; J. Neal; S. Ricci; Brett F. Sanders; G. Schumann; J. Schubert; L. Vilmin
exclude,0.047,Identifying Climate-Induced Groundwater Depletion in GRACE Observations,Scientific Reports,2019,10.1038/s41598-019-40155-y,192,B. Thomas; J. Famiglietti
exclude,0.047,Validation of GRACE based groundwater storage anomaly using in-situ groundwater level measurements in India,,2016,10.1016/j.jhydrol.2016.10.042,180,S. Bhanja; A. Mukherjee; D. Saha; I. Velicogna; J. Famiglietti
exclude,0.047,GRACE-Based Estimates of Terrestrial Freshwater Discharge from Basin to Continental Scales,,2007,10.1175/2008jhm993.1,173,T. Syed; J. Famiglietti; D. Chambers
exclude,0.047,Satellite-based global-ocean mass balance estimates of interannual variability and emerging trends in continental freshwater discharge,Proceedings of the National Academy of Sciences of the United States of America,2010,10.1073/pnas.1003292107,165,T. Syed; J. Famiglietti; D. Chambers; J. Willis; K. Hilburn
exclude,0.047,Hydrology: Water from on high,Nature,2006,10.1038/444562a,141,D. Lettenmaier; J. Famiglietti
exclude,0.047,Gravity Recovery and Climate Experiment (GRACE) detection of water storage changes in the Three Gorges Reservoir of China and comparison with in situ measurements,,2011,10.1029/2011wr010534,139,Xianwei Wang; C. de Linage; J. Famiglietti; C. Zender
exclude,0.047,Water cycle science enabled by the GRACE and GRACE-FO satellite missions,Nature Water,2023,10.1038/s44221-022-00005-0,130,M. Rodell; J. Reager
exclude,0.047,Continental patterns of submarine groundwater discharge reveal coastal vulnerabilities,Science,2016,10.1126/science.aag1058,124,A. Sawyer; C. David; J. Famiglietti
exclude,0.047,Mesh type tradeoffs in 2D hydrodynamic modeling of flooding with a Godunov-based flow solver,,2014,10.1016/j.advwatres.2014.02.013,123,Byung-Hyun Kim; B. Sanders; J. Schubert; J. Famiglietti
exclude,0.047,Characterizing Drought in India Using GRACE Observations of Terrestrial Water Storage Deficit,,2017,10.1175/jhm-d-16-0047.1,119,D. Sinha; T. Syed; J. Famiglietti; J. Reager; R. C. Thomas
exclude,0.047,Fate of Water Pumped from Underground and Contributions to Sea Level Rise,,2016,10.1038/nclimate3001,117,Y. Wada; M. Lo; P. Yeh; J. Reager; J. Famiglietti; R. Wu; Y. Tseng
exclude,0.047,Precipitation Intensity Effects on Groundwater Recharge in the Southwestern United States,,2016,10.3390/w8030090,116,B. Thomas; A. Behrangi; J. Famiglietti
exclude,0.047,The influence of ENSO on global terrestrial water storage using GRACE,,2012,10.1029/2012gl052495,116,T. Phillips; R. Nerem; B. Fox‐Kemper; J. Famiglietti; B. Rajagopalan
exclude,0.047,Mapping Yearly Fine Resolution Global Surface Ozone through the Bayesian Maximum Entropy Data Fusion of Observations and Model Output for 1990-2017.,Environmental Science and Technology,2021,10.1021/acs.est.0c07742,82,Marissa N Delang; Jacob S. Becker; Kai‐Lan Chang; M. Serre; O. Cooper; M. Schultz; S. Schröder; Xiao Lu; Lin Zhang; M. Deushi; B. Josse; C. Keller; J. Lamarque; Meiyun Lin; Junhua Liu; V. Marécal; S. Strode; K. Sudo; S. Tilmes; Li Zhang; S. Cleland; Elyssa L. Collins; M. Brauer; J. West
exclude,0.047,Monitoring groundwater storage changes in complex basement aquifers: An evaluation of the GRACE satellites over East Africa,,2016,10.1002/2016wr018846,78,J. Nanteza; C. Linage; B. Thomas; J. Famiglietti
exclude,0.047,Toward hyper‐resolution land‐surface modeling: The effects of fine‐scale topography and soil texture on CLM4.0 simulations over the Southwestern U.S.,,2015,10.1002/2014wr015686,61,R. S. Singh; J. Reager; N. L. Miller; J. Famiglietti
exclude,0.047,Assessing variability of evapotranspiration over the Ganga river basin using water balance computations,,2014,10.1002/2013wr013518,47,T. Syed; P. Webster; J. Famiglietti
exclude,0.047,Automated probabilistic classification of transients and variables,,2008,10.1002/asna.200710943,42,A. Mahabal; S. Djorgovski; M. Turmon; J. Jewell; R. Williams; A. Drake; M. Graham; C. Donalek; E. Glikman; PQ Team
exclude,0.047,"Assessing surface water consumption using remotely‐sensed groundwater, evapotranspiration, and precipitation",,2012,10.1029/2012gl052400,37,R. Anderson; M. Lo; J. Famiglietti
exclude,0.047,The Dominant Global Modes of Recent Internal Sea Level Variability,Journal of Geophysical Research - Oceans,2019,10.1029/2018jc014635,30,B. Hamlington; S. Cheon; C. Piecuch; K. Karnauskas; P. Thompson; K.‐Y. Kim; J. Reager; F. Landerer; T. Frederikse
exclude,0.047,A comparative study of the water budgets of lawns under three management scenarios,Urban Ecosystems,2014,10.1007/s11252-014-0361-4,28,N. Bijoor; D. Pataki; D. Haver; J. Famiglietti
exclude,0.047,Wildfire Trend Analysis over the Contiguous United States Using Remote Sensing Observations,Remote Sensing,2020,10.3390/rs12162565,28,J. Salguero; Jingjing Li; A. Farahmand; J. Reager
exclude,0.047,Flashes in a star stream: Automated classification of astronomical transient events,IEEE International Conference on e-Science,2012,10.1109/escience.2012.6404437,27,S. Djorgovski; A. Mahabal; C. Donalek; M. Graham; A. Drake; B. Moghaddam; M. Turmon
exclude,0.047,A multi-sensor approach for increased measurements of floods and their societal impacts from space,Communications Earth &amp; Environment,2023,10.1038/s43247-023-01129-1,26,D. Munasinghe; R. Frasson; C. David; M. Bonnema; G. Schumann; G. Brakenridge
exclude,0.047,A framework for quantifying sustainable yield under California’s Sustainable Groundwater Management Act (SGMA),Sustainable Water Resources Management,2018,10.1007/s40899-018-0283-z,24,M. Miro; J. Famiglietti
exclude,0.047,Towards an Automated Classification of Transient Events in Synoptic Sky Surveys,,2011,,21,S. Djorgovski; C. Donalek; A. Mahabal; B. Moghaddam; M. Turmon; M. Graham; A. Drake; N. Sharma; Y. Chen
exclude,0.047,Amplitude Modulation of Seasonal Variability in Terrestrial Water Storage,Geophysical Research Letters,2019,10.1029/2019gl082272,19,B. Hamlington; J. Reager; H. Chandanpurkar; Kwang-Yul Kim
exclude,0.047,Using river hypsometry to improve remote sensing of river discharge,Remote Sensing of Environment,2024,10.1016/j.rse.2024.114455,13,M. Durand; Chunli Dai; Joachim Moortgat; Bidhyananda Yadav; R. Frasson; Ziwei Li; Kylie Wadkwoski; Ian M. Howat; T. Pavelsky
exclude,0.047,Standard exoplanet yield evaluation for the LUVOIR and HabEx concept studies,Optical Engineering + Applications,2019,10.1117/12.2530668,13,R. Morgan; D. Savransky; M. Turmon; B. Mennesson; E. Mamajek; S. Shaklan; Gabriel J. Soto; K. Stapelfeldt; Walker L. Dula; D. Keithly
exclude,0.047,Establishing a Framework for Community Modeling in Hydrologic Science: Recommendations from the CUAHSI CHyMP Initiative,,2012,10.4211/techrpts.20110517.tr10,10,J. Arrigo; J. Famiglietti; L. Murdoch; V. Lakshmi; R. Hooper
exclude,0.047,Using enhanced GRACE water storage data to improve drought detection by the U.S. and North American Drought Monitors,IEEE International Geoscience and Remote Sensing Symposium,2010,10.1109/igarss.2010.5654237,10,R. Houborg; M. Rodell; J. Lawrimore; Bailing Li; R. Reichle; R. Heim; Matthew Rosencrans; R. Tinker; J. Famiglietti; M. Svoboda; B. Wardlow; B. Zaitchik
exclude,0.047,The Global Groundwater Crisis and Management Implications for Food and Water Security,,2017,,8,J. Famiglietti; M. Rodell; A. Richey; J. Reager
exclude,0.047,HabEx yield modeling with for systems engineering (Conference Presentation),,2017,10.1117/12.2274678,8,M. Bottom; R. Morgan; M. Turmon; B. Mennesson; K. Warfield; D. Savransky; C. Delacroix; H. MacEwen; J. Breckinridge
exclude,0.047,Mesh type tradeoffs in 2D hydrodynamic modeling of ﬂooding with a Godunov-based ﬂow solver Advances in Water Resources,,2014,,4,Byung-Hyun Kim; B. Sanders; J. Schubert; J. Famiglietti
exclude,0.047,Groundwater and Terrestrial Water Storage,,2011,10.1175/1520-0477-92.6.s1,3,M. Rodell; D. Chambers; J. Famiglietti
exclude,0.047,Filters to estimate water storage variations from GRACE,,2005,10.1007/3-540-27432-4_103,3,K. Seo; C. Wilson; Jianli Chen; J. Famiglietti; M. Rodell
exclude,0.047,Applications Development for a Parallel COTS Spaceborne Computer,,2000,,3,D. Katz; P. Springer; R. Granat; M. Turmon
exclude,0.047,SWOT River Database (SWORD),,2021,10.5281/zenodo.3898570,2,E. Altenau; T. Pavelsky; M. Durand; Xiao Yang; R. Frasson; Liam Bendezu
exclude,0.047,Remote estimation of geologic composition using interferometric synthetic-aperture radar in California's Central Valley,arXiv.org,2022,10.48550/arxiv.2212.04813,2,Kyongsik Yun; Kyra H. Adams; J. Reager; Zhen Liu; Caitlyn Chavez; M. Turmon; Thomas Lu
exclude,0.047,Using NASA Satellite Observations to Map Wildfire Risk in the United States for Allocation of Fire Management Resources,,2017,,2,A. Farahmand; J. Reager; A. Behrangi; E. N. Stavros; J. Randerson
exclude,0.047,Leveraging this Golden Age of Remote Sensing and Modeling of Terrestrial Hydrology to Understand Water Cycling in the Water Availability Grand Challenge for North America,,2016,,1,T. Painter; J. Famiglietti; G. Stephens
exclude,0.047,Asia's Changing Water Resources: Trends from GRACE and Implications for Water Management,,2012,,1,K. Voss; J. Famiglietti; J. Reager; M. Lo; S. L. Ho; C. Linage; M. Rodell
exclude,0.047,"Groundwater and Terrestrial Water Storage [in ""State of the Climate in 2010""]",,2011,,1,J. Famiglietti; M. Rodell; D. Chambers
exclude,0.047,The Global Water Cycle 2003-2008: Implications for Long-Period Sea Level Change,,2009,,1,D. Chambers; J. Famiglietti; I. Velicogna; R. Nerem
exclude,0.047,Title Attenuation effect on seasonal basin-scale water storage changes from GRACE time-variable gravity Permalink,,2007,,1,J. Chen; C. Wilson; J. Famiglietti; M. Rodell
exclude,0.047,Title A comparison of terrestrial water storage variations from GRACE with in situ measurements from Illinois Permalink,,2006,,1,S. Swenson; P. Yeh; J. Wahr; J. Famiglietti
exclude,0.047,CURRENT AND FUTURE APPLICATIONS OF REMOTE SENSING FOR ROUTINE MONITORING OF SURFACE WATER,,2005,,1,K. Asante; Usgs Eros; J. Famiglietti; J. Verdin
exclude,0.047,Recent global decline in endorheic basin water storage and its implications for the water cycle,,2019,,0,J. Wang; C. Song; J. Reager; Fangfang Yao; J. Famiglietti; Y. Sheng; G. MacDonald; F. Brun; H. Schmied; R. Marston; Y. Wada
exclude,0.047,"Terrestrial water storage changes in global endorheic regions, 2002-2016",,2018,10.1594/pangaea.895895,0,Jida Wang; Chunqiao Song; J. Reager; Fangfang Yao; J. Famiglietti; Y. Sheng; G. MacDonald; F. Brun; H. Schmied; R. Marston; Y. Wada
exclude,0.047,The Western States Water Mission: A Hyper-Resolution Hydrological Model and Data Integration Platform for the Western United States,,2017,,0,J. Famiglietti; C. David; J. Reager; C. Oaida; D. Stampoulis; S. Levoe; P. W. Liu; A. Trangsrud; R. Basilio; G. Allen; D. Crichton; C. Emery; T. Farr; S. Granger; J. Hobbs; S. Malhotra; G. Osterman; M. Ruêckert; M. Turmon
exclude,0.047,Water vs. carbon: An evaluation of SMAP soil moisture and OCO-2 solar-induced fluorescence to characterize global plant stress,,2017,,0,A. Purdy; J. Fisher; M. Goulden; J. Randerson; J. Famiglietti
exclude,0.047,Efficient Approaches for Propagating Hydrologic Forcing Uncertainty: High-Resolution Applications Over the Western United States,,2017,,0,J. Hobbs; M. Turmon; C. David; J. Reager; J. Famiglietti
exclude,0.047,"Sustained Changes in Water Storage in the Western U.S: Toward a Determination Integrating GPS, GRACE, (and InSAR)",,2016,,0,D. Argus; D. Wiese; F. Landerer; T. Farr; Yuning Fu; B. Thomas; M. Shirzaei; J. Reager; J. Famiglietti
exclude,0.047,Preparing for the ingestion of SWOT data into continental-scale river models,,2016,,0,C. David; K. Andreadis; E. Beighley; J. Famiglietti; A. Boone; Dai Yamazaki; Hyungjun Kim; É. Gaborit
exclude,0.047,"Combining Remote Sensing Data, Airborne Snow Observations and High Resolution Hydrologic Modeling to Improve SWE Simulation and Validation over Mountainous Terrain in Western US",,2016,,0,C. Oaida; K. Andreadis; J. Famiglietti; T. Painter; K. Bormann
exclude,0.047,in global storage estimates in a Total Groundwater Stress framework.,,2015,,0,A. Richey; B. Thomas; M. Lo; J. Famiglietti; S. Swenson; M. Rodell
exclude,0.047,Reflection on the Process of Open Sourcing Software Based on Ten Years of Development of RAPID,,2015,,0,C. David; J. Famiglietti; Z. L. Yang; F. Habets; D. Maidment
exclude,0.047,A GRACE-Streamflow Land Surface Model Calibration Approach for Improved Baseflow and Water Table Simulations over the Highly Managed Upper-Nile Basin of East Africa,,2015,,0,J. Nanteza; M. Lo; R. Wu; B. Thomas; J. Famiglietti
exclude,0.047,Changes in Soil Water Storage under Global Warming in CMIP5 models,,2014,,0,Wen‐Ying Wu; C. Lan; M. Lo; J. Reager; J. Famiglietti
exclude,0.047,The Effect of Sub‐Grid Variability of Soil Moisture on the Simulation of Mesoscale Watershed Hydrology: A Case Study from the Southern Great Plains 1997 Hydrology Experiment,,2013,10.1029/ws003p0161,0,K. Mohr; J. Famiglietti; A. Boone
exclude,0.047,How well do we know global runoff? Intercomparison of four global continental runoff estimates,,2013,,0,H. Chandanpurkar; J. Reager; J. Famiglietti
exclude,0.047,Remote sensing and modeling evapotranspiration: A high-resolution multi-method comparison at point and basin scales in California,,2013,,0,A. Purdy; C. Linage; J. Famiglietti
exclude,0.047,Quantifying Changes in Accessible Water in the Colorado River Basin,,2013,,0,S. Castle; B. Thomas; J. Reager; S. Swenson; J. Famiglietti
exclude,0.047,"GRACE-observed water storage deficits for hydrologic drought characterization, including recent U.S. droughts",,2013,,0,A. C. Thomas; J. Reager; J. Famiglietti; M. Rodell
exclude,0.047,"The GEO Water Strategy: Advances in Monitoring, Modeling, and Predicting Groundwater Variations at Regional to Local Scales",,2012,,0,N. Miller; L. Heinrich; N. Kukuri; H. Plag; J. Famiglietti; M. Rodell
exclude,0.047,Global Terrestrial Water Storage Response and Controls using GRACE,,2010,,0,J. Reager; J. Famiglietti
exclude,0.047,Water Availability in the Tigris-Euphrates River Basin and the Middle East from GRACE,,2010,,0,K. Voss; J. Famiglietti; M. Lo; C. Linage; S. Swenson; M. Rodell
exclude,0.047,"Remote sensing of climate and management driven groundwater storage changes and land subsidence in the Central Valley, CA",,2010,,0,K. Anderson; M. Lo; J. Famiglietti; S. Swenson
exclude,0.047,Hydrologic Applications of GRACE Terrestrial Water Storage Data (Invited),,2009,,0,M. Rodell; B. Zaitchik; Bailing Li; J. Bolten; R. Houborg; I. Velicogna; J. Famiglietti
exclude,0.047,Title Analysis of terrestrial water storage changes from GRACE and GLDAS Permalink,,2008,,0,T. Syed; J. Famiglietti; M. Rodell; Jianli Chen; C. Wilson
exclude,0.047,Optimized Recovery of Global Terrestrial Water Storage Changes From GRACE Time-Variable Gravity Measurements,,2006,,0,Johnny Chen; C. Wilson; K. Seo; J. Famiglietti; M. Rodell
exclude,0.047,Impedance probe calibration and large scale soil moisture estimation during the SMEX experiments,,2005,,0,M. Cosh; T. Jackson; R. Bindlish; J. Famiglietti; D. Ryu
exclude,0.047,Title Analysis of process controls in land surface hydrological cycle over the continental United States Permalink,,2004,,0,T. Syed; V. Lakshmi; E. Paleologos; D. Lohmann; K. Mitchell; J. Famiglietti
exclude,0.047,Characterizing AirSWOT water elevation accuracy on the Willamette River,,2016,,0,S. Tuozzolo; M. Durand; B. Overstreet; J. Mangano; J. Minear; C. Stringham; C. W. Chen; T. Pavelsky; R. Frasson; M. Fonstad; R. Wei
exclude,0.047,How well Can We Classify SWOT-derived Water Surface Profiles?,,2015,,0,R. Frasson; R. Wei; Christophe Picamilh; M. Durand
exclude,0.047,Improved Atmospheric Correction for Remote Imaging Spectroscopy Missions with Accelerated Optimal Estimation,Remote Sensing,2025,10.3390/rs17223719,0,J. Susiluoto; Niklas Bohn; Amy Braverman; P. Brodrick; N. Carmon; M. Gunson; Hai Nguyen; David R. Thompson; M. Turmon
exclude,0.047,Uncertainty quantification in aerosol properties retrieved by optimal estimation: a testbed using General Retrieval of Aerosol and Surface Properties (GRASP),,2019,,0,M. Franklin; A. Ghahari; M. Turmon; M. Garay; A. Braverman; H. Lee
exclude,0.047,Enhancing Discharge Interpolation for SWOT,,2018,,0,M. Pan; Yuan Yang; C. Fisher; P. Lin; M. Turmon; J. Hobbs; C. Emery; J. Reager; C. David; E. Wood
exclude,0.047,Observing System Simulation Experiment (OSSE) for the HyspIRI Spectrometer Mission,,2010,,0,M. Turmon; G. Block; R. O. Green; H. Hua; Joseph C. Jacob; H. Sobel; P. Springer; Qingyuan Zhang
exclude,0.047,Dimming the Sun (DimSun) using Controllable Swarm of Smallbody Regolith Particles,IEEE Aerospace Conference,2025,10.1109/aero63441.2025.11068752,0,Saptarshi Bandyopadhyay; Sriramya Bhamidipati; Maira Saboia da Silva; Mark T. Richardson; M. Hakuba; M. Lebsock; Aditya A. Paranjape; A. Nanjangud; Tushar Jadhav; C. Percival; E. Fishbein; J. Reager; Amir Rahmani
exclude,0.047,"The Global Water Cycle: Coupling and Exchanges Between the Ocean, Land, and Atmosphere II Posters",,2019,,0,P. Durack; N. V. Shiffer; F. H. Lambert; J. Reager
exclude,0.047,Introducing a Gridded Wildfire Risk Model in the United States for Allocation of Fire Management Resources Using NASA Satellite Observations,,2018,,0,A. Farahmand; J. Reager; E. N. Stavros; A. Behrangi; J. Randerson
exclude,0.047,Synergistic multifrequency constraints on terrestrial carbon and water processes through present-day and anticipated spaceborne measurement platforms,,2018,,0,V. Meyer; A. Bloom; M. Burgin; J. Reager; R. Shah; A. Konings
exclude,0.047,Terrestrial Water Storage and Vegetation Resilience to Drought,,2017,,0,V. Meyer; J. Reager; A. Konings
exclude,0.047,A Texas Flood from Land to Ocean Observed by SMAP,,2016,,0,S. Fournier; J. Reager; T. Lee; J. Vázquez; C. David; M. Gierach
exclude,0.047,Quantifying the Impact of the 2015-2016 El Niño Event on California's Historic Drought to Improve Water Resource Management,,2016,,0,B. Zajic; J. Lawrence; L. Gutowski; N. Rousseau; J. Reager; M. Jackson; J. Laber; J. Dumas
exclude,0.047,"Impact of Ice Sheets, Glaciers, and Land Hydrology on Sea Level from Geodetic Observations and Global Observing Systems I Posters",,2015,,0,J. Reager
exclude,0.023,Ground water and climate change,,2013,10.1038/nclimate1744,2224,R. Taylor; B. Scanlon; P. Döll; M. Rodell; R. Beek; Y. Wada; L. Longuevergne; M. Leblanc; J. Famiglietti; M. Edmunds; L. Konikow; T. Green; Jianyao Chen; M. Taniguchi; M. Bierkens; A. MacDonald; Ying Fan; R. Maxwell; Y. Yechieli; J. Gurdak; D. Allen; M. Shamsudduha; K. Hiscock; P. Yeh; I. Holman; H. Treidel
exclude,0.023,GRACE Groundwater Drought Index: Evaluation of California Central Valley groundwater drought,,2017,10.1016/j.rse.2017.06.026,292,B. Thomas; J. Famiglietti; F. Landerer; D. Wiese; N. Molotch; D. Argus
exclude,0.023,A decade of sea level rise slowed by climate-driven hydrology,Science,2016,10.1126/science.aad8386,281,J. Reager; A. Gardner; James S. Famiglietti; James S. Famiglietti; D. Wiese; A. Eicker; M. Lo
exclude,0.023,The Observed State of the Water Cycle in the Early Twenty-First Century,,2015,10.1175/jcli-d-14-00555.1,259,M. Rodell; H. Beaudoing; T. L’Ecuyer; W. Olson; J. Famiglietti; P. Houser; R. Adler; M. Bosilovich; C. Clayson; D. Chambers; E. Clark; E. Fetzer; Xiang Gao; G. Gu; K. Hilburn; G. Huffman; D. Lettenmaier; W. Liu; F. Robertson; C. Schlosser; J. Sheffield; E. Wood
exclude,0.023,Irrigation in California's Central Valley strengthens the southwestern U.S. water cycle,,2013,10.1002/grl.50108,246,M. Lo; J. Famiglietti
exclude,0.023,Sustained Water Loss in California's Mountain Ranges During Severe Drought From 2012 to 2015 Inferred From GPS,,2017,10.1002/2017jb014424,178,D. Argus; F. Landerer; D. Wiese; H. Martens; Yuning Fu; J. Famiglietti; B. Thomas; T. Farr; A. Moore; M. Watkins
exclude,0.023,Estimating evapotranspiration using an observation based terrestrial water budget,,2011,10.1002/hyp.8369,133,M. Rodell; E. McWilliams; J. Famiglietti; H. Beaudoing; J. Nigro
exclude,0.023,Contemporary estimates of Pan‐Arctic freshwater discharge from GRACE and reanalysis,,2007,10.1029/2007gl031254,74,T. Syed; J. Famiglietti; V. Zlotnicki; M. Rodell
exclude,0.023,Multi‐scale spatial correlation and scaling behavior of surface soil moisture,,2006,10.1029/2006gl025831,65,D. Ryu; J. Famiglietti
exclude,0.023,Estimation of the base flow recession constant under human interference,,2012,10.1002/wrcr.20532,64,B. Thomas; R. Vogel; C. Kroll; J. Famiglietti
exclude,0.023,Notable shifts beyond pre-industrial streamflow and soil moisture conditions transgress the planetary boundary for freshwater change,Nature Water,2024,10.1038/s44221-024-00208-7,62,M. Porkka; Vili Virkki; L. Wang‐Erlandsson; D. Gerten; T. Gleeson; C. Mohan; Ingo Fetzer; F. Jaramillo; A. Staal; S. T. te Wierik; Arne Tobian; R. J. van der Ent; P. Döll; M. Flörke; S. Gosling; N. Hanasaki; Yusuke Satoh; Hannes Müller Schmied; N. Wanders; J. Famiglietti; J. Rockström; M. Kummu
exclude,0.023,"Discovery, classification, and scientific exploration of transient events from the Catalina Real-time Transient Survey",,2011,,46,A. Mahabal; S. Djorgovski; S. Djorgovski; A. Drake; C. Donalek; M. Graham; Roy D. Williams; Y. Chen; B. Moghaddam; M. Turmon; E. Beshore; S. Larson
exclude,0.023,Water balance of the Arctic drainage system using GRACE gravimetry products,,2011,10.1080/01431160903474954,42,F. Frappart; G. Ramillien; J. Famiglietti
exclude,0.023,"Sustainable Groundwater Management in the Arid Southwestern US: Coachella Valley, California",Water resources management,2015,10.1007/s11269-015-1067-y,37,B. Thomas; J. Famiglietti
exclude,0.023,Recent changes in the snout position and surface velocity of Gangotri glacier observed from space,,2013,10.1080/01431161.2013.845923,37,Puneet Saraswat; T. Syed; J. Famiglietti; E. Fielding; R. Crippen; N. Gupta
exclude,0.023,SMARPs and SHARPs: Two Solar Cycles of Active Region Data,Astrophysical Journal Supplement Series,2021,10.3847/1538-4365/ac1f1d,36,M. Bobra; P. Wright; X. Sun 孙; M. Turmon
exclude,0.023,Rainfall interception by maize canopy: Development and application of a process-based model,,2013,10.1016/j.jhydrol.2013.03.019,31,R. Frasson; W. Krajewski
exclude,0.023,Feature selection strategies for classifying high dimensional astronomical data sets,BigData Congress [Services Society],2013,10.1109/bigdata.2013.6691731,26,C. Donalek; A. ArunKumar; S. Djorgovski; A. Mahabal; M. Graham; Thomas J. Fuchs; M. Turmon; N. S. Philip; M. T. Yang; G. Longo
exclude,0.023,Real-time data mining of massive data streams from synoptic sky surveys,Future generations computer systems,2016,10.1016/j.future.2015.10.013,21,S. Djorgovski; M. Graham; C. Donalek; A. Mahabal; A. Drake; M. Turmon; Thomas J. Fuchs
exclude,0.023,An Ensemble-Based Smoother with Retrospectively Updated Weights for Highly Nonlinear Systems,,2007,10.1175/mwr3353.1,21,T. M. Chin; M. Turmon; J. Jewell; M. Ghil
exclude,0.023,"A comparison of watershed storage trends over the eastern and upper Midwestern regions of the United States, 2003–2015",,2016,10.1002/2016wr018617,17,B. Thomas; F. Landerer; D. Wiese; J. Famiglietti
exclude,0.023,"Water Column Stability and the Role of Velocity Shear on a Seasonally Stratified Shelf, Mississippi Bight, Northern Gulf of Mexico",Journal of Geophysical Research - Oceans,2018,10.1029/2017jc013624,17,B. Dzwonkowski; S. Fournier; Kyeong Park; S. Dykstra; J. Reager
exclude,0.023,From coarse resolution to practical solution: GRACE as a science communication and policymaking tool for sustainable groundwater management,Journal of Hydrology,2023,10.1016/j.jhydrol.2023.129845,16,Li Xu; D. Ferris; Xander Huggins; Jefferson S. Wong; C. Mohan; S. Sadri; H. Chandanpurkar; P. Sanyal; J. Famiglietti
exclude,0.023,A Comparison of Feature Classification Methods for Modeling Solar Irradiance Variation,,2008,10.1007/s11207-007-9069-4,16,H. P. Jones; G. Chapman; K. Harvey; J. Pap; D. Preminger; M. Turmon; S. Walton
exclude,0.023,Observation‐Driven Estimation of the Spatial Variability of 20th Century Sea Level Rise,,2018,10.1002/2017jc013486,15,B. Hamlington; A. Burgos; P. Thompson; F. Landerer; C. Piecuch; S. Adhikari; L. Caron; J. Reager; E. Ivins
exclude,0.023,Regional groundwater storage changes in the Indian subcontinent: The role of anthropogenic activities,,2014,,13,S. Bhanja; A. Mukherjee; M. Rodell; I. Velicogna; K. Pangaluru; J. Famiglietti
exclude,0.023,Modeling forest carbon cycle response to tree mortality: Effects of plant functional type and disturbance intensity,,2015,10.1002/2015jg003035,12,R. Frasson; G. Bohrer; D. Medvigy; A. Matheny; T. Morin; C. Vogel; C. Gough; K. Maurer; P. Curtis
exclude,0.023,Real-Time Classification of Transient Events in Synoptic Sky Surveys,Proceedings of the International Astronomical Union,2011,10.1017/s1743921312001056,11,A. Mahabal; C. Donalek; S. Djorgovski; A. Drake; M. Graham; Roy D. Williams; Y. Chen; B. Moghaddam; M. Turmon
exclude,0.023,"Community Modeling in Hydrologic Science: Scoping Workshop on a Community Hydrologic Modeling Platform (CHyMP); Washington, D.C., 26–27 March 2008",,2008,10.1029/2008eo320005,9,J. Famiglietti; L. Murdoch; V. Lakshmi; R. Hooper
exclude,0.023,Automated Real-Time Classification and Decision Making in Massive Data Streams from Synoptic Sky Surveys,IEEE International Conference on e-Science,2014,10.1109/escience.2014.7,9,S. Djorgovski; A. Mahabal; C. Donalek; M. Graham; A. Drake; M. Turmon; Thomas J. Fuchs
exclude,0.023,Erratum to: Groundwater Storage Changes: Present Status from GRACE Observations,Surveys in geophysics,2016,10.1007/s10712-016-9370-6,7,Jianli Chen; J. Famiglietti; B. Scanlon; M. Rodell
exclude,0.023,Realizing the Potential of Satellite Gravimetry for Hydrology,,2010,10.1029/2010eo100008,5,M. Rodell; J. Famiglietti; B. Scanlon
exclude,0.023,Publisher Correction: Recent global decline in endorheic basin water storages,Nature Geoscience,2019,10.1038/s41561-019-0316-8,4,Jida Wang; Chunqiao Song; J. Reager; Fangfang Yao; J. Famiglietti; Y. Sheng; G. MacDonald; F. Brun; H. Schmied; R. Marston; Y. Wada
exclude,0.023,Using Baseflow to Constrain Water Table Depth Simulations in the NCAR Community Land Model (CLM),,2007,,4,M. Lo; P. Yeh; J. Famiglietti
exclude,0.023,Blame the river not the rain,Nature Geoscience,2023,10.1038/s41561-023-01163-w,4,C. David; R. Frasson
exclude,0.023,Toward comprehensive uncertainty predictions for remote imaging spectroscopy,Optical Engineering + Applications,2020,10.1117/12.2567732,3,D. Thompson; P. Brodrick; Niklas Bohn; A. Braverman; N. Carmon; D. Connelly; J. Fahlen; R. Green; R. Herman; J. Hobbs; Margaret Johnson; N. Mahowald; G. Okin; B. Poulter; S. Serbin; Alexey N. Shiklomonov; J. Susiluoto; M. Turmon
exclude,0.023,Uncertainty quantification for JPL retrievals,,2019,,3,M. Turmon; A. Braverman
exclude,0.023,Improved Uncertainty Quantification in Groundwater Flux Estimation Using GRACE,,2015,,2,J. Reager; P. Rao; J. Famiglietti; M. Turmon
exclude,0.023,Quantifying Water Stress Using Total Water Volumes and GRACE,,2011,,2,A. Richey; J. Famiglietti; R. Druffel-Rodriguez
exclude,0.023,Understanding the partitioning of rainfall by the maize canopy through computational modelling and physical measurements,,2011,10.17077/etd.o37is9xq,2,R. Frasson
exclude,0.023,Sample Size Requirements of Feedforward Neural Network Pattern Classifiers,Proceedings. IEEE International Symposium on Information Theory,1993,10.1109/isit.1993.748748,2,T. Fine; M. Turmon
exclude,0.023,Global estimates of submarine groundwater discharge reveal heightened threat of saltwater intrusion to mid-latitude aquifers,,2018,,1,YaoQuan Zhou; A. Sawyer; C. David; J. Famiglietti
exclude,0.023,ET-WB: water balance-based estimations of terrestrial evaporation 1 over global land and major global basins,,2023,,0,Jinghua Xiong; Abhishek; Li Xu; H. Chandanpurkar; J. Famiglietti; Chong; Zhang; G. Ghiggi; Shenglian Guo; Yun Pan; B. Vishwakarma
exclude,0.023,SET-STAT-MAP: Extending Parallel Sets for Visualizing Mixed Data,IEEE Pacific Visualization Symposium,2022,10.1109/pacificvis53943.2022.00024,0,Shisong Wang; Debajyoti Mondal; S. Sadri; C. Roy; J. Famiglietti; Kevin A. Schneider
exclude,0.023,Evident cooling effects of surface wetlands to mitigate climate change - a study of the Prairie Pothole Region,,2021,10.1002/essoar.10507347.2,0,Zhe Zhang; Fei Chen; Michael Barlage; L. Bortolotti; J. Famiglietti; Zhenhua Li; Xiao Ma; Yanping Li
exclude,0.023,A Stakeholder-Driven Land Data Assimilation System for Water Resources Applications in the Western United States,,2018,,0,J. Erlingis; M. Rodell; C. Peters-Lidard; Bailing Li; S. Kumar; D. Mocko; J. Famiglietti; P. W. Liu; S. Granger
exclude,0.023,Remote sensing based estimation of irrigation water usage: advances and challenges,,2018,,0,M. Rodell; Patricia M. Lawston; Sujay V. Kumar; J. Santanello; H. Beaudoing; Bailing Li; J. Famiglietti
exclude,0.023,Using NASA's GRACE and SMAP satellites to measure human impacts on the water cycle,,2017,,0,J. Reager; S. Castle; M. Turmon; J. Famiglietti; S. Fournier
exclude,0.023,Contribution of groundwater pumping to global sea level rise: regional pattern and temporal evolution,,2017,,0,P. Yeh; M. Lo; Y. Wada; Yanru Chen; Chong Zhang; R. Wu; J. Famiglietti
exclude,0.023,Contributions of groundwater pumping to global sea level rise: Continental-scale and interannual analysis,,2017,,0,P. Yeh; Y. Chen; M. Lo; Y. Wada; J. Famiglietti; J. Reager; C. Zhang; R. Wu
exclude,0.023,Remote Sensing of Water Resources During the California Drought,,2016,,0,C. David; J. Reager; N. Das; J. Famiglietti; T. Farr; T. Painter
exclude,0.023,A Hydrologically-based Method for Calculating Sustainable Yield under California's Sustainable Groundwater Management Act,,2016,,0,M. Miro; J. Famiglietti
exclude,0.023,Panel: Drought Impacts Water Supply,,2015,,0,J. Famiglietti
exclude,0.023,"Change in Total Water in California's Mountains and Groundwater in Central Valley During the 2011–2014 Drought From GPS, GRACE, and InSAR",,2014,,0,D. Argus; Yuning Fu; F. Landerer; T. Farr; M. Watkins; J. Famiglietti
exclude,0.023,Heavy Analysis and Light Virtualization of Water Use Data with Python,,2014,,0,H. Kim; N. Bijoor; J. Famiglietti
exclude,0.023,A multisector analysis of urban irrigation and water savings potential,,2014,,0,N. Bijoor; H. Kim; J. Famiglietti
exclude,0.023,Can Remote Sensing Detect Aquifer Characteristics?: A Case Study in the Guarani Aquifer System,,2013,,0,A. Richey; B. Thomas; J. Famiglietti
exclude,0.023,The Sensitivity of West African Squall Line Water Budgets to Land Cover,,2013,,0,K. Mohr; R. D. Baker; W. Tao; J. Famiglietti; D. Starr
exclude,0.023,Estimating a Global Hydrological Carrying Capacity Using GRACE Observed Water Stress,,2013,,0,K. An; J. Reager; J. Famiglietti
exclude,0.023,Groundwater Storage Monitoring From Space,,2013,10.1016/b978-0-12-409548-9.10361-6,0,Jianli Chen; C. Wilson; J. Famiglietti; B. Scanlon
exclude,0.023,THE CONTRIBUTION OF GROUNDWATER DEPLETION TO GLOBAL MEAN SEA LEVEL RISE,,2012,,0,J. Famiglietti
exclude,0.023,WATER CYCLE CHANGE AND THE HUMAN FINGERPRINT ON THE WATER LANDSCAPE OF THE 21 ST CENTURY: OBSERVATIONS FROM A DECADE OF GRACE,,2012,,0,J. Famiglietti
exclude,0.023,Boundary Condition Transfer from Global Atmospheric Model to Local Flood Inundation Model,,2012,,0,Hyungjun Kim; Byung-Hyun Kim; Z. Liu; Dai Yamazaki; B. Sanders; T. Oki; J. Famiglietti
exclude,0.023,"Outdoor residential water use trends in Orange County, California",,2012,,0,N. Bijoor; J. Famiglietti; J. Berg; M. Baum-Haley
exclude,0.023,Correlating total dissolved solid concentration changes with GRACE-based changes in water table depth,,2012,,0,A. Gibbons; J. Famiglietti; J. Reager
exclude,0.023,Integrating Data from GRACE and Other Observing Systems for Hydrological Research and Applications,,2011,,0,M. Rodell; J. Famiglietti; E. McWilliams; H. Beaudoing; Bailing Li; B. Zaitchik; R. Reichle; J. Bolten
exclude,0.023,A high-resolution hydrologic model of California,,2011,,0,J. Edman; M. Lo; H. Kim; J. Famiglietti
exclude,0.023,Title Application of multiscale water and energy balance models on a tallgrass prairie Permalink,,2007,,0,J. Famiglietti
exclude,0.023,GRACE Assessment of Hydrologic Contributions to Global Mean Sea Level Change,,2005,,0,R. Nerem; E. Leuliette; D. Chambers; J. Famiglietti
exclude,0.023,Title Response of the water balance to climate change in the United States over the 20 th and 21 st centuries : Results from the VEMAP Phase 2 model intercomparisons Permalink,,2004,,0,W. Gordon; J. Famiglietti
exclude,0.023,Multi-temporal AirSWOT elevations on the Willamette river: error characterization and algorithm testing,,2017,,0,S. Tuozzolo; R. Frasson; M. Durand
exclude,0.023,Modeling the impact of disturbances on the carbon cycle of a mixed-deciduous forest in the upper Midwest,,2013,,0,R. Frasson; G. Bohrer; D. Medvigy; V. Ivanov; C. Vogel; P. Curtis
exclude,0.023,Rainfall Interception by Corn Plants. First Part : Development of a Method to Quantify the Stemflow in Corn.,,2007,,0,R. Frasson; W. Krajewski
exclude,0.023,Does optimal estimation perform adequately for hyperspectral surface reflectance retrieval?,,2020,10.5194/egusphere-egu2020-11922,0,J. Susiluoto; M. Turmon; N. Carmon; D. Thompson
exclude,0.023,Updated Standard Evaluation of exoplanet Yield for the LUVOIR and HabEx Concept Studies,,2019,,0,R. Morgan; B. Mennesson; D. Savransky; E. Mamajek; S. Shaklan; K. Stapelfeldt; M. Turmon; Walker L. Dula
exclude,0.023,"Verification, Validation, and Uncertainty Quantification (VVUQ) for Global Imaging Spectroscopy",,2018,,0,D. Thompson; A. Braverman; K. Cawse-Nicholson; M. Gunson; R. Green; J. Hobbs; C. Miller; M. Turmon
exclude,0.023,ExEP yield modeling for HabEx with SAG-13 power law distribution,,2017,,0,R. Morgan; D. Savransky; C. Delacroix; M. Turmon; Walker L. Dula; R. Patel
exclude,0.023,Dawn: A Simulation Model for Evaluating Costs and Tradeoffs of Big Data Science Architectures,,2014,,0,L. Cinquini; Lee Kyo; D. Crichton; A. Braverman; T. Fuchs; A. Mahabal; M. Turmon
exclude,0.023,Application of Statistical Image Segmentation to Recognition of Solar Magnetic Network,,2007,,0,H. P. Jones; O. Malanushenko; J. Pap; M. Turmon
exclude,0.023,Ensemble Smoothing and Markov Chain Monte Carlo for Data Assimilation in Highly Nonlinear Systems,,2005,,0,M. Turmon; T. Chin; J. Jewell; M. Ghil
exclude,0.023,Phase Changes and State Estimation for Non-linear Systems,,2004,,0,T. Chin; J. Jewell; M. Turmon
exclude,0.023,MODELING SPATIAL DATA : CHALLENGES AND APPLICATIONS TO SOLAR IMAGERY,,2002,,0,M. Turmon
exclude,0.023,A Language for Probabilistic Modeling of Scientific Data,,2000,,0,M. Turmon; E. Mjolsness; V. Gluzman; L. Ramsey
exclude,0.023,THE BIG SOAK: CHANGE IN WATER IN 2023 IN CALIFORNIA'S SIERRA NEVADA AND CENTRAL VALLEY,Geological Society of America Abstracts with Programs,2024,10.1130/abs/2024am-402809,0,D. Argus; H. Martens; A. Borsa; Matthew J. Swarr; D. Wiese; Nicholas Lau; Kevin M. Gaastra; M. Bonnema; Alam Sarfaraz; F. Landerer; J. Reager
exclude,0.023,ESTIMATING SALTWATER INTRUSION USING SPATIAL DATASETS AND ANALYTICAL APPROACHES,Geological Society of America Abstracts with Programs,2023,10.1130/abs/2023am-389067,0,Kyra Adams; B. Hamlington; Cédric H. David; J. Reager; Audrey H. Sawyer; B. Buzzanga
exclude,0.023,High-Tide Floods and Storm Surges During Atmospheric Rivers on High-Tide Floods and Storm Surges During Atmospheric Rivers on the US West Coast the US West Coast,,2022,,0,C. Piecuch; Sloan Coats; S. Dangendorf; F. Landerer; J. Reager; Philip R. Thompson; Thomas Wahl
exclude,0.023,GRACE-FO/ECOSTRESS synergies constrain fine-scale impacts on large-scale water balance,,2021,10.5281/zenodo.4710657,0,M. Pascolini‐Campbell; Joshua Fisher; J. Reager
exclude,0.023,Impact of Deforestation and Peatland Drainage on Borneo on Carbon and Water Resources using Remote Sensing Products,,2019,,0,A. Enriquez; J. Reager; V. Meyer; Jingjing Li
exclude,0.023,Satellite Observations of the Epic California Drought,,2014,,0,J. Famiglietti; B. Thomas; J. Reager; S. Castle; C. David; A. C. Thomas; K. Andreadis; D. Argus; A. Behrangi; T. Farr; J. Fisher; F. Landerer; M. Lo; N. Molotch; T. Painter; M. Rodell; D. Schimel; S. Swenson; M. Watkins
exclude,0.023,Effective global soil profile depth and water holding capacity inferred from GRACE time-variable gravity,,2014,,0,J. Reager
exclude,0.0,Emerging trends in global freshwater availability,Nature,2018,10.1038/s41586-018-0123-1,1740,M. Rodell; J. Famiglietti; J. Famiglietti; D. Wiese; J. Reager; H. Beaudoing; H. Beaudoing; F. Landerer; M. Lo
exclude,0.0,The global groundwater crisis,,2014,10.1038/nclimate2425,1630,J. Famiglietti
exclude,0.0,Contributions of GRACE to understanding climate change,Nature Climate Change,2019,10.1038/s41558-019-0456-2,890,B. Tapley; M. Watkins; F. Flechtner; C. Reigber; S. Bettadpur; M. Rodell; I. Sasgen; J. Famiglietti; F. Landerer; D. Chambers; J. Reager; A. Gardner; H. Save; E. Ivins; S. Swenson; C. Boening; C. Dahle; D. Wiese; H. Dobslaw; M. Tamisiea; I. Velicogna
exclude,0.0,Hyper‐resolution global hydrological modelling: what is next?,,2015,10.1002/hyp.10391,375,M. Bierkens; V. Bell; P. Burek; N. Chaney; L. Condon; C. David; A. Roo; P. Döll; N. Drost; J. Famiglietti; M. Flörke; D. Gochis; P. Houser; R. Hut; J. Keune; S. Kollet; R. Maxwell; J. Reager; L. Samaniego; E. Sudicky; E. Sutanudjaja; N. Giesen; H. Winsemius; E. Wood
exclude,0.0,State of the Climate in 2015: Asia,,2016,,243,Arlene P. Aaron-Morrison; S. Ackerman; N. Adams; R. Adler; A. Albanil; E. Alfaro; R. Allan; L. Alves; J. Amador; L. Andreassen; A. Arendt; J. Arevalo; D. Arndt; N. Arzhanova; M. Aschan; C. Azorín-Molina; V. Banzon; M. Bardin; J. Barichivich; M. Baringer; S. Barreira; S. Baxter; Juan Bazo; A. Becker; K. Bedka; M. Behrenfeld; G. Bell; M. Belmont; A. Benedetti; G. Bernhard; P. Berrisford; D. Berry; M. Bettolli; U. Bhatt; M. Bidegain; B. Bill; S. Billheimer; P. Bissolli; E. Blake; J. Blunden; M. Bosilovich; O. Boucher; Dagne Boudet; J. Box; T. Boyer; G. Braathen; D. Bromwich; Ross D. Brown; O. Bulygina; D. Burgess; B. Calderón; S. Camargo; Jayaka Campbell; J. Cappelen; G. Carrasco; B. Carter; D. Chambers; Elise Chandler; H. Christiansen; J. Christy; Daniel Chung; E. Chung; K. Cinque; K. Clem; Caio A. S. Coelho; J. Cogley; M. Coldewey‐Egbers; S. Colwell; O. Cooper; L. Copland; C. Cosca; J. Cross; M. Crotwell; Jake Crouch; S. Davis; E. Eyto; R. Jeu; J. Laat; C. DeGasperi; D. Degenstein; M. Demircan; C. Derksen; Dale C. S. Destin; L. Girolamo; F. D. Giuseppe; H. Diamond; E. Dlugokencky; K. Dohan; M. Dokulil; A. Dolgov; A. Dolman; C. Domingues; M. Donat; S. Dong; W. Dorigo; Q. Dortch; G. Doucette; D. Drozdov; H. Ducklow; R. Dunn; A. Durán‐Quesada; G. Dutton; A. Ebrahim; M. Elkharrim; J. Elkins; J. Espinoza; Sheryl Etienne-Leblanc; T. E. Evans; J. Famiglietti; S. Farrell; S. Fateh; R. Fausto; Nava Fedaeff; R. Feely; Z. Feng; Chris Fenimore; X. Fettweis; V. Fioletov; J. Flemming; C. Fogarty; R. Fogt; C. Folland; C. Fonseca; M. Fossheim; M. Foster; A. Fountain; S. D. Francis; B. Franz; R. Frey; S. Frith; L. Froidevaux; C. Ganter; S. Garzoli; S. Gerland; N. Gobron; Stanley B. Goldenberg; R. Gomez; G. Goñi; A. Goto; J. Grooß; A. Gruber; C. ‘. Guard; M. Gugliemin; S. Gupta; J. Gutiérrez; S. Hagos; S. Hahn; L. Haimberger; J. Hakkarainen; B. Hall; M. Halpert; B. Hamlington; Edward Hanna; K. Hansen; I. Hanssen‐Bauer; I. Harris; A. Heidinger; A. Heikkilä; A. Heil; R. Heim; S. Hendricks; Marieta Hernández; H. Hidalgo; K. Hilburn; S. Ho; R. Holmes; Zeng‐Zhen Hu; Boyin Huang; Hannah K. Huelsing; G. Huffman; C. Hughes; D. Hurst; I. Ialongo; J. A. Ijampy; R. Ingvaldsen; A. Inness; K. Isaksen; M. Ishii; S. Jevrejeva; C. Jimenez; Xiangze Jin; E. Johannesen; V. John; B. Johnsen; B. Johnson; G. Johnson; P. Jones; Annie C. Joseph; G. Jumaux; K. Kabidi; J. Kaiser; S. Kato; A. Kazemi; L. Keller; Mike Kendon; J. Kennedy; Kenneth Kerr; A. Kholodov; Mahbobeh Khoshkam; R. Killick; Hyungjun Kim; S. J. Kim; T. Kimberlain; P. Klotzbach; J. Knaff; Shinya Kobayashi; J. Kohler; Johanna Korhonen; N. Korshunova; K. Kovacs; N. Kramarova; D. Kratz; A. Kruger; M. Kruk; R. Kudela; Arun Kumar; M. Lakatos; K. Lakkala; M. Lander; C. Landsea; M. Lankhorst; K. Lantz; M. Lazzara; P. Lemons; E. Leuliette; M. L’Heureux; J. Lieser; I. Lin; Hongxing Liu; Yinghui Liu; R. Locarnini; N. Loeb; C. Monaco; C. Long; L. A. Álvarez; A. Lorrey; D. Loyola; R. Lumpkin; Jing‐Jia Luo; K. Luojus; C. Lydersen; J. Lyman; S. Maberly; B. Maddux; A. Ramos; G. Malkova; G. Manney; V. Marcellin; S. Marchenko; J. Marengo; J. Marra; W. Marszelewski; B. Martens; Rodney Martínez-Güingla; R. Massom; M. Mata; J. Mathis; L. May; M. Mayer; M. Mazloff; C. McBride; M. Mccabe; M. McCarthy; J. Mcclelland; S. McGree; T. McVicar; C. Mears; W. Meier; C. Meinen; Ademe Mekonnen; M. Menéndez; G. M. Tsidu; W. Menzel; C. Merchant; M. Meredith; M. Merrifield; N. Metzl; P. Minnis; D. Miralles; T. Mistelbauer; G. Mitchum; D. Monselesan; P. Monteiro; S. Montzka; C. Morice; T. Mote; L. Mudryk; J. Mühle; A. Mullan; E. Nash; A. Naveira‐Garabato; R. Nerem; P. Newman; J. Nieto; J. Noetzli; S. O’Neel; T. Osborn; J. Overland; Lamjav Oyunjargal; R. Parinussa; E. Park; D. Parker; M. Parrington; A. R. Parsons; Richard J. Pasch; Reynaldo Pascual-Ramírez; A. Paterson; C. Paulik; Petra R. Pearce; M. Pelto; Liang Peng; S. Perkins‐Kirkpatrick; D. Perovich; I. Petropavlovskikh; A. Pezza; D. Phillips; B. Pinty; M. Pitts; M. Pons; Avalon O. Porter; R. Primicerio; A. Proshutinsky; S. Quegan; J. Quintana; F. Rahimzadeh; M. Rajeevan; L. Randriamarolaza; V. Razuvaev; J. Reagan; P. Reid; C. Reimer; S. Rémy; J. Renwick; J. V. Revadekar; J. Richter-Menge; M. Riffler; A. Rimmer; S. Rintoul; D. Robinson; M. Rodell; José Solis; V. Romanovsky; J. Ronchail; K. Rosenlof; C. Roth; J. Rusak; C. Sabine; J. Sallée; A. Sánchez-Lugo; M. Santee; P. Sawaengphokhai; A. Sayouri; T. Scambos; J. Schemm; S. Schladow; C. Schmid; M. Schmid; S. Schmidtko; C. Schreck; H. Selkirk; U. Send; S. Sensoy; A. Setzer; M. Sharp; Adrian Shaw; Lei Shi; A. Shiklomanov; N. Shiklomanov; D. Siegel; S. Signorini; F. Sima; A. Simmons; C. Smeets; Sharon L. Smith; Jaqueline Spence; A. Srivastava; P. Stackhouse; S. Stammerjohn; W. Steinbrecht; J. Stella; M. Stengel; Roxann K Stennett-Brown; Tannecia S. Stephenson; S. Strahan; D. Streletskiy; S. Sun-Mack; S. Swart; W. Sweet; L. Talley; Gerard Tamar; S. Tank; Michael A. P. Taylor; M. Tedesco; Katrin Teubner; R. Thoman; P. Thompson; L. Thomson; M. Timmermans; M. Timofeev; Joaquin A. Tirnanes; S. Tobin; K. Trachte; V. Trainer; M. Tretiakov; B. Trewin; Adrian R Trotman; M. Tschudi; D. As; R. Wal; J. A. Der; R. V. D. Schalie; G. Schrier; G. Werf; C. V. Meerbeeck; I. Velicogna; P. Verburg; B. Vigneswaran; L. Vincent; D. Volkov; R. Vose; W. Wagner; A. Wåhlin; J. Wahr; J. Walsh; Chunzai Wang; Junhong Wang; Lei Wang; M. Wang; Sheng‐Hung Wang; R. Wanninkhof; Shohei Watanabe; M. Weber; R. Weller; G. Weyhenmeyer; R. Whitewood; S. Wijffels; A. C. Wilber; J. Wild; K. Willett; M. Williams; S. Willie; G. Wolken; T. Wong; E. Wood; R. Woolway; B. Wouters; Y. Xue; R. Yamada; S. Yim; Xungang Yin; S. H. Young; Lisan Yu; H. Zahid; Eduardo Zambrano; Peiqun Zhang; Guanguo Zhao; Lin Zhou; J. Ziemke; S. Love-Brotak; Kristin Gilbert; T. Maycock; S. Osborne; M. Sprain; S. Veasey; B. J. Ambrose; J. Griffin; D. Misch; Deborah B. Riddle; T. Young
exclude,0.0,Field observations of soil moisture variability across scales,,2008,10.1029/2006wr005804,196,J. Famiglietti; Dongryeol Ryu; Aaron A. Berg; M. Rodell; Thomas J. Jackson
exclude,0.0,The Observed State of the Energy Budget in the Early Twenty-First Century,,2015,10.1175/jcli-d-14-00556.1,172,T. L’Ecuyer; H. Beaudoing; M. Rodell; W. Olson; B. Lin; S. Kato; C. Clayson; E. Wood; J. Sheffield; R. Adler; G. Huffman; M. Bosilovich; G. Gu; F. Robertson; P. Houser; D. Chambers; J. Famiglietti; E. Fetzer; W. Liu; Xiang Gao; C. Schlosser; E. Clark; D. Lettenmaier; K. Hilburn
exclude,0.0,STATE OF THE CLIMATE IN 2017,,2018,10.1175/2018bamsstateoftheclimate.1,161,R. Abernethy; S. Ackerman; R. Adler; Adelina Albanil Encarnación; Laura S. Aldeco; E. Alfaro; Vannia Aliaga-Nestares; R. Allan; R. Allan; L. Alves; J. Amador; John Anderson; L. Andreassen; A. Arguez; C. Armitage; D. Arndt; Grinia Ávalos; C. Azorín-Molina; J. Báez; M. Bardin; J. Barichivich; M. Baringer; S. Barreira; S. Baxter; H. Beck; Andreas Becker; K. Bedka; C. Behe; G. Bell; N. Bellouin; M. Belmont; A. Benedetti; G. Bernhard; P. Berrisford; D. Berry; U. Bhatt; P. Bissolli; J. Bjerke; E. Blake; S. Blenkinsop; J. Blunden; K. Bolmgren; M. Bosilovich; O. Boucher; Marilú Bouchón; J. Box; T. Boyer; G. Braathen; D. Bromwich; Ross D. Brown; S. Buehler; O. Bulygina; David Burgess; B. Calderón; S. Camargo; E. Campbell; Jayaka Campbell; J. Cappelen; L. Carrea; B. Carter; Ana Castro; D. Chambers; Lijing Cheng; H. Christiansen; J. Christy; E. Chung; K. Clem; Caio A. S. Coelho; M. Coldewey‐Egbers; S. Colwell; O. Cooper; L. Copland; Carol A. Costanza; C. Covey; L. Coy; T. Cronin; Jake Crouch; Luis Cruzado; Raychelle Daniel; S. Davis; S. Davletshin; E. Eyto; R. Jeu; J. Cour; J. Laat; C. Gasperi; D. Degenstein; P. Deline; M. Demircan; C. Derksen; B. Dewitte; R. Dhurmea; L. Girolamo; H. Diamond; C. Dickerson; E. Dlugokencky; K. Dohan; M. Dokulil; A. Dolman; C. Domingues; C. Domingues; R. Domingues; M. Donat; S. Dong; W. Dorigo; D. Drozdov; Robert Dunn; I. Durre; G. Dutton; C. M. Eakin; M. E. Kharrim; J. Elkins; H. Epstein; J. Espinoza; J. Famiglietti; J. Farmer; S. Farrell; P. Fauchald; R. Fausto; R. Feely; Zhiwei Feng; Chris Fenimore; X. Fettweis; V. Fioletov; J. Flemming; R. Fogt; C. Folland; C. Folland; C. Folland; B. Forbes; M. Foster; S. D. Francis; B. Franz; R. Frey; S. Frith; L. Froidevaux; C. Ganter; E. Geiger; S. Gerland; J. Gilson; N. Gobron; Stanley B. Goldenberg; A. Gomez; A. M. Gómez; Gustavo Goni; J. Grooß; A. Gruber; A. Gruber; C. Guard; Mario Gugliemin; S. Gupta; D. Gutiérrez; C. Haas; S. Hagos; S. Hahn; L. Haimberger; B. Hall; M. Halpert; B. Hamlington; Edward Hanna; K. Hansen; L. Hanssen-Bauer; I. Harris; G. Hartfield; A. Heidinger; R. Heim; S. Helfrich; D. Hemming; D. Hemming; S. Hendricks; Rafael Hernández; Sosa Hernández; S. Heron; C. Heuzé; H. Hidalgo; H. Hidalgo; S. Ho; W. Hobbs; Tim Horstkotte; Boyin Huang; Daan Hubert; Céline Hueuzé; D. Hurst; I. Ialongo; M. M. Ibrahim; J. A. Ijampy; A. Inness; Victor Isaac; K. Isaksen; M. Ishii; S. Jacobs; M. Jeffries; S. Jevrejeva; C. Jimenez; Xiangze Jin; V. John; V. John; W. Johns; B. Johnsen; B. Johnson; G. Johnson; K. Johnson; Philip Jones; G. Jumaux; K. Kabidi; J. Kaiser; E. Karaköylü; E. Karaköylü; S. Kato; A. Kazemi; L. Keller; J. Kennedy; Kenneth Kerr; M. S. Khan; A. Kholodov; Mahbobeh Khoshkam; R. Killick; Hyungjun Kim; S. J. Kim; P. Klotzbach; J. Knaff; J. Kohler; Johanna Korhonen; N. Korshunova; N. Kramarova; D. Kratz; A. Kruger; M. Kruk; T. Krumpen; C. Ladd; M. Lakatos; K. Lakkala; M. Lander; P. Landschützer; C. Landsea; M. Lankhorst; W. Lavado‐Casimiro; M. Lazzara; M. Lazzara; S. Lee; T. C. Lee; E. Leuliette; M. L’Heureux; Tim Li; J. Lieser; I. Lin; C. Mears; Gang Liu; Bailing Li; Bailing Li; Hongxing Liu; R. Locarnini; N. Loeb; C. Long; L. A. López; A. Lorrey; D. Loyola; R. Lumpkin; Jing‐Jia Luo; K. Luojus; S. Luthcke; M. Macias‐Fauria; G. Malkova; G. Manney; V. Marcellin; S. S. Marchenko; J. Marengo; D. Marín; J. Marra; W. Marszelewski; B. Martens; Andrew J. Martin; Alejandra Martínez; Rodney Martínez-Güingla; Odalys Martínez-Sánchez; B. Marsh; J. Lyman; J. Lyman; R. Massom; L. May; M. Mayer; M. Mayer; M. Mazloff; C. McBride; M. Mccabe; M. McCarthy; W. Meier; A. Meijers; Ademe Mekonnen; G. M. Tsidu; G. M. Tsidu; W. Menzel; C. Merchant; M. Meredith; M. Merrifield; Bennett Miller; D. Miralles; G. Mitchum; Sukarni Mitro; B. Moat; Y. Mochizuki; D. Monselesan; S. Montzka; N. Mora; C. Morice; K. Mosquera-Vásquez; A. E. Mostafa; T. Mote; L. Mudryk; J. Mühle; A. Mullan; R. Müller; R. Myneni; E. Nash; R. S. Nerem; Louise Newman; P. Newman; J. Nielsen‐Gammon; J. Nieto; J. Noetzli; B. Noll; S. O’Neel; T. Osborn; E. Osborne; J. Overland; Lamjav Oyunjargal; T. Park; Richard J. Pasch; Reynaldo Pascual-Ramírez; M. A. Saavedra; A. Paterson; C. Paulik; Petra R. Pearce; A. Peltier; M. Pelto; Liang Peng; S. Perkins‐Kirkpatrick; D. Perovich; I. Petropavlovskikh; A. Pezza; C. Phillips; D. Phillips; G. Phoenix; B. Pinty; J. Pinzón; S. Po‐Chedley; C. Polashenski; S. Purkey; Nelson Quispe; M. Rajeevan; C. L. Rakotoarimalala; D. Rayner; M. Raynolds; J. Reagan; J. Reagan; P. Reid; C. Reimer; S. Rémy; J. V. Revadekar; A. Richardson; J. Richter-Menge; R. Ricker; A. Rimmer; D. A. Robinson; M. Rodell; Ernesto Rodríguez Camino; V. Romanovsky; J. Ronchail; K. Rosenlof; B. Rösner; C. Roth; D. Roth; J. Rusak; T. Rutishauser; J. Sallée; J. Sallée; A. Sánchez-Lugo; M. Santee; L. Sasgen; P. Sawaengphokhai; T. Sayad; A. Sayouri; T. Scambos; T. Scanlon; V. Schenzinger; S. Schladow; C. Schmid; M. Schmid; C. Schreck; H. Selkirk; U. Send; S. Sensoy; M. Sharp; Lei Shi; N. Shiklomanov; S. Shimaraeva; D. Siegel; E. Silow; F. Sima; A. Simmons; W. Skirving; D. Smeed; C. Smeets; Adam B. Smith; Sharon L. Smith; B. Soden; V. Sofieva; T. Sparks; J. Spence; Sandra Spillane; A. Srivastava; P. Stackhouse; S. Stammerjohn; D. Stanitski; W. Steinbrecht; J. Stella; M. Stengel; K. Stephenson; Tannecia S. Stephenson; S. Strahan; D. A. Streletskiy; A. Strong; Sunny Sunny; A. Sutton; S. Swart; S. Swart; W. Sweet; Ken Takahashi; Gerard Tamar; Michael A. P. Taylor; M. Tedesco; M. Tedesco; S. Thackeray; R. Thoman; P. Thompson; L. Thomson; T. Thorsteinsson; B. Timbal; M. Timmermans; M. Timofeyev; K. Tirak; S. Tobin; H. Togawa; H. Tømmervik; K. Tourpali; K. Trachte; B. Trewin; J. Triñanes; J. Triñanes; Adrian R Trotman; M. Tschudi; C. Tucker; M. Tye; D. As; R. Wal; J. Ronald; R. V. D. Schalie; G. Schrier; G. Werf; C. V. Meerbeeck; C. Velden; I. Velicogna; P. Verburg; H. Vickers; L. Vincent; H. Vömel; R. Vose; W. Wagner; D. Walker; J. E. Walsh; Bin Wang; Junhong Wang; Lei Wang; Muyin Wang; Ray H. J. Wang; Sheng‐Hung Wang; R. Wanninkhof; Shohei Watanabe; M. Weber; M. Webster; R. Weller; T. Westberry; G. Weyhenmeyer; R. Whitewood; M. Widlansky; D. Wiese; S. Wijffels; A. C. Wilber; J. Wild; K. Willett; J. Willis; G. Wolken; T. Wong; E. Wood; K. Wood; R. Woolway; B. Wouters; Y. Xue; Xungang Yin; H.I. Yoon
exclude,0.0,RETRACTED ARTICLE: A 10 per cent increase in global land evapotranspiration from 2003 to 2019,Nature,2021,10.1038/s41586-021-03503-5,142,M. Pascolini‐Campbell; J. Reager; H. Chandanpurkar; M. Rodell
exclude,0.0,Satellites provide the big picture,Science,2015,10.1126/science.aac9238,117,J. Famiglietti; J. Famiglietti; Anny Cazenave; Anny Cazenave; Annette Eicker; J. Reager; M. Rodell; I. Velicogna; I. Velicogna
exclude,0.0,Assessment of the Thies optical disdrometer performance,,2011,10.1016/j.atmosres.2011.02.014,110,R. Frasson; L. Cunha; W. Krajewski
exclude,0.0,Spatial sensitivity of the Gravity Recovery and Climate Experiment (GRACE) time‐variable gravity observations,,2005,10.1029/2004jb003536,104,Jianli Chen; C. Wilson; J. Famiglietti; M. Rodell
exclude,0.0,Species‐specific transpiration responses to intermediate disturbance in a northern hardwood forest,,2014,10.1002/2014jg002804,99,A. Matheny; G. Bohrer; C. Vogel; T. Morin; Lingli He; R. Frasson; G. Mirfenderesgi; K. Schäfer; C. Gough; V. Ivanov; P. Curtis
exclude,0.0,Regional Groundwater Evapotranspiration in Illinois,,2009,10.1175/2008jhm1018.1,98,P. Yeh; J. Famiglietti
exclude,0.0,Towards learned traversability for robot navigation: From underfoot to the far field,J. Field Robotics,2006,10.1002/rob.20168,82,A. Howard; M. Turmon; L. Matthies; Benyang Tang; A. Angelova; E. Mjolsness
exclude,0.0,Statistical Pattern Recognition for Labeling Solar Active Regions: Application to SOHO/MDI Imagery,,2002,10.1086/338681,80,M. Turmon; J. Pap; S. Mukhtar
exclude,0.0,Improving land‐surface model hydrology: Is an explicit aquifer model better than a deeper soil profile?,,2007,10.1029/2007gl029804,78,Lindsey E. Gulden; Enrique Rosero; Zong‐Liang Yang; M. Rodell; C. Jackson; G. Niu; P. Yeh; J. Famiglietti
exclude,0.0,Ground heat flux: An analytical review of 6 models evaluated at 88 sites and globally,,2016,10.1002/2016jg003591,77,A. Purdy; Joshua B. Fisher; M. Goulden; J. Famiglietti
exclude,0.0,A methodology for evaluating evapotranspiration estimates at the watershed-scale using GRACE,,2015,10.1016/j.jhydrol.2015.01.066,71,Mirza M. Billah; J. Goodall; U. Narayan; J. Reager; V. Lakshmi; J. Famiglietti; M. McCabe
exclude,0.0,Environmental drivers of methane fluxes from an urban temperate wetland park,,2014,10.1002/2014jg002750,70,T. Morin; Gil Bohrer; R. Frasson; L. Naor‐Azreli; S. Mesi; K. Stefanik; K. Schäfer
exclude,0.0,Autonomous off‐road navigation with end‐to‐end learning for the LAGR program,J. Field Robotics,2009,10.1002/rob.20269,68,M. Bajracharya; A. Howard; L. Matthies; Benyang Tang; M. Turmon
exclude,0.0,Objective hydrograph baseflow recession analysis,,2015,10.1016/j.jhydrol.2015.03.028,67,B. Thomas; R. Vogel; J. Famiglietti
exclude,0.0,Characterization of the drop-size distribution and velocity–diameter relation of the throughfall under the maize canopy,,2011,10.1016/j.agrformet.2011.05.001,62,R. Frasson; W. Krajewski
exclude,0.0,Coevolution of machine learning and process‐based modelling to revolutionize Earth and environmental sciences: A perspective,Hydrological Processes,2022,10.1002/hyp.14596,56,S. Razavi; D. Hannah; A. Elshorbagy; Kamalesh Kumar; L. Marshall; D. Solomatine; A. Dezfuli; M. Sadegh; J. Famiglietti
exclude,0.0,Statistical Feature Recognition for Multidimensional Solar Imagery,,2010,10.1007/s11207-009-9490-y,55,M. Turmon; H. P. Jones; O. Malanushenko; J. Pap
exclude,0.0,Using high resolution GPS tracking data of bird flight for meteorological observations,,2016,10.1175/bams-d-14-00234.1,54,Jelle Treep; G. Bohrer; J. Shamoun‐Baranes; O. Duriez; R. Frasson; W. Bouten
exclude,0.0,Three-dimensional digital model of a maize plant.,,2010,10.1016/j.agrformet.2010.01.003,54,R. Frasson; W. Krajewski
exclude,0.0,Using GRACE to constrain precipitation amount over cold mountainous basins,,2017,10.1002/2016gl071832,53,A. Behrangi; A. Gardner; J. Reager; J. Fisher
exclude,0.0,Terrestrial Water‐Storage Contributions to Sea‐Level Rise and Variability,,2010,10.1002/9781444323276.ch8,51,P. Milly; A. Cazenave; J. Famiglietti; V. Gornitz; K. Laval; D. Lettenmaier; D. Sahagian; J. Wahr; C. Wilson
exclude,0.0,Groundwater Variability Across Temporal and Spatial Scales in the Central and Northeastern U.S.,,2015,10.1016/j.jhydrol.2015.04.033,47,Bailing Li; M. Rodell; J. Famiglietti
exclude,0.0,SMAP observes flooding from land to sea: The Texas event of 2015,,2016,10.1002/2016gl070821,47,S. Fournier; J. Reager; Tong Lee; J. Vazquez-Cuervo; C. David; M. Gierach
exclude,0.0,Autonomous off-road navigation with end-to-end learning for the LAGR program,,2009,10.1002/rob.v26:1,44,M. Bajracharya; A. Howard; L. Matthies; Benyang Tang; M. Turmon
exclude,0.0,The physics of blue crab larval recruitment in Delaware Bay: A model study,,2005,10.1357/0022240053693699,42,C. Tilburg; J. Reager; M. Whitney
exclude,0.0,Disruption of hydroecological equilibrium in southwest Amazon mediated by drought,,2015,10.1002/2015gl065252,40,E. Maeda; Hyungjun Kim; L. Aragão; J. Famiglietti; T. Oki
exclude,0.0,Tests and Tolerances for High-Performance Software-Implemented Fault Detection,IEEE Trans. Computers,2003,10.1109/tc.2003.1197125,39,M. Turmon; R. Granat; D. Katz; J. Lou
exclude,0.0,Learning long-range terrain classification for autonomous navigation,IEEE International Conference on Robotics and Automation,2008,10.1109/robot.2008.4543828,38,M. Bajracharya; Benyang Tang; A. Howard; M. Turmon; L. Matthies
exclude,0.0,The Helioseismic and Magnetic Imager (HMI) Vector Magnetic Field Pipeline: Overview and Performance,Solar Physics,2014,10.1007/s11207-014-0516-8,37,J. Hoeksema; Yang Liu; Keiji Hayashi; Xudong Sun; J. Schou; S. Couvidat; A. Norton; M. Bobra; R. Centeno; K. Leka; G. Barnes; M. Turmon
exclude,0.0,Software-implemented fault detection for high-performance space applications,Proceeding International Conference on Dependable Systems and Networks. DSN 2000,2000,10.1109/icdsn.2000.857522,31,M. Turmon; R. Granat; D. Katz
exclude,0.0,Retraction Note: A 10 per cent increase in global land evapotranspiration from 2003 to 2019,Nature,2022,10.1038/s41586-022-04525-3,31,M. Pascolini‐Campbell; J. Reager; H. Chandanpurkar; M. Rodell
exclude,0.0,Shape from spectra,Remote Sensing of Environment,2023,10.1016/j.rse.2023.113497,25,N. Carmon; A. Berk; Niklas Bohn; P. Brodrick; J. Dozier; Margaret Johnson; C. Miller; D. Thompson; M. Turmon; C. Bachmann; R. Green; Regina F. Eckert; E. Liggett; Hai Nguyen; Francisco Ochoa; G. Okin; Rory Samuels; D. Schimel; Joon Jin Song; J. Susiluoto
exclude,0.0,Maximum-likelihood estimation of complex sinusoids and Toeplitz covariances,IEEE Transactions on Signal Processing,1994,10.1109/78.295210,24,M. Turmon; M. Miller
exclude,0.0,GRACE‐Based Estimates of Global Groundwater Depletion,,2016,10.1002/9781118971772.ch7,20,M. Lo; J. Famiglietti; J. Reager; M. Rodell; S. Swenson; Wen‐Ying Wu
exclude,0.0,Improving Understanding of the Global Hydrologic Cycle,,2013,10.1007/978-94-007-6692-1_6,20,P. Gleick; H. Cooley; J. Famiglietti; D. Lettenmaier; T. Oki; C. Vörösmarty; E. Wood
exclude,0.0,Learning for autonomous navigation : extrapolating from underfoot to the far field,,2005,,15,L. Matthies; M. Turmon; A. Howard; A. Angelova; Benyang Tang; E. Mjolsness; Jane Mulligan; G. Grudic
exclude,0.0,Sample Size Requirements for Feedforward Neural Networks,Neural Information Processing Systems,1994,,15,M. Turmon; T. Fine
exclude,0.0,Author Correction: Emerging trends in global freshwater availability,Nature,2019,10.1038/s41586-018-0831-6,14,M. Rodell; J. Famiglietti; J. Famiglietti; D. Wiese; J. Reager; H. Beaudoing; H. Beaudoing; F. Landerer; Min-Hui Lo
exclude,0.0,A Review of Geospatial Content in IEEE Visualization Publications,Visual ..,2020,10.1109/vis47514.2020.00017,14,Alexander Yoshizumi; Megan M. Coffer; Elyssa L. Collins; Mollie D. Gaines; Xiaojie Gao; K. Jones; I. McGregor; K. Mcquillan; Vinicius Perin; Laura M. Tomkins; Thomas J. Worm; Laura G. Tateosian
exclude,0.0,A Statistical Graphical Model of the California Reservoir System,,2017,10.1002/2017wr020412,14,Armeen Taeb; J. Reager; M. Turmon; Venkatesan Chandrasekaran
exclude,0.0,Total solar and spectral irradiance variations from solar cycles 21 to 23,,2002,10.1016/s0273-1177(02)00237-5,14,J. Pap; M. Turmon; L. Floyd; C. Fröhlich; C. Wehrli
exclude,0.0,Stereo-vision-based perception capabilities developed during the Robotics Collaborative Technology Alliances program,Defense + Commercial Sensing,2010,10.1117/12.852644,13,A. Rankin; M. Bajracharya; A. Huertas; A. Howard; B. Moghaddam; Shane Brennan; A. Ansar; Benyang Tang; M. Turmon; L. Matthies
exclude,0.0,Algorithm-based fault tolerance for spaceborne computing: basis and implementations,IEEE Aerospace Conference. Proceedings,2000,10.1109/aero.2000.878453,11,M. Turmon; R. Granat
exclude,0.0,Simulating and Detecting Radiation-Induced Errors for Onboard Machine Learning,2009 Third IEEE International Conference on Space Mission Challenges for Information Technology,2009,10.1109/smc-it.2009.22,10,R. Granat; K. Wagstaff; B. Bornstein; Benyang Tang; M. Turmon
exclude,0.0,Study of differences between sunspot area data determined from ground-based and space-borne observations,,2002,10.1016/j.asr.2004.02.009,10,L. Győri; T. Baranyi; M. Turmon; J. Pap
exclude,0.0,Mixing Bayesian Techniques for Effective Real-time Classification of Astronomical Transients,,2010,,9,A. Mahabal; S. Djorgovski; C. Donalek; A. Drake; M. Graham; Roy Williams; B. Moghaddam; M. Turmon
exclude,0.0,Century long observation constrained global dynamic downscaling and hydrologic implication,,2012,,8,H. Kim; K. Yoshimura; E. Chang; J. Famiglietti; T. Oki
exclude,0.0,Designing Hydrologic Observatories: A Paper Prototype of the Neuse Watershed - CUAHSI Technical Report Number 6,,2004,10.4211/techrpts.200412.tr6,8,K. Reckhow; L. Band; C. Duffy; J. Famiglietti; D. Genereux; J. Helly; R. Hooper; W. Krajewski; D. McKnight; F. Ogden; B. Scanlon; L. Shabman
exclude,0.0,Classification of Optical Transients: Experiences from PQ and CRTS Surveys,,2010,10.1051/eas/1045030,8,A. Mahabal; S. Djorgovski; C. Donalek; A. Drake; M. Graham; Roy Williams; B. Moghaddam; M. Turmon
exclude,0.0,Bayesian Inference for Identifying Solar Active Regions,Knowledge Discovery and Data Mining,1997,,8,M. Turmon; S. Mukhtar; J. Pap
exclude,0.0,The response of coastal stratocumulus clouds to agricultural irrigation in California,,2013,10.1002/jgrd.50516,7,M. Lo; Chien‐Ming Wu; Hsi‐Yen Ma; J. Famiglietti
exclude,0.0,Reply to comment by Sahoo et al. on “Quantifying renewable groundwater stress with GRACE”,,2016,10.1002/2015wr018329,6,A. Richey; B. Thomas; M. Lo; J. Reager; J. Famiglietti; K. Voss; S. Swenson; M. Rodell
exclude,0.0,GRACE storage-streamflow hystereses reveal the dynamics of regional watersheds,,2014,10.5194/hessd-11-12027-2014,6,E. Sproles; S. Leibowitz; J. Reager; P. J. Wigington; J. Famiglietti; S. Patil
exclude,0.0,Comparison of image-processing methods to extract solar features,,2002,,6,L. Győri; T. Baranyi; M. Turmon; J. Pap
exclude,0.0,A First Look at Magnetic Field Data Products from SDO/HMI,,2012,,5,Yang Liu; P. Scherrer; J. Hoeksema; J. Schou; T. Bai; J. Beck; M. Bobra; R. Bogart; R. Bush; S. Couvidat; K. Hayashi; A. Kosovichev; T. Larson; C. Rabello-Soares; Xudong Sun; R. Wachter; Junwei Zhao; Xuepu Zhao; T. Duvall; M. DeRosa; C. Schrijver; A. Title; R. Centeno; S. Tomczyk; J. Borrero; A. Norton; G. Barnes; A. Crouch; K. Leka; W. Abbett; G. Fisher; B. Welsch; K. Muglach; P. Schuck; T. Wiegelmann; M. Turmon; J. Linker; Z. Mikić; P. Riley; S. Wu
exclude,0.0,Assessing generalization of feedforward neural networks,Proceedings of 1995 IEEE International Symposium on Information Theory,1995,10.1109/isit.1995.531517,5,M. Turmon; Wallace Stevens
exclude,0.0,Groundwater Resources Assessment under the Pressures of Humanity and Climate Changes,,2008,,4,B. Bruce; D. Allen; H. Chaves; G. Grant; G. O. Essink; H. Kooi; I. White; J. Gurdak; J. Famiglietti; J. L. Martin-Bordes; K. Hiscock; M. Rodell; N. Kukurić; P. McMahon; R. Taylor; T. Green; Y. Yechieli
exclude,0.0,Representing Solar Active Regions with Triangulations,International Conference on Computational Statistics,1998,10.1007/978-3-662-01131-7_67,4,M. Turmon; S. Mukhtar
exclude,0.0,Segmenting Chromospheric Images with Markov Random Fields,,1997,10.1007/978-1-4612-1968-2_31,4,M. Turmon; J. Pap
exclude,0.0,Recognizing chromospheric objects via Markov chain Monte Carlo,Proceedings of International Conference on Image Processing,1997,10.1109/icip.1997.632105,4,M. Turmon; S. Mukhtar
exclude,0.0,A 10% increase in global land evapotranspiration from 2003 to 2019,,2021,10.5281/zenodo.4601596,4,M. Pascolini‐Campbell; J. Reager; H. Chandanpurkar; M. Rodell
exclude,0.0,The HyperHydro (H^2) experiment for comparing different large-scale models at various resolutions,,2015,,2,E. Sutanudjaja; J. Bosmans; N. Chaney; M. Clark; L. Condon; C. David; A. Roo; P. Döll; N. Drost; S. Eisner; J. Famiglietti; M. Floerke; J. M. Gilbert; D. Gochis; R. Hut; J. Keune; S. Kollet; R. Maxwell; M. Pan; O. Rakovec; J. Reager; L. Samaniego; H. Schmied; Tim Trautmann; L. V. Beek; N. Giesen; E. Wood; M. Bierkens; Rohini Kumar
exclude,0.0,Modification of the rainfall characteristics by the maize canopy,,2010,10.13031/2013.29803,2,R. Frasson; W. Krajewski
exclude,0.0,Tracked Active Region Patches for MDI and HMI,,2014,,2,M. Turmon; J. Hoeksema; M. Bobra
exclude,0.0,Improved Estimates of Spitzer Space Telescope Data Volumes with Error Bars,,2008,10.2514/6.2008-7696,2,M. Sarrel; M. Turmon
exclude,0.0,Automated recognition and characterization of solar active regions based on the SOHO/MDI images,,1997,,2,J. Pap; M. Turmon; S. Mukhtar; R. Bogart; R. Ulrich; C. Froehlich; C. Wehrli
exclude,0.0,Progress and future directions in constraining uncertainties in sea-level projections using observations,Nature Climate Change,2025,10.1038/s41558-025-02437-4,2,D. Felikson; D. Rounce; J. Fasullo; Angelica R. Rodriguez; S. Adhikari; B. Buzzanga; S. Dangendorf; R. Kopp; R. Lammers; J. Reager; D. Brinkerhoff; Beata M. Csatho; M. Girotto; B. Hamlington; E. Ivins; Praveen Kumar; E. Larour; R. Nerem; S. Nowicki; N. Schlegel; Jan‐Erik Tesdal; Matthew Weathers
exclude,0.0,AGU Advances Goes Online,AGU Advances,2019,10.1029/2019av000105,1,S. Trumbore; Ana P. Barros; E. Davidson; B. Ehlmann; J. Famiglietti; N. Gruber; M. Hudson; T. Illangasekare; Sarah M. Kang; T. Parsons; P. Rizzoli; V. Salters; B. Stevens; D. Wuebbles; P. Zeitler; T. Zhu
exclude,0.0,Penman-Monteith Evapotranspiration under Soil Moisture Limiting Conditions across California,,2014,,1,A. Purdy; J. Famiglietti
exclude,0.0,"Contributions of GRACE to Climate Monitoring [in ""State of the Climate in 2010""]",,2011,,1,J. Famiglietti; M. Rodell; D. Chambers; J. Wahr
exclude,0.0,Contributions of GRACE to Climate Monitoring,,2011,,1,M. Rodell; J. Famiglietti; D. Chambers; J. Wahr
exclude,0.0,Geophysical Research Letters: New policies and features for AGU's top-cited journal,,2007,10.1029/2007eo490001,1,J. Famiglietti
exclude,0.0,HARPs: Tracked Active Region Patch Data Product from SDO/HMI,,2012,,1,M. Turmon; J. Hoeksema; Xudong Sun; M. Bobra
exclude,0.0,SHARPs - A New Space Weather Data Product from SDO/HMI,,2011,,1,M. Bobra; J. Hoeksema; Xudong Sun; M. Turmon
exclude,0.0,Extending OSSE beyond numerical weather prediction to new areas in Earth observing science,IEEE Aerospace Conference,2009,10.1109/aero.2009.4839627,1,C. Norton; A. Eldering; M. Turmon; J. Parker
exclude,0.0,Learning for autonomous navigation,,2005,,1,A. Angelova; A. Howard; L. Matthies; Benyang Tang; M. Turmon; E. Mjolsness
exclude,0.0,Symmetric normal mixtures,,2004,,1,M. Turmon
exclude,0.0,Software Fault Tolerance for High-Performance Space Applications,,2000,,1,M. Turmon; R. Granat; D. Katz
exclude,0.0,"Global groundwater system archetypes identify predominant patterns in socioeconomic, ecological, and Earth system functions of groundwater",,2023,,0,Xander Huggins; T. Gleeson; K. Villholth; Juan C. Rocha; J. Famiglietti
exclude,0.0,Conceptualizing Cascading Effects of Resilience,,2020,,0,Li Xu; F. Mao; J. Famiglietti; J. Pomeroy; C. Pahl‐Wostl
exclude,0.0,Inferring human- and climate-driven changes in freshwater availability using remote sensing and data assimilation,,2018,,0,M. Rodell; J. Famiglietti; D. Wiese; J. Reager; H. Beaudoing; Bailing Li; J. Erlingis; S. Kumar; F. Landerer; M. Lo; C. Peters-Lidard
exclude,0.0,Laboratory Experiments to Unravel Inner Secrets of Continents,,2018,,0,T. Grove; J. Lunine; N. Fox; S. Rudlosky; D. Schertzer; P. Fox; J. Balbus; K. Hayhoe; R. Alley; J. Famiglietti; K. Larson; L. Kellogg; R. S. Stein; C. Corona; H. Steltzer; M. M. Haney; E. Valdéz-Ward; S. Saha; S. Som; T. C. Osborne
exclude,0.0,The contrasting impacts of climate change on groundwater hydrology in the world’s major aquifers,,2017,,0,M. Lo; Wen‐Ying Wu; Y. Wada; J. Famiglietti; J. Reager; P. Yeh; A. Ducharne; R. Wu
exclude,0.0,SMAP Soil Moisture Data To Improve Remotely Sensed Global Estimates of Evapotranspiration,,2016,,0,A. Purdy; J. Fisher; M. Goulden; J. Famiglietti
exclude,0.0,Large-Scale and Global Hydrology. Chapter 92,,2016,,0,M. Rodell; H. Beaudoing; R. Koster; C. Peters-Lidard; J. Famiglietti; V. Lakshmi
exclude,0.0,Title Disruption of hydroecological equilibrium in southwest Amazon mediated by drought Permalink,,2015,,0,E. Maeda; Hyungjun Kim; L. Aragão; J. Famiglietti; T. Oki
exclude,0.0,"Tracking Flooding, Drought, Fire and other Natural Hazards with GRACE",,2015,,0,J. Famiglietti
exclude,0.0,Identifying Groundwater Recharge in Arid Regions,,2015,,0,B. Thomas; J. Famiglietti
exclude,0.0,Application of Assimilated GRACE Data for Drought Monitoring,,2014,,0,M. Rodell; B. Li; H. Beaudoing; B. Zaitchik; J. Famiglietti
exclude,0.0,Accelerated Drying of the Mid-Latitudes from Groundwater Depletion,,2014,,0,J. Famiglietti
exclude,0.0,Evaluating glacier melt within a global climate model,,2013,,0,C. Lawrence; C. David; J. Reager; J. Famiglietti
exclude,0.0,State of the Climate in 2012 (SCI),,2013,,0,J. Blunden; D. Arndt; C. Achberger; S. Ackerman; A. Albanil; P. Alexander; E. Alfaro; R. Allan; L. Alves; J. Amador; P. Ambenje; S. Andrianjafinirina; J. Antonov; J. Aravéquia; A. Arendt; J. Arevalo; I. Ashik; Z. Atheru; V. Banzon; M. Baringer; S. Barreira; D. Barriopedro; G. Beard; A. Becker; M. Behrenfeld; G. Bell; A. Benedetti; G. Bernhard; P. Berrisford; D. Berry; U. Bhatt; M. Bidegain; N. Bindoff; P. Bissolli; E. Blake; R. Booneeady; M. Bosilovich; J. Box; T. Boyer; G. Braathen; D. Bromwich; Ross D. Brown; L. Brown; L. Bruhwiler; O. Bulygina; D. Burgess; J. Burrows; B. Calderón; S. Camargo; Jayaka Campbell; Y. Cao; J. Cappelen; G. Carrasco; D. Chambers; L. Chang’a; P. Chappell; W. Chehade; M. Cheliah; H. Christiansen; J. Christy; P. Ciais; C. A. Coelho; J. Cogley; S. Colwell; J. Cross; Jake Crouch; S. Cunningham; M. Dacic; R. Jeu; F. S. Dekaa; M. Demircan; C. Derksen; H. Diamond; E. Dlugokencky; K. Dohan; A. Dolman; C. Domingues; S. Dong; W. Dorigo; D. Drozdov; C. Duguay; R. Dunn; A. Durán‐Quesada; G. Dutton; C. Ehmann; J. Elkins; C. Euscátegui; J. Famiglietti; F. Fang; N. Fauchereau; R. Feely; B. Fekete; Chris Fenimore; V. Fioletov; C. Fogarty; R. Fogt; C. Folland; M. Foster; E. Frajka‐Williams; B. Franz; S. Frith; I. Frolov; C. Ganter; S. Garzoli; M. Geai; S. Gerland; W. Gitau; K. Gleason; N. Gobron; Stanley B. Goldenberg; G. Goñi; S. Good; J. Gottschalck; M. Gregg; G. Griffiths; J. Grooß; C. Guard; S. Gupta; B. Hall; M. Halpert; Y. Harada; C. Hauri; A. Heidinger; A. Heikkilä; R. Heim; P. Heimbach; H. Hidalgo; K. Hilburn; S. Ho; W. Hobbs; Holgate; A. Hovsepyan; Zeng‐Zhen Hu; P. Hughes; D. Hurst; R. Ingvaldsen; A. Inness; E. Jaimes; M. Jakobsson; A. James; M. Jeffries; W. Johns; B. Johnsen; G. Johnson; B. Johnson; L. Jones; G. Jumaux; K. Kabidi; J. Kaiser; A. Kamga; K. Kang; T. Kanzow; H. Kao; L. Keller; J. Kennedy; J. Key; S. Khatiwala; H. K. Pour; A. Kholodov; Mahbobeh Khoshkam; A. Kijazi; T. Kikuchi; B. M. Kim; S. J. Kim; T. Kimberlain; J. Knaff; N. Korshunova; T. Koskela; V. Kousky; N. Kramarova; D. Kratz; R. Krishfield; A. Kruger; M. Kruk; Arun Kumar; G. Lagerloef; K. Lakkala; M. Lander; C. Landsea; M. Lankhorst; T. Laurila; M. Lazzara; C. Lee; E. Leuliette; S. Levitus; M. L’Heureux; J. Lieser; Lin; Yinghui Liu; Y. Liu; Hongxing Liu; Y. Liu; R. Lobato-Sánchez; R. Locarnini; N. Loeb; H. Loeng; C. Long; A. Lorrey; P. Luhunga; R. Lumpkin; Jing‐Jia Luo; J. Lyman; A. Macdonald; B. Maddux; C. Malekela; G. Manney; S. Marchenko; J. Marengo; J. Marotzke; J. Marra; Rodney Martínez-Güingla; R. Massom; J. Mathis; C. McBride; G. McCarthy; T. McVicar; C. Mears; W. Meier; C. Meinen; M. Menéndez; M. Merrifield; E. Mitchard; G. Mitchum; S. Montzka; J. Morcrette; T. Mote; J. Mühle; B. Muhr; A. Mullan; R. Müller; E. Nash; R. Nerem; M. Newlin; P. Newman; H. Ng’ongolo; J. Nieto; S. Nishino; H. Nitsche; J. Noetzli; N. Oberman; A. Obregón; L. Ogallo; C. Oludhe; M. I. Omar; J. Overland; Lamjav Oyunjargal; R. Parinussa; G. Park; E. Park; D. Parker; Richard J. Pasch; Reynaldo Pascual-Ramírez; M. Pelto; O. Penalba; Liang Peng; D. Perovich; A. Pezza; D. Phillips; R. Pickart; B. Pinty; M. Pitts; S. Purkey; S. Quegan; J. Quintana; B. Rabe; F. Rahimzadeh; N. Raholijao; I. Raiva; M. Rajeevan; V. Ramiandrisoa; A. Ramos; S. Ranivoarissoa; N. Rayner; D. Rayner; V. N. Razuveav; J. Reagan; P. Reid; J. Renwick; J. Revedekar; J. Richter-Menge; I. Rivera; D. Robinson; M. Rodell; V. Romanovsky; J. Ronchail; K. Rosenlof; C. Sabine; M. A. Salvador; A. Sánchez-Lugo; M. Santee; I. Sasgen; P. Sawaengphokhai; A. Sayouri; T. Scambos; U. Schauer; J. Schemm; P. Schlosser; C. Schmid; C. Schreck; I. Semiletov; U. Send; S. Sensoy; A. Setzer; J. Severinghaus; N. Shakhova; M. Sharp; N. Shiklomanov; D. Siegel; V. B. S. Silva; F. D. Silva; F. Sima; P. Simeonov; I. Simmonds; A. Simmons; M. Skansi; D. Smeed; W. Smethie; Adam B. Smith; C. Smith; Sharon L. Smith; T. M. Smith; V. Sokolov; A. Srivastava; W. StackhouseP.; S. Stammerjohn; M. Steele; K. Steffen; W. Steinbrecht; Tannecia S. Stephenson; J. Su; T. Svendby; W. Sweet; T. Takahashi; R. Tanabe; Michael A. P. Taylor; M. Tedesco; W. Teng; J. Thepaut; W. Thiaw; R. Thoman; P. Thompson; P. Thorne; M. Timmermans; S. Tobin; J. Toole; B. Trewin; R. Trigo; Adrian R Trotman; M. Tschudi; R. Wal; G. Werf; R. Vautard; J. Vázquez; G. Vieira; L. Vincent; R. Vose; W. Wagner; J. Wahr; J. Walsh; Junhong Wang; Chunzai Wang; M. Wang; Sheng‐Hung Wang; Lei Wang; R. Wanninkhof; S. Weaver; M. Weber; P. J. Werdell; R. Whitewood; S. Wijffels; A. C. Wilber; J. Wild; K. Willett; W. Williams; J. Willis; G. Wolken; T. Wong; R. Woodgate; D. Worthy; B. Wouters; A. J. Wovrosh; Y. Xue; R. Yamada; Z. Yin; Lisan Yu; L. Y. Zhang; Peiqun Zhang; L. Zhao; J. Zhao; W. Zhong; J. Ziemke; S. Zimmermann
exclude,0.0,Hydromorphologic Recession Analysis: Accounting for Human Influences in Watershed Behaviors,,2013,,0,B. Thomas; J. Famiglietti
exclude,0.0,Producing an integrated climate-land-energy-water (CLEW) model for glaciated regions in the developing world,,2013,,0,E. Delman; B. Thomas; J. Famiglietti
exclude,0.0,Title The response of coastal stratocumulus clouds to agricultural irrigation in California Permalink,,2013,,0,M. Lo; Chien‐Ming Wu; Hsi‐Yen Ma; J. Famiglietti
exclude,0.0,Remotely-Sensed Estimates of Regional and Global Evaporation and Latent Heating,,2011,,0,J. Famiglietti; C. Clayson; E. Wood
exclude,0.0,Intercomparison of GRACE data releases from four current processing standards,,2009,,0,S. Castle; C. Linage; M. Lo; J. Reager; J. Famiglietti
exclude,0.0,UCI California Center for Antiviral Drug Discovery,,2009,,0,B. Sadoulet; S. Sastry; J. Wurtele; Gregory Clark; C. Delapena; James Bullock; J. Famiglietti; Stephen Ritchie
exclude,0.0,GRACE Applied to Terrestrial Hydrology,,2007,,0,M. Rodell; J. Famiglietti; B. Zaitchik; I. Velicogna
exclude,0.0,Estimating Seasonal to Interannual Groundwater Variability Using GRACE,,2006,,0,M. Rodell; J. Famiglietti; H. Kato; B. Zaitchik; Lindsey E. Gulden
exclude,0.0,Soil Moisture Variability at Aircraft- and Satellite-Footprint Scales,,2006,,0,D. Ryu; J. Famiglietti; A. Berg; M. Rodell; M. Cosh; R. Bindlish; T. Jackson
exclude,0.0,Estimating Regional Groundwater Variability in Oklahoma from a Combination of in situ and Remotely Sensed Observations,,2006,,0,S. Swenson; J. Basara; J. Wahr; J. Famiglietti
exclude,0.0,From the Section Head,,2005,,0,J. Famiglietti; G. Tabios
exclude,0.0,Floods in 2025,Nature Reviews Earth & Environment,2026,10.1038/s43017-026-00779-x,0,A. Getirana; Elyssa L. Collins; Enner H. Alcântara; G. Balsamo; P. Bates; Timothy Dube; J. Marengo; Taikan Oki; C. Wasko
exclude,0.0,THE BIVALVE GLYCYMERIS AMERICANA AS A RECORD OF SCLEROCHRONOLOGICAL AND ISOTOPIC TEMPERATURE DATA FROM THE CHARLESTON SEA (LATE PLIOCENE TO RECENT),,2018,10.1130/abs/2018am-322568,0,J. Hudley; Elyssa L. Collins
exclude,0.0,Peer review report 2 On “Throughfall kinetic energy in young subtropical forests: Investigation on tree species richness effects and spatial variability”,,2016,10.1016/j.agrformet.2016.01.058,0,R. Frasson
exclude,0.0,Application of a tree-level hydrodynamic model to simulate plot-level transpiration in the upland oak/pine forest in New Jersey,,2015,,0,G. Mirfenderesgi; G. Bohrer; A. Matheny; S. Fatichi; R. Frasson; K. Schäfer
exclude,0.0,Representing Sub-Plot Canopy Heterogeneity Improves Model Prediction of Net Ecosystem Exchange in a Mixed-Deciduous Forest,,2014,,0,R. Frasson; G. Bohrer; D. Medvigy; C. Vogel; C. Gough; P. Curtis
exclude,0.0,Three-Dimensional Digital Model of Maize Canopy,,2009,10.13031/2013.29105,0,R. Frasson; W. Krajewski
exclude,0.0,Constructing a 3-D model of corn to be used in hydrological studies,,2008,,0,R. Frasson; W. Krajewski
exclude,0.0,"Rainfall Measurement, Estimation, and Validation: A Practical Perspective",,2007,,0,W. Krajewski; G. Ciach; A. Kruger; L. Cunha; R. Frasson; P. Licznar
exclude,0.0,"Filling the gap: Estimation of soil composition using InSAR, groundwater depth, and precipitation data in California’s Central Valley",,2021,10.1002/essoar.10508595.1,0,Kyongsik Yun; Kyra H. Kim; A. Pradhan; J. Reager; Z. Liu; M. Turmon; Alexander Huyen; T. Lu; V. Chandrasekaran; A. Stuart
exclude,0.0,A common comparison of exoplanet yield for the LUVOIR and HabEx Concept Studies,,2020,,0,R. Morgan; D. Savransky; C. Stark; E. Nielsen; B. Mennesson; M. Turmon; Walker L. Dula; Gabriel J. Soto; D. Keithly; D. Sirbu; R. Belikov; P. Plavchan; Shannon D. Dulz; T. Robinson
exclude,0.0,総観天空調査からの大量のデータストリームの実時間データマイニング【Powered by NICT】,,2016,,0,S. Djorgovski; M. Graham; Ciro Donalek; Ashish Mahabal; A. J. Drake; M. Turmon; Thomas Fuchs
exclude,0.0,"A Disciplined Architectural Approach to Scaling Data Analysis for Massive, Scientific Data",,2014,,0,D. Crichton; A. Braverman; L. Cinquini; M. Turmon; Huikyo Lee; E. Law
exclude,0.0,TARPs: Tracked Active Region Patches from SoHO/MDI,,2013,,0,M. Turmon; J. Hoeksema; M. Bobra
exclude,0.0,SHARPs - A Near-Real-Time Space Weather Data Product from HMI,,2012,,0,M. Bobra; M. Turmon; Conrad Baldner; X. Sun; J. Hoeksema
exclude,0.0,Predicting Long-Range Traversability from Short-Range Stereo-Derived Geometry,,2010,,0,M. Turmon; Benyang Tang; A. Howard; Max Brjaracharya
exclude,0.0,Analysis of Ca II 8542 Å scanning spectroscopy for statistical feature recognition.,,2010,,0,O. Malanushenko; H. P. Jones; M. Turmon; J. Pap
exclude,0.0,Training Sets for Statistical Feature Recognition in Multidimensional Solar Imagery,,2009,,0,H. P. Jones; M. Turmon; O. Malanushenko; J. Pap
exclude,0.0,Comparison of Independent Feature Recognition Method for Time Series Analysis of Irradiance Variations Based on Statistical Feature Recognition,,2009,,0,J. Pap; L. Bertello; G. Chapman; L. Floyd; H. Jones; E. Malanushenko; D. Preminger; M. Turmon
exclude,0.0,Visualization Component of Vehicle Health Decision Support System,,2008,,0,Josephkutti Jacob; M. Turmon; T. Stough; H. Siegel; Patrick Walter; C. Kurt
exclude,0.0,The application of Gaussian Mixture and Histogram-based Bayesian methods to NSO/Kitt Peak VT data.,,2008,,0,O. Malanushenko; H. P. Jones; M. Turmon; J. Pap
exclude,0.0,Feature Classification of NSO/Kitt Peak Magnetograms,,2008,,0,O. Malanushenko; H. P. Jones; J. Pap; M. Turmon
exclude,0.0,Statistical Feature Recognition for Multidimensional NSO Imagery,,2007,,0,E. Malanushenko; H. P. Jones; J. Pap; M. Turmon
exclude,0.0,Bayesian Feature Recognition for Multidimensional NSO Imagery,,2006,,0,H. P. Jones; J. Pap; M. Turmon
exclude,0.0,Mixture models for labeling scientific imagery,,2001,,0,M. Turmon; K. Shelton; J. Pap
exclude,0.0,Effect of Magnetic Fields on Solar Irradiance Variations,,2001,,0,J. Pap; N. Arge; G. Chapman; L. Floyd; M. Turmon
exclude,0.0,Variations in total solar and spectral irradiance during solar cycle 23,,2001,,0,M. Turmon; J. Pap; L. Floyd; D. Judge; D. McMullin
exclude,0.0,Empirically Determining Point-Spread Functions,,2000,,0,M. Turmon
exclude,0.0,Bayesian Infernce for Indentifying Solar Active Regions,,1997,,0,J. Pap; M. Turmon; S. Mukhtar
exclude,0.0,Spectrum estimation via maximum likelihood estimation of Toeplitz constrained covariances,Fourth Annual ASSP Workshop on Spectrum Estimation and Modeling,1988,10.1109/spect.1988.206187,0,M. Miller; M. Turmon; J. O’Sullivan; D. Snyder
exclude,0.0,"Supplementary material to ""Lagged effects dominate the inter-annual variability of the 2010–2015 tropical carbon balance""",,2020,10.5194/bg-2019-459-supplement,0,A. A. Bloom; K. Bowman; Junjie Liu; A. Konings; J. Worden; N. Parazoo; V. Meyer; J. Reager; H. Worden; Zhe Jiang; G. R. Quetin; T. Smallman; J. Exbrayat; Yixiang Yin; S. Saatchi; Mat Williams; D. Schimel
exclude,0.0,GRACE/GRACE-FO Applications in Terrestrial Hydrology II Posters,,2019,,0,J. Reager; B. Scanlon; H. Save; B. Forman
exclude,0.0,Using a Climate-based Historical Reconstruction of GRACE Data to Separate Human- and Climate- driven Groundwater Trends,,2019,,0,H. Chandanpurkar; J. Reager; B. Hamlington
exclude,0.0,Toward a Unified Theory for 20th Century Secular Polar Motion,,2018,,0,E. Ivins; S. Adhikari; L. Caron; B. Steinberger; J. Reager; K. Kjeldsen; B. Marzeion; E. Larour
exclude,0.0,Constraining precipitation amount and distribution over cold regions using GRACE,,2017,,0,A. Behrangi; J. Reager; A. Gardner; J. Fisher
exclude,0.0,Acknowledgement of Reviewers,Surveys in geophysics,2015,10.1007/s10712-015-9318-2,0,A. Abudeif; R. Allan; M. Ambaum; R. Barzaghi; L. Bengtsson; R. Bilham; F. Bleibinhaus; N. Bobrowski; A. Brzeziński; D. Burton; M. Buslov; M. Calaf; S. Carrière; P. Cervelli; D. Chambers; K. Chau; Yunfeng Chen; T. Christie; J. Church; G. Cogley; J. Cohen; C. Comina; S. Constable; F. Cotton; E. Kemp; J. Donges; C. Doussan; J. Dufresne; K. Eack; J. Ebbing; A. Eicker; M. Eliot; G. El‐Qady; A. Escalona; J. Fasullo; M. Fedi; K. Ford; E. Forootan; F. Frappart; A. García-Yeguas; H. Götze; R. Graversen; T. Gruber; P. Hejda; David Henderson; G. Hetényi; C. Hirt; F. Honary; P. Hrubcová; M. Huss; W. Ingram; R. Jiang; T. Kalscheuer; S. Kato; P. Khalid; O. Kisi; R. Knight; G. Kopp; S. Koszinski; D. Kramer; N. Krivova; A. Lacis; Xiaopeng Li; S. Lorentz; Jeffrey S. Love; B. Luke; S. Macmillan; J. Manninen; E. Mareev; J. Martí; E. Mazarico; A. Mazot; J. M. Miranda; W. Morris; J. Mound; V. Nykanen; L. O'Driscoll; A. Ollila; R. Ortiz; M. Owens; I. Panet; N. Pavlis; V. Pierrard; P. Piña-Varas; J. Reager; R. Reichle; J. Retterer; B. Rodriguez; K. Rypdal; Adam A. Scaife; E. Schrama; J. Selva; P. Smilde; David E. Smith; A. Stanton; H. Strangeways; A. Tassara; R. Tenzer; R. Tondi; M. Tourian; D. Tsoulis; J. Velímský; H. Vereecken; N. Voltattorni; Ruijia Wang; Daohong Wang; Wei Wei; E. Williams; R. Woods; P. Woodworth; B. Wouters; Yu-Ting Wu; Yi Xu; Chicheng Xu; T. Yoshino; Yuanyin Zhang; Henglei Zhang
exclude,0.0,2022 International Conference on Geosciences and Remote Sensing GeoRS 2022,,,,0,Dr. Komali Kantamaneni; Prof. Takaji Kokusho; Dr. Marchetti Dedalo; Dr. Ademila Omowumi; D. Zupan; D. Mart; Léon; D. M. Junaid; Dhaneshwari Sharma; Defang Lu; Debjyoti Das; D. Hassan; Dr. Sarit Agami; Matt Forir; Dr. Kele R. Firmiano; Dr. Soufiane Haddout; Dr. Chaouki Khalfi; Rini Asnida Abdullah; Radzuan Saari; U. Dayan; Miguel Cañedo-Argülles; C. Gutiérrez‐Cánovas; D. Macedo; M. S. Linares; N. Bonada; Marcos Callisto; M. Tarki; Riadh Ahmadi; L. Dassi; Sanae Berred; Tata Geopark Association; Morocco; D. Sharma; S. Patnaik; B. Biswal; J. Reager; Rabia Tabassum; Yingbo Shi; Lakshmi Kuruguntla; V. Dodda; K. Elumalai; Sanjay Kumar; Waqas Ahmad; M. J. Nasir; S. M. Bateni; J. Iqbal
exclude,0.0,"Supplementary material to ""Information content of soil hydrology in the Amazon as informed by
GRACE""",,,10.5194/hess-2021-104-supplement,0,E. Massoud; A. A. Bloom; M. Longo; J. Reager; P. Levine; J. Worden
